fecha,MXN_USD,CETES28,TIIE28,Bono10YMX,IPC,EWW,SP500,VIX,WTI,FEDRATE,EMBI,CDS5YMX,GT_dolar,GT_inflacion,scl_GT_dolar,scl_GT_inflacion,alt_CETES28,alt_Bono10YMX,alt_SP500
2010-01-01,NA,NA,NA,NA,NA,NA,NA,NA,NA,0.05,1.92055,NA,1,2,NA,0,NA,NA,NA
2010-01-02,NA,NA,NA,NA,NA,NA,NA,NA,NA,0.05,1.92055,NA,NA,NA,NA,0,NA,NA,NA
2010-01-03,NA,NA,NA,NA,NA,NA,NA,NA,NA,0.05,1.92055,NA,NA,NA,NA,0,NA,NA,NA
2010-01-04,12.9226,NA,4.91,NA,32758.529296875,51,NA,20.04,81.52,0.12,1.85236,126.38,NA,NA,NA,0,4.585,8.017,1132.989990234375
2010-01-05,12.8241,4.5,4.895,NA,32732.759765625,50.779998779296875,NA,19.35,81.74,0.12,1.85535,124.38,NA,NA,NA,0,4.51,7.95,1136.52001953125
2010-01-06,12.7489,NA,4.913,NA,32830.16015625,51.400001525878906,NA,19.16,83.12,0.12,1.83082,122.88,NA,NA,NA,0,4.51,7.94,1137.1400146484375
2010-01-07,12.7646,NA,4.925,NA,33064.5703125,51.47999954223633,NA,19.06,82.6,0.1,1.83374,123.88,NA,NA,NA,0,NA,7.956,1141.68994140625
2010-01-08,12.7243,NA,4.925,NA,32892.0390625,51.34000015258789,NA,18.13,82.74,0.11,1.80752,123.38,NA,NA,NA,0,NA,7.86,1144.97998046875
2010-01-09,NA,NA,NA,NA,NA,NA,NA,NA,NA,0.11,1.80752,NA,NA,NA,NA,36.904761904761905,NA,NA,NA
2010-01-10,NA,NA,NA,NA,NA,NA,NA,NA,NA,0.11,1.80752,NA,NA,NA,NA,0,NA,NA,NA
2010-01-11,12.6692,NA,4.93,NA,32935.37890625,51.31999969482422,NA,17.55,82.54,0.11,1.8384,120.88,NA,NA,NA,0,NA,7.84,1146.97998046875
2010-01-12,12.7291,4.5,4.92,NA,32792.66015625,50.75,NA,18.25,80.79,0.11,1.88681,124.88,NA,NA,NA,0,NA,7.82,1136.219970703125
2010-01-13,12.7698,NA,4.9125,NA,32836.078125,51.099998474121094,NA,17.85,79.66,0.11,1.8707,125.38,NA,NA,NA,0,NA,7.83,1145.6800537109375
2010-01-14,12.7364,NA,4.915,NA,32729.580078125,51.04999923706055,NA,17.63,79.35,0.11,1.94457,128.88,NA,NA,NA,0,4.51,7.8,1148.4599609375
2010-01-15,12.6884,NA,4.91,NA,32262.30078125,50.09000015258789,NA,17.91,77.96,0.12,2.01639,132.88,NA,NA,NA,0,4.5,7.77,1136.030029296875
2010-01-16,NA,NA,NA,NA,NA,NA,NA,NA,NA,0.12,2.01639,NA,NA,NA,NA,0,NA,NA,NA
2010-01-17,NA,NA,NA,NA,NA,NA,NA,NA,NA,0.12,2.01639,NA,NA,NA,NA,0,NA,NA,NA
2010-01-18,12.6664,NA,4.895,NA,32482.73046875,NA,NA,NA,NA,0.12,2.01639,131.77,NA,NA,NA,0,4.51,7.75,NA
2010-01-19,12.6478,4.49,4.88,NA,32473.05078125,50.88999938964844,NA,17.58,78.98,0.13,1.98288,130.38,NA,NA,NA,0,4.5,7.77,1150.22998046875
2010-01-20,12.7388,NA,4.915,NA,32025.33984375,49.5,NA,18.68,77.42,0.13,2.01475,134.38,NA,NA,NA,0,4.5,7.8,1138.0400390625
2010-01-21,12.772,NA,4.91,NA,31205.30078125,47.75,NA,22.27,75.84,0.12,2.06251,139.38,NA,NA,NA,0,4.5,7.85,1116.47998046875
2010-01-22,12.9412,NA,4.885,NA,30830.91015625,47.279998779296875,NA,27.31,74.25,0.11,2.06475,143.38,NA,NA,NA,0,4.52,7.83,1091.760009765625
2010-01-23,NA,NA,NA,NA,NA,NA,NA,NA,NA,0.11,2.06475,NA,NA,NA,NA,0,NA,NA,NA
2010-01-24,NA,NA,NA,NA,NA,NA,NA,NA,NA,0.11,2.06475,NA,NA,NA,NA,0,NA,NA,NA
2010-01-25,12.9018,NA,4.915,NA,30465.060546875,46.900001525878906,NA,25.41,74.9,0.12,1.9819,141.38,NA,NA,NA,0,4.59,7.814,1096.780029296875
2010-01-26,12.8549,4.48,4.9005,NA,30651.560546875,47.31999969482422,NA,24.55,74.67,0.12,2.01463,144.38,NA,NA,NA,0,4.49,7.76,1092.1700439453125
2010-01-27,12.9295,NA,4.9165,NA,30610.830078125,46.86000061035156,NA,23.14,73.64,0.12,2.02145,146.89,NA,NA,NA,25.095238095238095,4.5,7.76,1097.5
2010-01-28,12.9975,NA,4.905,NA,30811.349609375,46.70000076293945,NA,23.73,73.62,0.12,2.14135,151.39,NA,NA,NA,0,4.49,7.808,1084.530029296875
2010-01-29,13.0098,NA,4.87,NA,30391.609375,46,NA,24.62,72.85,0.12,2.1443,149.89,NA,NA,NA,0,4.5,7.76,1073.8699951171875
2010-01-30,NA,NA,NA,NA,NA,NA,NA,NA,NA,0.12,2.1443,NA,NA,NA,NA,0,NA,NA,NA
2010-01-31,NA,NA,NA,NA,NA,NA,NA,NA,NA,0.12,2.1443,NA,NA,NA,NA,0,NA,NA,NA
2010-02-01,NA,NA,NA,7.66,NA,47.09000015258789,NA,22.59,74.41,0.14,2.09211,148.89,1,2,NA,0,NA,NA,1089.18994140625
2010-02-02,12.8699,4.47,4.8885,NA,30876.650390625,47.619998931884766,NA,21.48,77.21,0.14,2.0718,142.78,NA,NA,NA,0,4.48,7.73,1103.3199462890625
2010-02-03,12.9395,NA,4.865,NA,31287.0390625,47.779998779296875,NA,21.6,76.96,0.13,2.04499,144.89,NA,NA,NA,0,4.49,7.7,1097.280029296875
2010-02-04,13.0687,NA,4.8875,NA,30603.7109375,45.9900016784668,NA,26.08,73.13,0.14,2.16621,150.39,NA,NA,NA,0,4.49,7.7,1063.1099853515625
2010-02-05,13.1753,NA,4.8951,NA,30630.73046875,46.099998474121094,NA,26.11,71.15,0.13,2.23337,152.89,NA,NA,NA,0,4.48,7.73,1066.18994140625
2010-02-06,NA,NA,NA,NA,NA,NA,NA,NA,NA,0.13,2.23337,NA,NA,NA,NA,0,NA,NA,NA
2010-02-07,NA,NA,NA,NA,NA,NA,NA,NA,NA,0.13,2.23337,NA,NA,NA,NA,0,NA,NA,NA
2010-02-08,13.164,NA,4.865,NA,30649.439453125,45.849998474121094,NA,26.51,71.87,0.13,2.15706,156.89,NA,NA,NA,0,4.59,7.738,1056.739990234375
2010-02-09,13.0836,4.49,4.9,NA,30818.48046875,46.630001068115234,NA,26,73.71,0.13,2.11939,153.39,NA,NA,NA,0,4.5,7.67,1070.52001953125
2010-02-10,13.0601,NA,4.915,NA,30746.05078125,46.2599983215332,NA,25.4,74.48,0.12,2.01629,150.39,NA,NA,NA,0,4.49,7.66,1068.1300048828125
2010-02-11,13.0609,NA,4.885,NA,30845.630859375,47.209999084472656,NA,23.96,75.23,0.12,1.95275,140.39,NA,NA,NA,0,4.5,7.57,1078.469970703125
2010-02-12,12.9764,NA,4.9185,NA,31005.740234375,47.41999816894531,NA,22.73,74.11,0.12,2.03932,139.89,NA,NA,NA,0,4.5,7.59,1075.510009765625
2010-02-13,NA,NA,NA,NA,NA,NA,NA,NA,NA,0.12,2.03932,NA,NA,NA,NA,0,NA,NA,NA
2010-02-14,NA,NA,NA,NA,NA,NA,NA,NA,NA,0.12,2.03932,NA,NA,NA,NA,0,NA,NA,NA
2010-02-15,12.942,NA,4.935,NA,31038.3203125,NA,NA,NA,NA,0.12,2.03932,138.78,NA,NA,NA,0,4.5,7.55,NA
2010-02-16,12.8683,4.49,4.91,NA,31644.76953125,48.58000183105469,NA,22.25,76.98,0.13,2.05374,136.89,NA,NA,NA,0,4.5,7.55,1094.8699951171875
2010-02-17,12.8781,NA,4.9499,NA,31892.119140625,48.75,NA,21.72,77.27,0.12,1.97996,135.89,NA,NA,NA,0,4.56,7.55,1099.510009765625
2010-02-18,12.8442,NA,4.97,NA,32170.7890625,49.209999084472656,NA,20.63,78.97,0.12,1.95163,136.77,NA,NA,NA,0,4.49,7.54,1106.75
2010-02-19,12.8337,NA,4.965,NA,32172.109375,49.2599983215332,NA,20.02,79.77,0.13,1.94368,130.89,NA,NA,NA,16.258064516129032,4.55,7.59,1109.1700439453125
2010-02-20,NA,NA,NA,NA,NA,NA,NA,NA,NA,0.13,1.94368,NA,NA,NA,NA,0,NA,NA,NA
2010-02-21,NA,NA,NA,NA,NA,NA,NA,NA,NA,0.13,1.94368,NA,NA,NA,NA,0,NA,NA,NA
2010-02-22,12.8017,NA,4.96,NA,32034.33984375,49.02000045776367,NA,19.94,80.04,0.12,1.94659,127.39,NA,NA,NA,0,4.64,7.54,1108.010009765625
2010-02-23,12.8584,4.49,4.975,NA,31850.240234375,48.27000045776367,NA,21.37,78.61,0.12,2.04192,129.89,NA,NA,NA,0,4.5,7.55,1094.5999755859375
2010-02-24,12.8539,NA,4.955,NA,31788.5390625,48.630001068115234,NA,20.27,79.75,0.11,2.00742,129.39,NA,NA,NA,0,4.5,7.64,1105.239990234375
2010-02-25,12.8503,NA,4.92,NA,31649.099609375,48.63999938964844,NA,20.1,77.99,0.12,1.97508,131.78,NA,NA,NA,21.225806451612904,4.5,7.685,1102.93994140625
2010-02-26,12.7769,NA,4.93,NA,31634.5390625,48.63999938964844,NA,19.5,79.72,0.13,1.95862,126.89,NA,NA,NA,18.516129032258064,4.5,7.673,1104.489990234375
2010-02-27,NA,NA,NA,NA,NA,NA,NA,NA,NA,0.13,1.95862,NA,NA,NA,NA,0,NA,NA,NA
2010-02-28,NA,NA,NA,NA,NA,NA,NA,NA,NA,0.13,1.95862,NA,NA,NA,NA,0,NA,NA,NA
2010-03-01,12.7454,NA,4.92,NA,31765.140625,49.060001373291016,NA,19.26,78.71,0.14,1.88159,123.39,1,1,NA,0,4.52,7.92,1115.7099609375
2010-03-02,12.7259,4.49,4.92,NA,32055.0390625,49.4900016784668,NA,19.06,79.62,0.14,1.87124,122.39,NA,NA,NA,0,4.51,7.93,1118.31005859375
2010-03-03,12.69,NA,4.935,NA,32353.5390625,50.209999084472656,NA,18.83,80.91,0.15,1.89466,120.39,NA,NA,NA,0,4.51,7.649,1118.7900390625
2010-03-04,12.7182,NA,4.93,NA,32202,49.900001525878906,NA,18.72,80.21,0.16,1.90775,119.39,NA,NA,NA,0,4.5,NA,1122.969970703125
2010-03-05,12.6557,NA,4.915,NA,32436.529296875,50.63999938964844,NA,17.42,81.5,0.17,1.78615,115.89,NA,NA,NA,0,4.61,7.656,1138.699951171875
2010-03-06,NA,NA,NA,NA,NA,NA,NA,NA,NA,0.17,1.78615,NA,NA,NA,NA,0,NA,NA,NA
2010-03-07,NA,NA,NA,NA,NA,NA,NA,NA,NA,0.17,1.78615,NA,NA,NA,NA,0,NA,NA,NA
2010-03-08,12.6618,NA,4.92,NA,32520.26953125,50.560001373291016,NA,17.79,81.85,0.15,1.71632,111.39,NA,NA,NA,0,4.51,7.688,1138.5
2010-03-09,12.6574,4.41,4.915,NA,32514.169921875,50.849998474121094,NA,17.92,81.5,0.14,1.65854,110.89,NA,NA,NA,0,4.45,7.72,1140.449951171875
2010-03-10,12.6028,NA,4.905,NA,32505.759765625,50.9900016784668,NA,18.57,82.07,0.14,1.62787,107.39,NA,NA,NA,0,4.43,7.73,1145.6099853515625
2010-03-11,12.6192,NA,4.9,NA,32602.939453125,51.18000030517578,NA,18.06,82.1,0.15,1.62402,106.39,NA,NA,NA,0,4.42,7.72,1150.239990234375
2010-03-12,12.5527,NA,4.91,NA,32578.05078125,51.22999954223633,NA,17.58,81.26,0.17,1.666,106.89,NA,NA,NA,0,4.42,7.72,1149.989990234375
2010-03-13,NA,NA,NA,NA,NA,NA,NA,NA,NA,0.17,1.666,NA,NA,NA,NA,0,NA,NA,NA
2010-03-14,NA,NA,NA,NA,NA,NA,NA,NA,NA,0.17,1.666,NA,NA,NA,NA,0,NA,NA,NA
2010-03-15,NA,NA,NA,NA,NA,51.09000015258789,NA,18,79.79,0.2,1.67917,109.39,NA,NA,NA,0,NA,NA,1150.510009765625
2010-03-16,12.5254,4.43,4.92,NA,32723.900390625,51.54999923706055,NA,17.69,81.75,0.2,1.70107,106.89,NA,NA,NA,31,4.45,7.687,1159.4599609375
2010-03-17,12.4892,NA,4.92,NA,32798.30078125,52.119998931884766,NA,16.91,82.93,0.18,1.70046,103.89,NA,NA,NA,0,4.44,7.68,1166.2099609375
2010-03-18,12.4729,NA,4.93,NA,32969.828125,52.13999938964844,NA,16.62,82.16,0.18,1.71495,104.89,NA,NA,NA,0,4.45,7.68,1165.8299560546875
2010-03-19,12.5796,NA,4.91,NA,33022.83984375,51.88999938964844,NA,16.97,80.58,0.18,1.70979,108.39,NA,NA,NA,0,4.63,7.7,1159.9000244140625
2010-03-20,NA,NA,NA,NA,NA,NA,NA,NA,NA,0.18,1.70979,NA,NA,NA,NA,0,NA,NA,NA
2010-03-21,NA,NA,NA,NA,NA,NA,NA,NA,NA,0.18,1.70979,NA,NA,NA,NA,0,NA,NA,NA
2010-03-22,12.6052,NA,4.93,NA,33142.01953125,52.150001525878906,NA,16.87,81.26,0.18,1.69783,112.89,NA,NA,NA,0,4.615,7.71,1165.81005859375
2010-03-23,12.5284,4.46,4.945,NA,33361.26953125,52.790000915527344,NA,16.35,81.68,0.17,1.64549,112.39,NA,NA,NA,0,4.47,7.682,1174.1700439453125
2010-03-24,12.5381,NA,4.925,NA,33160.96875,52.02000045776367,NA,17.55,80.29,0.17,1.52695,112.89,NA,NA,NA,0,4.52,7.73,1167.719970703125
2010-03-25,12.5009,NA,4.95,NA,33164.328125,52.060001373291016,NA,18.4,80.25,0.17,1.50568,112.89,NA,NA,NA,0,4.45,7.76,1165.72998046875
2010-03-26,12.5426,NA,4.94,NA,33147.80859375,52.209999084472656,NA,17.77,79.75,0.17,1.57122,115.39,NA,NA,NA,0,4.44,7.72,1166.5899658203125
2010-03-27,NA,NA,NA,NA,NA,NA,NA,NA,NA,0.17,1.57122,NA,NA,NA,NA,0,NA,NA,NA
2010-03-28,NA,NA,NA,NA,NA,NA,NA,NA,NA,0.17,1.57122,NA,NA,NA,NA,0,NA,NA,NA
2010-03-29,12.464,4.45,4.925,NA,33416.1015625,53.060001373291016,NA,17.59,81.92,0.16,1.55578,116.89,NA,NA,NA,0,4.46,7.661,1173.219970703125
2010-03-30,12.4145,NA,4.915,NA,33399.4609375,53.290000915527344,NA,17.13,82.14,0.16,1.56279,116.39,NA,NA,NA,0,4.48,7.61,1173.27001953125
2010-03-31,12.3306,NA,4.9075,NA,33266.4296875,53.369998931884766,NA,17.59,83.45,0.09,1.58584,116.39,NA,NA,NA,0,4.5,7.57,1169.4300537109375
2010-04-01,NA,NA,NA,7.54,NA,53.900001525878906,NA,17.47,84.53,0.17,1.57416,112.89,1,2,NA,60,NA,NA,1178.0999755859375
2010-04-02,NA,NA,NA,NA,NA,NA,NA,NA,NA,0.2,1.57416,112.78,NA,NA,NA,0,NA,NA,NA
2010-04-03,NA,NA,NA,NA,NA,NA,NA,NA,NA,0.2,1.57416,NA,NA,NA,NA,0,NA,NA,NA
2010-04-04,NA,NA,NA,NA,NA,NA,NA,NA,NA,0.2,1.57416,NA,NA,NA,NA,0,NA,NA,NA
2010-04-05,12.2658,NA,4.895,NA,33648.890625,54.459999084472656,NA,17.02,86.36,0.2,1.44784,107.89,NA,NA,NA,0,4.5,7.55,1187.43994140625
2010-04-06,12.2454,4.43,4.925,NA,33801.2109375,54.790000915527344,NA,16.23,86.54,0.2,1.51592,108.89,NA,NA,NA,0,4.5,7.542,1189.43994140625
2010-04-07,12.2218,NA,4.91,NA,33632.3515625,54.11000061035156,NA,16.62,85.64,0.19,1.61337,110.88,NA,NA,NA,0,4.47,7.52,1182.449951171875
2010-04-08,12.2488,NA,4.9108,NA,33567.3515625,54.290000915527344,NA,16.48,85.17,0.19,1.59676,113.88,NA,NA,NA,0,4.45,7.5,1186.43994140625
2010-04-09,12.1997,NA,4.94,NA,33840.8515625,55.029998779296875,NA,16.14,84.6,0.19,1.56228,113.89,NA,NA,NA,0,4.44,7.542,1194.3699951171875
2010-04-10,NA,NA,NA,NA,NA,NA,NA,NA,NA,0.19,1.56228,NA,NA,NA,NA,0,NA,NA,NA
2010-04-11,NA,NA,NA,NA,NA,NA,NA,NA,NA,0.19,1.56228,NA,NA,NA,NA,0,NA,NA,NA
2010-04-12,12.1808,NA,4.945,NA,33852.390625,55.130001068115234,NA,15.58,84.07,0.19,1.60647,110.39,NA,NA,NA,0,4.56,7.54,1196.47998046875
2010-04-13,12.2122,4.41,4.92,NA,33819.0390625,55.04999923706055,NA,16.2,83.8,0.2,1.62377,108.76,NA,NA,NA,0,4.43,7.55,1197.300048828125
2010-04-14,12.1827,NA,4.935,NA,34113.9296875,55.4900016784668,NA,15.59,85.62,0.2,1.56653,104.25,NA,NA,NA,0,4.45,7.56,1210.6500244140625
2010-04-15,12.1934,NA,4.9495,NA,34134.23046875,55.45000076293945,NA,15.89,85.25,0.22,1.47948,101.24,NA,NA,NA,0,4.45,7.58,1211.6700439453125
2010-04-16,12.2356,NA,4.945,NA,33621.390625,53.97999954223633,NA,18.36,82.97,0.21,1.59669,104.73,NA,NA,NA,0,4.43,7.59,1192.1300048828125
2010-04-17,NA,NA,NA,NA,NA,NA,NA,NA,NA,0.21,1.59669,NA,NA,NA,NA,0,NA,NA,NA
2010-04-18,NA,NA,NA,NA,NA,NA,NA,NA,NA,0.21,1.59669,NA,NA,NA,NA,0,NA,NA,NA
2010-04-19,12.3064,NA,4.975,NA,33439.76953125,53.9900016784668,NA,17.34,81.52,0.2,1.57179,104.2,NA,NA,NA,0,4.44,7.56,1197.52001953125
2010-04-20,12.2188,4.46,4.95,NA,33813.16015625,54.59000015258789,NA,15.73,82.98,0.2,1.57641,101.19,NA,NA,NA,0,4.47,7.52,1207.1700439453125
2010-04-21,12.1896,NA,4.95,NA,33517.1796875,54.369998931884766,NA,16.32,82.78,0.2,1.62351,102.18,NA,NA,NA,0,4.45,7.43,1205.93994140625
2010-04-22,12.2405,NA,4.925,NA,33658.37109375,54.599998474121094,NA,16.47,82.89,0.2,1.62957,104.95,NA,NA,NA,0,4.44,7.36,1208.6700439453125
2010-04-23,12.1973,NA,4.945,NA,33853.69140625,55.209999084472656,NA,16.62,84.34,0.2,1.60576,108.16,NA,NA,NA,0,4.45,7.33,1217.280029296875
2010-04-24,NA,NA,NA,NA,NA,NA,NA,NA,NA,0.2,1.60576,NA,NA,NA,NA,0,NA,NA,NA
2010-04-25,NA,NA,NA,NA,NA,NA,NA,NA,NA,0.2,1.60576,NA,NA,NA,NA,0,NA,NA,NA
2010-04-26,12.1575,NA,4.9575,NA,33771.55078125,55.2400016784668,NA,17.47,84.2,0.2,1.61541,108.59,NA,NA,NA,0,4.44,7.35,1212.050048828125
2010-04-27,12.2278,4.45,4.95,NA,32679.359375,52.27000045776367,NA,22.81,82.43,0.2,1.7726,114.08,NA,NA,NA,0,4.46,7.391,1183.7099609375
2010-04-28,12.3698,NA,4.95,NA,32952.859375,52.9900016784668,NA,21.08,83.22,0.2,1.72171,116.08,NA,NA,NA,0,4.45,7.45,1191.3599853515625
2010-04-29,12.2465,NA,4.955,NA,32861,53.720001220703125,NA,18.44,85.17,0.19,1.74269,113.07,NA,NA,NA,0,4.44,7.4,1206.780029296875
2010-04-30,12.2626,NA,4.935,NA,32687.3203125,52.9900016784668,NA,22.05,86.07,0.2,1.80512,117.07,NA,NA,NA,0,4.44,7.42,1186.68994140625
2010-05-01,NA,NA,NA,7.49,NA,NA,NA,NA,NA,0.2,1.80512,NA,1,2,NA,0,NA,NA,NA
2010-05-02,NA,NA,NA,NA,NA,NA,NA,NA,NA,0.2,1.80512,NA,NA,NA,NA,0,NA,NA,NA
2010-05-03,12.2605,NA,4.95,NA,NA,53.540000915527344,NA,20.19,86.19,0.2,1.76146,114.05,NA,NA,NA,0,4.44,7.39,1202.260009765625
2010-05-04,12.4288,4.49,4.945,NA,32120.650390625,51.25,NA,23.84,82.73,0.21,1.92627,122.62,NA,NA,NA,0,4.46,7.422,1173.5999755859375
2010-05-05,12.6635,NA,4.96,NA,31995.279296875,50.29999923706055,NA,24.91,80,0.21,2.03655,131.29,NA,NA,NA,0,4.51,7.51,1165.8699951171875
2010-05-06,12.7884,NA,4.945,NA,31398.970703125,48.56999969482422,NA,32.8,77.18,0.2,2.38834,142.42,NA,NA,NA,0,4.48,7.62,1128.1500244140625
2010-05-07,12.9179,NA,4.93,NA,31488.8203125,48.77000045776367,NA,40.95,75.1,0.2,2.34044,154.6,NA,NA,NA,0,4.51,7.603,1110.8800048828125
2010-05-08,NA,NA,NA,NA,NA,NA,NA,NA,NA,0.2,2.34044,NA,NA,NA,NA,0,NA,NA,NA
2010-05-09,NA,NA,NA,NA,NA,NA,NA,NA,NA,0.2,2.34044,NA,NA,NA,NA,0,NA,NA,NA
2010-05-10,12.5297,NA,4.9025,NA,32276.919921875,51.599998474121094,NA,28.84,76.89,0.2,2.06834,129.25,NA,NA,NA,0,4.52,7.44,1159.72998046875
2010-05-11,12.5025,4.49,4.905,NA,32119.109375,51.290000915527344,NA,28.32,76.37,0.2,2.00577,125.58,NA,NA,NA,0,4.48,7.383,1155.7900390625
2010-05-12,12.4351,NA,4.94,NA,32379.630859375,52.189998626708984,NA,25.52,75.65,0.2,1.86683,115.82,NA,NA,NA,0,4.49,7.38,1171.6700439453125
2010-05-13,12.3501,NA,4.935,NA,32342.4296875,51.88999938964844,NA,26.68,74.38,0.2,1.83485,115.72,NA,NA,NA,0,4.64,7.36,1157.43994140625
2010-05-14,12.5684,NA,4.95,NA,31812.73046875,50.459999084472656,NA,31.24,71.61,0.2,1.99244,127.48,NA,NA,NA,0,4.51,7.48,1135.6800537109375
2010-05-15,NA,NA,NA,NA,NA,NA,NA,NA,NA,0.2,1.99244,NA,NA,NA,NA,0,NA,NA,NA
2010-05-16,NA,NA,NA,NA,NA,NA,NA,NA,NA,0.2,1.99244,NA,NA,NA,NA,0,NA,NA,NA
2010-05-17,12.6926,NA,4.955,NA,31580.630859375,50.099998474121094,NA,30.84,70.08,0.21,1.97835,130.8,NA,NA,NA,0,4.52,7.503,1136.93994140625
2010-05-18,12.5787,4.53,4.9638,NA,31136.349609375,48.970001220703125,NA,33.55,69.38,0.21,2.11901,131.79,NA,NA,NA,0,4.54,7.47,1120.800048828125
2010-05-19,12.9138,NA,4.9486,NA,30992.759765625,48.279998779296875,NA,35.32,69.91,0.2,2.14524,144.39,NA,NA,NA,0,4.53,7.5,1115.050048828125
2010-05-20,13.1412,NA,4.95,NA,30368.080078125,46.029998779296875,NA,45.79,68.28,0.2,2.32246,152.58,NA,NA,NA,0,4.53,7.506,1071.5899658203125
2010-05-21,13.0338,NA,4.94,NA,30629.150390625,47.310001373291016,NA,40.1,68.03,0.2,2.32066,146.05,NA,NA,NA,0,4.54,7.51,1087.68994140625
2010-05-22,NA,NA,NA,NA,NA,NA,NA,NA,NA,0.2,2.32066,NA,NA,NA,NA,0,NA,NA,NA
2010-05-23,NA,NA,NA,NA,NA,NA,NA,NA,NA,0.2,2.32066,NA,NA,NA,NA,0,NA,NA,NA
2010-05-24,12.9588,NA,4.94,NA,30759.48046875,47.11000061035156,NA,38.32,68.23,0.21,2.23848,146.05,NA,NA,NA,62,4.53,7.48,1073.6500244140625
2010-05-25,13.1819,4.55,4.93,NA,30634.169921875,46.97999954223633,NA,34.61,64.78,0.21,2.34573,155.71,NA,NA,NA,0,4.601,7.37,1074.030029296875
2010-05-26,12.9955,NA,4.9491,NA,31328.490234375,47.720001220703125,NA,35.02,71.52,0.2,2.24498,139.7,NA,NA,NA,0,4.59,7.34,1067.949951171875
2010-05-27,12.8846,NA,4.975,NA,32056.16015625,50.130001068115234,NA,29.68,74.56,0.2,2.10785,132.4,NA,NA,NA,0,4.56,7.292,1103.06005859375
2010-05-28,12.8589,NA,4.965,NA,31547.55078125,48.88999938964844,NA,32.07,74,0.19,2.18715,134.47,NA,NA,NA,0,4.56,7.28,1089.4100341796875
2010-05-29,NA,NA,NA,NA,NA,NA,NA,NA,NA,0.19,2.18715,NA,NA,NA,NA,0,NA,NA,NA
2010-05-30,NA,NA,NA,NA,NA,NA,NA,NA,NA,0.19,2.18715,NA,NA,NA,NA,0,NA,NA,NA
2010-05-31,12.9146,NA,4.95,NA,32038.529296875,NA,NA,NA,NA,0.19,2.18715,134.7,NA,NA,NA,0,4.56,7.255,NA
2010-06-01,12.9012,4.58,4.925,NA,31245.830078125,48.099998474121094,NA,35.54,72.7,0.2,2.09967,135.44,1,2,NA,NA,4.56,7.19,1070.7099609375
2010-06-02,12.8625,NA,4.935,NA,31411.91015625,49.31999969482422,NA,30.17,72.88,0.2,2.02993,133.43,NA,NA,NA,NA,4.6,7.072,1098.3800048828125
2010-06-03,12.7644,NA,4.92,NA,31331.859375,49.16999816894531,NA,29.46,74.62,0.19,1.97262,132.43,NA,NA,NA,NA,4.6,7.023,1102.8299560546875
2010-06-04,12.8603,NA,4.935,NA,30992.650390625,47.849998474121094,NA,35.48,71.43,0.19,2.19121,140.77,NA,NA,NA,NA,4.61,6.98,1064.8800048828125
2010-06-05,NA,NA,NA,NA,NA,NA,NA,NA,NA,0.19,2.19121,NA,NA,NA,NA,NA,NA,NA,NA
2010-06-06,NA,NA,NA,NA,NA,NA,NA,NA,NA,0.19,2.19121,NA,NA,NA,NA,NA,NA,NA,NA
2010-06-07,12.9202,NA,4.97,NA,30739.009765625,47.31999969482422,NA,36.57,71.55,0.19,2.16499,143.74,NA,NA,NA,NA,4.59,6.88,1050.469970703125
2010-06-08,12.9288,4.59,4.945,NA,31059.830078125,48.31999969482422,NA,33.7,71.88,0.19,2.262,151.07,NA,NA,NA,NA,4.5,6.963,1062
2010-06-09,12.8093,NA,4.95,NA,31209.330078125,48.470001220703125,NA,33.73,74.38,0.18,2.20067,141.06,NA,NA,NA,NA,4.6,6.944,1055.68994140625
2010-06-10,12.7441,NA,4.925,NA,31910.220703125,50.209999084472656,NA,30.57,75.48,0.18,2.05958,138.89,NA,NA,NA,NA,4.6,6.863,1086.8399658203125
2010-06-11,12.6748,NA,4.92,NA,32124.279296875,50.75,NA,28.79,73.89,0.18,2.15398,138.88,NA,NA,NA,NA,4.6,6.866,1091.5999755859375
2010-06-12,NA,NA,NA,NA,NA,NA,NA,NA,NA,0.18,2.15398,NA,NA,NA,NA,NA,NA,NA,NA
2010-06-13,NA,NA,NA,NA,NA,NA,NA,NA,NA,0.18,2.15398,NA,NA,NA,NA,NA,NA,NA,NA
2010-06-14,12.5974,NA,4.93,NA,32238.41015625,50.599998474121094,NA,28.58,74.99,0.18,2.09317,133.35,NA,NA,NA,NA,4.6,6.891,1089.6300048828125
2010-06-15,12.6001,4.6,4.94,NA,32685.400390625,51.91999816894531,NA,25.87,76.84,0.19,2.00927,132.01,NA,NA,NA,NA,4.6,6.86,1115.22998046875
2010-06-16,12.5878,NA,4.9525,NA,32805.62890625,52.13999938964844,NA,25.92,77.67,0.19,1.99487,135.01,NA,NA,NA,NA,4.61,6.922,1114.6099853515625
2010-06-17,12.5925,NA,4.935,NA,32775.33984375,52.060001373291016,NA,25.05,76.82,0.19,2.02377,130.66,NA,NA,NA,NA,4.6,6.96,1116.0400390625
2010-06-18,12.54,NA,4.925,NA,32814.62109375,52.279998779296875,NA,23.95,77.18,0.18,1.97849,124.66,NA,NA,NA,NA,4.61,6.97,1117.510009765625
2010-06-19,NA,NA,NA,NA,NA,NA,NA,NA,NA,0.18,1.97849,NA,NA,NA,NA,NA,NA,NA,NA
2010-06-20,NA,NA,NA,NA,NA,NA,NA,NA,NA,0.18,1.97849,NA,NA,NA,NA,NA,NA,NA,NA
2010-06-21,12.4604,NA,4.915,NA,32882,52.38999938964844,NA,24.88,77.84,0.17,1.97986,119.98,NA,NA,NA,NA,4.61,6.974,1113.199951171875
2010-06-22,12.5246,4.59,4.9341,NA,32470.69921875,51.41999816894531,NA,27.05,77.15,0.18,2.04593,124.98,NA,NA,NA,NA,4.61,6.97,1095.31005859375
2010-06-23,12.6984,NA,4.925,NA,32663.2890625,51.20000076293945,NA,26.91,75.9,0.17,2.09734,125.97,NA,NA,NA,NA,4.61,6.942,1092.0400390625
2010-06-24,12.7141,NA,4.95,NA,32312.759765625,50.349998474121094,NA,29.74,75.96,0.16,2.05344,132.47,NA,NA,NA,NA,4.59,6.92,1073.68994140625
2010-06-25,12.7042,NA,4.945,NA,32607.130859375,51.2400016784668,NA,28.53,78.45,0.16,2.07958,130.63,NA,NA,NA,NA,4.62,6.88,1076.760009765625
2010-06-26,NA,NA,NA,NA,NA,NA,NA,NA,NA,0.16,2.07958,NA,NA,NA,NA,NA,NA,NA,NA
2010-06-27,NA,NA,NA,NA,NA,NA,NA,NA,NA,0.16,2.07958,NA,NA,NA,NA,NA,NA,NA,NA
2010-06-28,12.6567,NA,4.9468,NA,32568.189453125,50.9900016784668,NA,29,78.26,0.17,2.09542,127.1,NA,NA,NA,NA,4.53,6.875,1074.5699462890625
2010-06-29,12.8394,4.6,4.955,NA,31473.19921875,48.59000015258789,NA,34.13,75.93,0.15,2.15955,136.76,NA,NA,NA,NA,4.62,6.87,1041.239990234375
2010-06-30,12.8441,NA,4.925,NA,31156.970703125,47.88999938964844,NA,34.54,75.59,0.09,2.11566,134.76,NA,NA,NA,NA,4.6,6.84,1030.7099609375
2010-07-01,13.0325,NA,4.94,6.88,31197.0390625,47.72999954223633,NA,32.86,72.95,0.17,2.15768,142.58,1,1,0,NA,4.62,6.89,1027.3699951171875
2010-07-02,13.059,NA,4.9149,NA,31379.669921875,47.560001373291016,NA,30.12,72.06,0.18,2.12308,139.08,NA,NA,0,NA,4.61,6.85,1022.5800170898438
2010-07-03,NA,NA,NA,NA,NA,NA,NA,NA,NA,0.18,2.12308,NA,NA,NA,0,NA,NA,NA,NA
2010-07-04,NA,NA,NA,NA,NA,NA,NA,NA,NA,0.18,2.12308,NA,NA,NA,31,NA,NA,NA,NA
2010-07-05,13.0953,NA,4.9073,NA,31391.44921875,NA,NA,NA,NA,0.18,2.12308,138.62,NA,NA,0,NA,4.6,6.802,NA
2010-07-06,12.9308,4.59,4.92,NA,31533.580078125,48.43000030517578,NA,29.65,71.96,0.18,2.11581,134.55,NA,NA,0,NA,4.6,6.645,1028.06005859375
2010-07-07,12.8975,NA,4.945,NA,32035.189453125,49.470001220703125,NA,26.84,74.05,0.18,2.04127,134.54,NA,NA,0,NA,4.61,6.606,1060.27001953125
2010-07-08,12.8232,NA,4.9299,NA,31960.640625,49.7599983215332,NA,25.71,75.46,0.17,2.04093,131.3,NA,NA,0,NA,4.6,6.71,1070.25
2010-07-09,12.7859,NA,4.935,NA,32004.310546875,49.959999084472656,NA,24.98,76.08,0.18,1.9974,127.86,NA,NA,0,NA,4.61,6.77,1077.9599609375
2010-07-10,NA,NA,NA,NA,NA,NA,NA,NA,NA,0.18,1.9974,NA,NA,NA,0,NA,NA,NA,NA
2010-07-11,NA,NA,NA,NA,NA,NA,NA,NA,NA,0.18,1.9974,NA,NA,NA,0,NA,NA,NA,NA
2010-07-12,12.8233,NA,4.925,NA,31870.55078125,49.349998474121094,NA,24.43,74.93,0.17,1.98499,126.17,NA,NA,0,NA,4.6,6.8,1078.75
2010-07-13,12.714,4.59,4.9,NA,32185.19921875,50.45000076293945,NA,24.56,77.16,0.17,1.96278,121.5,NA,NA,0,NA,4.6,6.76,1095.3399658203125
2010-07-14,12.7176,NA,4.905,NA,32305.7109375,50.630001068115234,NA,24.89,77.02,0.17,2.07525,124.16,NA,NA,0,NA,4.6,6.71,1095.1700439453125
2010-07-15,12.7795,NA,4.9175,NA,32381.060546875,50.54999923706055,NA,25.14,76.67,0.19,2.11896,125.15,NA,NA,0,NA,4.6,6.626,1096.47998046875
2010-07-16,12.9013,NA,4.8949,NA,31783.390625,48.9900016784668,NA,26.25,75.96,0.19,2.10434,125.81,NA,NA,0,NA,4.59,6.57,1064.8800048828125
2010-07-17,NA,NA,NA,NA,NA,NA,NA,NA,NA,0.19,2.10434,NA,NA,NA,0,NA,NA,NA,NA
2010-07-18,NA,NA,NA,NA,NA,NA,NA,NA,NA,0.19,2.10434,NA,NA,NA,0,NA,NA,NA,NA
2010-07-19,12.9162,NA,4.895,NA,31845.880859375,49.13999938964844,NA,25.97,76.53,0.19,2.04169,127.45,NA,NA,0,NA,4.59,6.6,1071.25
2010-07-20,12.8549,4.59,4.92,NA,32024.26953125,49.939998626708984,NA,23.93,77.32,0.18,2.0012,126.44,NA,NA,0,NA,4.6,6.6,1083.47998046875
2010-07-21,12.7798,NA,4.895,NA,32108.990234375,49.630001068115234,NA,25.64,76.27,0.18,2.06379,123.44,NA,NA,0,NA,4.61,6.562,1069.5899658203125
2010-07-22,12.756,NA,4.9199,NA,32720.759765625,51.0099983215332,NA,24.63,79.01,0.18,1.98959,120.76,NA,NA,0,NA,4.6,6.54,1093.6700439453125
2010-07-23,12.7749,NA,4.9,NA,32806.03125,51.31999969482422,NA,23.47,78.68,0.19,1.91006,120.42,NA,NA,0,NA,4.6,6.52,1102.6600341796875
2010-07-24,NA,NA,NA,NA,NA,NA,NA,NA,NA,0.19,1.91006,NA,NA,NA,0,NA,NA,NA,NA
2010-07-25,NA,NA,NA,NA,NA,NA,NA,NA,NA,0.19,1.91006,NA,NA,NA,0,NA,NA,NA,NA
2010-07-26,12.6975,NA,4.915,NA,32958.890625,51.689998626708984,NA,22.73,78.93,0.19,1.87487,116.9,NA,NA,0,NA,4.62,6.515,1115.010009765625
2010-07-27,12.6469,4.6,4.94,NA,32695.310546875,51.43000030517578,NA,23.19,77.46,0.19,1.8337,116.06,NA,NA,0,NA,4.6,6.584,1113.8399658203125
2010-07-28,12.6798,NA,4.945,NA,32665.560546875,51.150001525878906,NA,24.25,77.06,0.2,1.86927,118.05,NA,NA,0,NA,4.6,6.582,1106.1300048828125
2010-07-29,12.7038,NA,4.935,NA,32463.720703125,50.91999816894531,NA,24.13,78.3,0.19,1.85443,116.38,NA,NA,0,NA,4.61,6.52,1101.530029296875
2010-07-30,12.6455,NA,4.915,NA,32308.740234375,50.959999084472656,NA,23.5,78.85,0.18,1.92003,117.37,NA,NA,0,NA,4.61,6.485,1101.5999755859375
2010-07-31,NA,NA,NA,NA,NA,NA,NA,NA,NA,0.18,1.92003,NA,NA,NA,0,NA,NA,NA,NA
2010-08-01,NA,NA,NA,6.49,NA,NA,NA,NA,NA,0.18,1.92003,NA,1,1,NA,NA,NA,NA,NA
2010-08-02,12.5728,NA,4.9,NA,32816.51953125,51.97999954223633,NA,22.01,81.25,0.19,1.78064,114.02,NA,NA,NA,NA,4.61,6.47,1125.8599853515625
2010-08-03,12.6048,4.56,4.9,NA,32768.078125,51.970001220703125,NA,22.63,82.52,0.19,1.7637,114.34,NA,NA,NA,NA,4.55,6.45,1120.4599609375
2010-08-04,12.5535,NA,4.92,NA,32900.48046875,52.36000061035156,NA,22.21,82.49,0.19,1.69891,115.33,NA,NA,NA,NA,4.54,6.465,1127.239990234375
2010-08-05,12.5367,NA,4.895,NA,32907.19140625,52.310001373291016,NA,22.1,82,0.19,1.72594,115.99,NA,NA,NA,NA,4.51,6.5,1125.81005859375
2010-08-06,12.655,NA,4.895,NA,32917.921875,51.81999969482422,NA,21.74,80.67,0.18,1.76696,115.65,NA,NA,NA,NA,4.52,6.52,1121.6400146484375
2010-08-07,NA,NA,NA,NA,NA,NA,NA,NA,NA,0.18,1.76696,NA,NA,NA,NA,NA,NA,NA,NA
2010-08-08,NA,NA,NA,NA,NA,NA,NA,NA,NA,0.18,1.76696,NA,NA,NA,NA,NA,NA,NA,NA
2010-08-09,12.6461,NA,4.925,NA,32837.5703125,51.81999969482422,NA,22.14,81.46,0.18,1.66417,113.54,NA,NA,NA,NA,4.53,6.47,1127.7900390625
2010-08-10,12.6927,4.54,4.925,NA,32685.51953125,51.650001525878906,NA,22.37,80.24,0.18,1.70143,113.2,NA,NA,NA,NA,4.51,6.47,1121.06005859375
2010-08-11,12.7432,NA,4.8949,NA,32058.5703125,50.04999923706055,NA,25.39,78.09,0.17,1.71955,114.53,NA,NA,NA,NA,4.57,6.37,1089.469970703125
2010-08-12,12.7258,NA,4.9,NA,32041.130859375,50.2599983215332,NA,25.73,75.68,0.18,1.71365,117.52,NA,NA,NA,NA,4.5,6.3,1083.6099853515625
2010-08-13,12.7256,NA,4.875,NA,32099.75,50.2400016784668,NA,26.24,75.39,0.19,1.76119,117.85,NA,NA,NA,NA,4.51,6.26,1079.25
2010-08-14,NA,NA,NA,NA,NA,NA,NA,NA,NA,0.19,1.76119,NA,NA,NA,NA,NA,NA,NA,NA
2010-08-15,NA,NA,NA,NA,NA,NA,NA,NA,NA,0.19,1.76119,NA,NA,NA,NA,NA,NA,NA,NA
2010-08-16,12.6458,NA,4.8899,NA,32119.880859375,50.61000061035156,NA,26.1,75.17,0.2,1.84399,119.17,NA,NA,NA,NA,4.55,6.2,1079.3800048828125
2010-08-17,12.5944,4.5,4.8999,NA,32286.080078125,51,NA,24.33,75.76,0.2,1.71995,116.5,NA,NA,NA,NA,4.5,6.18,1092.5400390625
2010-08-18,12.6073,NA,4.91,NA,32408.30078125,51.209999084472656,NA,24.59,75.39,0.19,1.67951,115.83,NA,NA,NA,NA,4.51,6.13,1094.1600341796875
2010-08-19,12.7226,NA,4.925,NA,32153.630859375,50.630001068115234,NA,26.44,74.45,0.19,1.71623,117.23,NA,NA,NA,NA,4.52,6.08,1075.6300048828125
2010-08-20,12.7683,NA,4.91,NA,32291.669921875,50.5099983215332,NA,25.49,73.45,0.2,1.72312,120.98,NA,NA,NA,NA,4.51,5.91,1071.68994140625
2010-08-21,NA,NA,NA,NA,NA,NA,NA,NA,NA,0.2,1.72312,NA,NA,NA,NA,NA,NA,NA,NA
2010-08-22,NA,NA,NA,NA,NA,NA,NA,NA,NA,0.2,1.72312,NA,NA,NA,NA,NA,NA,NA,NA
2010-08-23,12.8492,NA,4.8949,NA,32142.669921875,49.72999954223633,NA,25.66,72.71,0.19,1.70102,119.97,NA,NA,NA,NA,4.63,5.93,1067.3599853515625
2010-08-24,12.936,4.47,4.92,NA,31364.890625,48.470001220703125,NA,27.46,71.24,0.19,1.839,124.29,NA,NA,NA,NA,4.51,6,1051.8699951171875
2010-08-25,13.0453,NA,4.904,NA,31453.720703125,48.4900016784668,NA,26.7,72.07,0.19,1.85233,125.29,NA,NA,NA,NA,4.54,5.96,1055.3299560546875
2010-08-26,12.984,NA,4.915,NA,31217.990234375,47.70000076293945,NA,27.37,73.36,0.19,1.94354,129.28,NA,NA,NA,NA,4.5,6.22,1047.219970703125
2010-08-27,13.0148,NA,4.899,NA,31755.349609375,48.72999954223633,NA,24.45,75.17,0.19,1.86509,133.11,NA,NA,NA,NA,4.49,6.005,1064.5899658203125
2010-08-28,NA,NA,NA,NA,NA,NA,NA,NA,NA,0.19,1.86509,NA,NA,NA,NA,NA,NA,NA,NA
2010-08-29,NA,NA,NA,NA,NA,NA,NA,NA,NA,0.19,1.86509,NA,NA,NA,NA,NA,NA,NA,NA
2010-08-30,13.1367,NA,4.88,NA,31382.669921875,47.81999969482422,NA,27.21,74.69,0.19,1.99752,133.76,NA,NA,NA,NA,4.61,6.29,1048.9200439453125
2010-08-31,13.1676,4.48,4.875,NA,31679.849609375,48.09000015258789,NA,26.05,71.93,0.21,2.0983,141.09,NA,NA,NA,NA,4.48,6.21,1049.3299560546875
2010-09-01,13.0538,NA,4.914,6.25,32339.23046875,49.52000045776367,NA,23.89,73.97,0.19,1.99196,139.75,1,2,0,0,4.51,6.3,1080.2900390625
2010-09-02,13.055,NA,4.92,NA,32417.330078125,49.95000076293945,NA,23.19,74.99,0.19,1.99751,140.41,NA,NA,0,0,4.49,6.28,1090.0999755859375
2010-09-03,12.9526,NA,4.91,NA,32592.869140625,50.439998626708984,NA,21.31,74.52,0.19,1.94532,133.07,NA,NA,0,0,4.5,6.34,1104.510009765625
2010-09-04,NA,NA,NA,NA,NA,NA,NA,NA,NA,0.19,1.94532,NA,NA,NA,0,0,NA,NA,NA
2010-09-05,NA,NA,NA,NA,NA,NA,NA,NA,NA,0.19,1.94532,NA,NA,NA,0,0,NA,NA,NA
2010-09-06,12.9395,NA,4.9033,NA,32746.669921875,NA,NA,NA,NA,0.19,1.94532,133.61,NA,NA,0,0,4.47,6.26,NA
2010-09-07,13.0566,4.48,4.91,NA,32448.400390625,49.61000061035156,NA,23.8,73.98,0.2,2.08219,139.72,NA,NA,0,0,4.49,6.22,1091.8399658203125
2010-09-08,13.0034,NA,4.88,NA,32409.599609375,49.790000915527344,NA,23.25,74.65,0.19,2.0817,142.71,NA,NA,0,0,4.47,6.18,1098.8699951171875
2010-09-09,12.9853,NA,4.905,NA,32518.98046875,49.97999954223633,NA,22.81,74.25,0.18,2.01068,141.04,NA,NA,0,0,4.49,6.22,1104.1800537109375
2010-09-10,12.9616,NA,4.924,NA,32626.869140625,50.470001220703125,NA,21.99,76.4,0.18,1.96363,138.03,NA,NA,0,0,4.47,6.26,1109.550048828125
2010-09-11,NA,NA,NA,NA,NA,NA,NA,NA,NA,0.18,1.96363,NA,NA,NA,0,0,NA,NA,NA
2010-09-12,NA,NA,NA,NA,NA,NA,NA,NA,NA,0.18,1.96363,NA,NA,NA,0,0,NA,NA,NA
2010-09-13,12.8729,4.45,4.899,NA,32921.62890625,51.209999084472656,NA,21.21,77.17,0.18,1.98836,131.35,NA,NA,0,0,4.5,6.22,1121.9000244140625
2010-09-14,12.8355,NA,4.91,NA,33058,51.54999923706055,NA,21.56,76.78,0.19,1.99218,129.68,NA,NA,0,0,4.63,6.17,1121.0999755859375
2010-09-15,12.7793,NA,4.895,NA,33046.69140625,51.70000076293945,NA,22.1,75.92,0.21,1.89616,129.34,NA,NA,0,0,4.48,6.23,1125.0699462890625
2010-09-16,NA,NA,NA,NA,NA,51.470001220703125,NA,21.72,74.58,0.21,1.85246,127,NA,NA,0,0,NA,NA,1124.6600341796875
2010-09-17,NA,NA,NA,NA,NA,51.56999969482422,NA,22.01,73.63,0.21,1.92648,128.99,NA,NA,0,0,NA,NA,1125.5899658203125
2010-09-18,NA,NA,NA,NA,NA,NA,NA,NA,NA,0.21,1.92648,NA,NA,NA,0,0,NA,NA,NA
2010-09-19,NA,NA,NA,NA,NA,NA,NA,NA,NA,0.21,1.92648,NA,NA,NA,0,0,NA,NA,NA
2010-09-20,12.7623,NA,4.905,NA,33273.53125,52.06999969482422,NA,21.5,74.81,0.21,1.97646,129.13,NA,NA,0,60.00000000000001,4.52,6.24,1142.7099609375
2010-09-21,12.7594,4.36,4.925,NA,33296.69140625,52.40999984741211,NA,22.35,72.96,0.2,2.12137,134.13,NA,NA,0,0,4.63,6.23,1139.780029296875
2010-09-22,12.6886,NA,4.904,NA,33207.2109375,52.5,NA,22.51,72.98,0.21,2.07321,130.12,NA,NA,0,0,4.6,6.17,1134.280029296875
2010-09-23,12.6422,NA,4.88,NA,33091.12890625,52.40999984741211,NA,23.87,73.4,0.2,2.07058,132.78,NA,NA,0,0,4.37,6.13,1124.8299560546875
2010-09-24,12.5491,NA,4.905,NA,33280.75,53.15999984741211,NA,21.71,74.63,0.21,1.99101,131.67,NA,NA,0,0,4.48,6.16,1148.6700439453125
2010-09-25,NA,NA,NA,NA,NA,NA,NA,NA,NA,0.21,1.99101,NA,NA,NA,0,0,NA,NA,NA
2010-09-26,NA,NA,NA,NA,NA,NA,NA,NA,NA,0.21,1.99101,NA,NA,NA,0,0,NA,NA,NA
2010-09-27,12.5168,NA,4.895,NA,33122.44140625,52.900001525878906,NA,22.54,76.51,0.19,2.01217,128.43,NA,NA,0,0,4.37,6.11,1142.1600341796875
2010-09-28,12.5011,4.36,4.88,NA,33258.53125,53.310001373291016,NA,22.6,76.15,0.19,2.00671,125.09,NA,NA,30,0,4.48,6.08,1147.699951171875
2010-09-29,12.4801,NA,4.8733,NA,33186.76171875,53.119998931884766,NA,23.25,77.85,0.19,1.9308,121.09,NA,NA,0,0,4.34,6.14,1144.72998046875
2010-09-30,12.5998,NA,4.895,NA,33330.33984375,52.9900016784668,NA,23.7,79.95,0.15,1.90827,121.75,NA,NA,0,0,4.38,6.08,1141.199951171875
2010-10-01,12.5511,NA,4.88,NA,33807.48046875,53.900001525878906,NA,22.5,81.57,0.2,1.89866,119.08,1,2,0,NA,4.39,6.18,1146.239990234375
2010-10-02,NA,NA,NA,NA,NA,NA,NA,NA,NA,0.2,1.89866,NA,NA,NA,0,NA,NA,NA,NA
2010-10-03,NA,NA,NA,NA,NA,NA,NA,NA,NA,0.2,1.89866,NA,NA,NA,0,NA,NA,NA,NA
2010-10-04,12.5875,NA,4.895,NA,34040.171875,54.119998931884766,NA,23.53,81.43,0.2,1.92158,116.73,NA,NA,0,NA,4.48,6.13,1137.030029296875
2010-10-05,12.5099,4.18,4.9,NA,34257.3984375,54.939998626708984,NA,21.76,82.83,0.2,1.9456,112.39,NA,NA,0,NA,4.16,6.11,1160.75
2010-10-06,12.4779,NA,4.905,NA,34370.640625,55.22999954223633,NA,21.49,83.21,0.19,1.98391,110.05,NA,NA,0,NA,4.52,6.07,1159.969970703125
2010-10-07,12.5277,NA,4.88,NA,34257.80859375,54.45000076293945,NA,21.56,81.34,0.18,1.97078,110.71,NA,NA,0,NA,4.52,6.06,1158.06005859375
2010-10-08,12.4895,NA,4.8575,NA,34464.8203125,55.40999984741211,NA,20.71,82.66,0.18,1.96409,107.37,NA,NA,0,NA,4.36,6.02,1165.1500244140625
2010-10-09,NA,NA,NA,NA,NA,NA,NA,NA,NA,0.18,1.96409,NA,NA,NA,0,NA,NA,NA,NA
2010-10-10,NA,NA,NA,NA,NA,NA,NA,NA,NA,0.18,1.96409,NA,NA,NA,0,NA,NA,NA,NA
2010-10-11,12.4224,NA,4.87,NA,34465.41015625,55.5099983215332,NA,18.96,82.18,0.18,1.96409,107.37,NA,NA,0,NA,4.32,6.01,1165.3199462890625
2010-10-12,12.432,4.05,4.89,NA,34437.390625,55.47999954223633,NA,18.93,81.67,0.18,1.83242,103.48,NA,NA,0,NA,4.08,5.99,1169.77001953125
2010-10-13,12.3683,NA,4.8618,NA,34798.6484375,56.27000045776367,NA,19.07,83.03,0.18,1.80078,96.48,NA,NA,0,NA,4.32,5.98,1178.0999755859375
2010-10-14,12.4101,NA,4.845,NA,34836.5,56.06999969482422,NA,19.88,82.71,0.19,1.77611,100.14,NA,NA,0,NA,3.96,6,1173.81005859375
2010-10-15,12.4276,NA,4.87,NA,34741.5390625,55.90999984741211,NA,19.03,81.23,0.2,1.80918,104.14,NA,NA,0,NA,4.27,6.06,1176.18994140625
2010-10-16,NA,NA,NA,NA,NA,NA,NA,NA,NA,0.2,1.80918,NA,NA,NA,0,NA,NA,NA,NA
2010-10-17,NA,NA,NA,NA,NA,NA,NA,NA,NA,0.2,1.80918,NA,NA,NA,0,NA,NA,NA,NA
2010-10-18,12.4135,NA,4.8749,NA,34919.30859375,56.22999954223633,NA,19.09,83.06,0.19,1.89389,108.45,NA,NA,0,NA,4.14,6.05,1184.7099609375
2010-10-19,12.4818,4.03,4.8649,NA,34452.2109375,55.130001068115234,NA,20.63,79.57,0.19,1.94127,112.78,NA,NA,31.000000000000004,NA,4.01,6.09,1165.9000244140625
2010-10-20,12.4117,NA,4.84,NA,34880.46875,56.11000061035156,NA,19.79,81.93,0.19,1.92008,111.11,NA,NA,0,NA,4.02,6.09,1178.1700439453125
2010-10-21,12.3613,NA,4.875,NA,34965.25,56.459999084472656,NA,19.27,80.03,0.19,1.89448,112.1,NA,NA,0,NA,4,6.1,1180.260009765625
2010-10-22,12.3877,NA,4.855,NA,35120.87890625,56.810001373291016,NA,18.78,81.15,0.19,1.81819,109.77,NA,NA,0,NA,4,6.12,1183.0799560546875
2010-10-23,NA,NA,NA,NA,NA,NA,NA,NA,NA,0.19,1.81819,NA,NA,NA,0,NA,NA,NA,NA
2010-10-24,NA,NA,NA,NA,NA,NA,NA,NA,NA,0.19,1.81819,NA,NA,NA,0,NA,NA,NA,NA
2010-10-25,12.3205,NA,4.87,NA,35262.890625,57.08000183105469,NA,19.85,82,0.19,1.7294,102.75,NA,NA,0,NA,4.22,6.1,1185.6199951171875
2010-10-26,12.3859,3.84,4.83,NA,35373.390625,56.93000030517578,NA,20.22,82.6,0.19,1.69025,105.74,NA,NA,0,NA,3.87,6.13,1185.6400146484375
2010-10-27,12.4776,NA,4.85,NA,35262.8984375,56.52000045776367,NA,20.71,81.9,0.19,1.62044,106.07,NA,NA,0,NA,3.89,6.11,1182.449951171875
2010-10-28,12.4023,NA,4.8775,NA,35376.71875,57.0099983215332,NA,20.88,82.2,0.19,1.64462,106.07,NA,NA,0,NA,3.89,6.03,1183.780029296875
2010-10-29,12.3387,NA,4.85,NA,35568.21875,57.52000045776367,NA,21.2,81.45,0.2,1.54684,105.73,NA,NA,0,NA,3.89,6.04,1183.260009765625
2010-10-30,NA,NA,NA,NA,NA,NA,NA,NA,NA,0.2,1.54684,NA,NA,NA,0,NA,NA,NA,NA
2010-10-31,NA,NA,NA,NA,NA,NA,NA,NA,NA,0.2,1.54684,NA,NA,NA,0,NA,NA,NA,NA
2010-11-01,12.3452,3.85,4.855,6.13,35722.7109375,57.869998931884766,NA,21.83,82.94,0.2,1.49235,105.55,1,2,0,NA,3.82,6.12,1184.3800048828125
2010-11-02,NA,NA,NA,NA,NA,58.52000045776367,NA,21.57,83.91,0.2,1.50474,103.87,NA,NA,0,NA,NA,NA,1193.5699462890625
2010-11-03,12.3041,NA,4.825,NA,35843.80859375,58.56999969482422,NA,19.56,84.45,0.2,1.49124,102.53,NA,NA,0,NA,3.84,6.1,1197.9599609375
2010-11-04,12.2381,NA,4.8495,NA,36198.6015625,59.189998626708984,NA,18.52,86.49,0.19,1.51025,99.53,NA,NA,0,NA,3.86,6.04,1221.06005859375
2010-11-05,12.2055,NA,4.845,NA,36317.51171875,59.5,NA,18.26,86.85,0.18,1.51706,99.52,NA,NA,0,NA,3.77,6.07,1225.8499755859375
2010-11-06,NA,NA,NA,NA,NA,NA,NA,NA,NA,0.18,1.51706,NA,NA,NA,0,NA,NA,NA,NA
2010-11-07,NA,NA,NA,NA,NA,NA,NA,NA,NA,0.18,1.51706,NA,NA,NA,0,NA,NA,NA,NA
2010-11-08,12.2483,NA,4.8895,NA,36543.390625,59.630001068115234,NA,18.29,87.07,0.18,1.58704,105.17,NA,NA,0,NA,3.79,6.08,1223.25
2010-11-09,12.2068,3.92,4.8845,NA,36198.03125,58.84000015258789,NA,19.08,87.04,0.17,1.57517,106.5,NA,NA,0,NA,3.9,6.13,1213.4000244140625
2010-11-10,12.2714,NA,4.88,NA,36417.46875,59.29999923706055,NA,18.47,87.77,0.17,1.61766,109.83,NA,NA,0,NA,3.92,6.19,1218.7099609375
2010-11-11,12.2596,NA,4.898,NA,36304.5390625,59.13999938964844,NA,18.64,87.77,0.17,1.61766,109.33,NA,NA,0,NA,3.93,6.2,1213.5400390625
2010-11-12,12.2626,NA,4.88,NA,36057.390625,58.349998474121094,NA,20.61,84.89,0.19,1.67338,112.65,NA,NA,0,NA,3.99,6.29,1199.2099609375
2010-11-13,NA,NA,NA,NA,NA,NA,NA,NA,NA,0.19,1.67338,NA,NA,NA,0,NA,NA,NA,NA
2010-11-14,NA,NA,NA,NA,NA,NA,NA,NA,NA,0.19,1.67338,NA,NA,NA,0,NA,NA,NA,NA
2010-11-15,NA,NA,NA,NA,NA,58.2599983215332,NA,20.2,84.88,0.21,1.6319,111.3,NA,NA,0,NA,NA,NA,1197.75
2010-11-16,12.4353,3.94,4.85,NA,35648.2109375,57.290000915527344,NA,22.58,82.33,0.21,1.85845,118.96,NA,NA,0,NA,3.94,6.47,1178.3399658203125
2010-11-17,12.3783,NA,4.875,NA,35842.48046875,57.70000076293945,NA,21.76,80.43,0.2,1.72898,116.96,NA,NA,0,NA,3.95,6.49,1178.5899658203125
2010-11-18,12.2924,NA,4.8625,NA,36322.12109375,58.959999084472656,NA,18.75,81.88,0.2,1.68697,113.95,NA,NA,0,NA,4.07,6.55,1196.68994140625
2010-11-19,12.2996,NA,4.88,NA,36601.3984375,59.54999923706055,NA,18.04,81.65,0.21,1.71125,113.18,NA,NA,0,NA,4.09,6.55,1199.72998046875
2010-11-20,NA,NA,NA,NA,NA,NA,NA,NA,NA,0.21,1.71125,NA,NA,NA,0,NA,NA,NA,NA
2010-11-21,NA,NA,NA,NA,NA,NA,NA,NA,NA,0.21,1.71125,NA,NA,NA,0,NA,NA,NA,NA
2010-11-22,12.309,NA,4.865,NA,36710.4609375,59.59000015258789,NA,18.37,81.24,0.19,1.77538,116.6,NA,NA,0,NA,4.06,6.54,1197.8399658203125
2010-11-23,12.4577,4.17,4.845,NA,36271.828125,58.09000015258789,NA,20.63,80.79,0.2,1.80805,120.59,NA,NA,0,NA,4.06,6.54,1180.72998046875
2010-11-24,12.3912,NA,4.835,NA,37079.28125,59.86000061035156,NA,19.56,83.21,0.2,1.66381,118.25,NA,NA,0,NA,4.16,6.61,1198.3499755859375
2010-11-25,12.3669,NA,4.8743,NA,36969.19921875,NA,NA,NA,NA,0.2,1.66381,118.38,NA,NA,0,NA,4.22,6.65,NA
2010-11-26,12.489,NA,4.865,NA,36904.53125,58.7599983215332,NA,22.22,83.87,0.2,1.66381,120.87,NA,NA,30,NA,4.39,6.83,1189.4000244140625
2010-11-27,NA,NA,NA,NA,NA,NA,NA,NA,NA,0.2,1.66381,NA,NA,NA,0,NA,NA,NA,NA
2010-11-28,NA,NA,NA,NA,NA,NA,NA,NA,NA,0.2,1.66381,NA,NA,NA,0,NA,NA,NA,NA
2010-11-29,12.5538,NA,4.895,NA,36890.609375,58.97999954223633,NA,21.53,85.73,0.2,1.79594,124.32,NA,NA,0,NA,4.37,6.87,1187.760009765625
2010-11-30,12.4664,4.35,4.9,NA,36817.3203125,59.099998474121094,NA,23.54,84.12,0.2,1.86988,126.3,NA,NA,0,NA,4.33,6.75,1180.550048828125
2010-12-01,12.3967,NA,4.885,7.16,37277.55859375,59.970001220703125,NA,21.36,86.75,0.2,1.72398,122.64,1,1,NA,0,4.17,6.81,1206.0699462890625
2010-12-02,12.3546,NA,4.885,NA,37399.46875,60.66999816894531,NA,19.39,87.98,0.19,1.69336,115.58,NA,NA,NA,30.999999999999996,4.42,6.88,1221.530029296875
2010-12-03,12.3597,NA,4.8625,NA,37385.91015625,60.68000030517578,NA,18.01,89.18,0.18,1.63073,113.91,NA,NA,NA,0,4.43,6.81,1224.7099609375
2010-12-04,NA,NA,NA,NA,NA,NA,NA,NA,NA,0.18,1.63073,NA,NA,NA,NA,0,NA,NA,NA
2010-12-05,NA,NA,NA,NA,NA,NA,NA,NA,NA,0.18,1.63073,NA,NA,NA,NA,0,NA,NA,NA
2010-12-06,12.3884,NA,4.885,NA,37737.12890625,60.88999938964844,NA,18.02,89.33,0.18,1.65547,108.55,NA,NA,NA,0,4.29,6.73,1223.1199951171875
2010-12-07,12.4123,4.16,4.885,NA,37880.12890625,60.540000915527344,NA,17.99,88.69,0.17,1.50412,107.88,NA,NA,NA,0,4.14,6.9,1223.75
2010-12-08,12.4484,NA,4.885,NA,37617.76953125,60.61000061035156,NA,17.74,88.3,0.17,1.55042,110.53,NA,NA,NA,0,4.18,6.98,1228.280029296875
2010-12-09,12.4586,NA,4.9065,NA,37567.390625,60.099998474121094,NA,17.25,88.35,0.16,1.50844,111.86,NA,NA,NA,0,4.14,6.97,1233
2010-12-10,12.4617,NA,4.885,NA,37677.78125,60.54999923706055,NA,17.61,87.81,0.16,1.49952,113.19,NA,NA,NA,0,4.11,7,1240.4000244140625
2010-12-11,NA,NA,NA,NA,NA,NA,NA,NA,NA,0.16,1.49952,NA,NA,NA,NA,0,NA,NA,NA
2010-12-12,NA,NA,NA,NA,NA,NA,NA,NA,NA,0.16,1.49952,NA,NA,NA,NA,0,NA,NA,NA
2010-12-13,12.3869,NA,4.87,NA,37894.33984375,60.97999954223633,NA,17.55,88.62,0.17,1.53594,113.16,NA,NA,NA,0,4.14,7.02,1240.4599609375
2010-12-14,12.3703,4.18,4.895,NA,37901.0390625,61.130001068115234,NA,17.61,88.33,0.19,1.45541,113.49,NA,NA,NA,0,4.19,7.15,1241.5899658203125
2010-12-15,12.3963,NA,4.905,NA,37676.55078125,60.43000030517578,NA,17.94,88.66,0.2,1.57403,116.15,NA,NA,NA,0,4.19,7.32,1235.22998046875
2010-12-16,12.4505,NA,4.905,NA,37832.859375,60.77000045776367,NA,17.39,87.71,0.2,1.67959,117.81,NA,NA,NA,0,4.18,7.13,1242.8699951171875
2010-12-17,12.4345,NA,4.9,NA,37997.33984375,61.04999923706055,NA,16.11,88.02,0.2,1.78414,116.8,NA,NA,NA,0,4.29,6.94,1243.9100341796875
2010-12-18,NA,NA,NA,NA,NA,NA,NA,NA,NA,0.2,1.78414,NA,NA,NA,NA,0,NA,NA,NA
2010-12-19,NA,NA,NA,NA,NA,NA,NA,NA,NA,0.2,1.78414,NA,NA,NA,NA,0,NA,NA,NA
2010-12-20,12.417,NA,4.895,NA,37975.48046875,61.060001373291016,NA,16.41,88.68,0.21,1.698,119.12,NA,NA,NA,0,4.17,6.96,1247.0799560546875
2010-12-21,12.372,4.38,4.875,NA,38230.859375,61.380001068115234,NA,16.49,89.3,0.2,1.72618,118.45,NA,NA,NA,0,4.37,7,1254.5999755859375
2010-12-22,12.3379,NA,4.89,NA,38172.91015625,61.54999923706055,NA,15.45,89.83,0.19,1.67852,117.44,NA,NA,NA,0,4.35,6.97,1258.8399658203125
2010-12-23,12.3332,NA,4.88,NA,38131.46875,61.38999938964844,NA,16.47,90.84,0.19,1.66793,118.11,NA,NA,NA,0,4.37,7.01,1256.77001953125
2010-12-24,12.3459,NA,4.88,NA,NA,NA,NA,NA,NA,0.19,1.66793,116.83,NA,NA,NA,0,4.37,7,NA
2010-12-25,NA,NA,NA,NA,NA,NA,NA,NA,NA,0.19,1.66793,NA,NA,NA,NA,0,NA,NA,NA
2010-12-26,NA,NA,NA,NA,NA,NA,NA,NA,NA,0.19,1.66793,NA,NA,NA,NA,0,NA,NA,NA
2010-12-27,12.3653,NA,4.87,NA,38132.8515625,61.27000045776367,NA,17.67,90.99,0.19,1.64874,118.77,NA,NA,NA,0,4.37,7.01,1257.5400390625
2010-12-28,12.3567,4.45,4.885,NA,38147.51171875,61.189998626708984,NA,17.52,91.48,0.18,1.63548,118.77,NA,NA,NA,0,4.42,7.09,1258.510009765625
2010-12-29,12.3571,NA,4.9075,NA,38230.19921875,61.2599983215332,NA,17.28,91.13,0.18,1.68809,117.06,NA,NA,NA,0,4.42,6.92,1259.780029296875
2010-12-30,12.3817,NA,4.875,NA,38243.140625,61.34000015258789,NA,17.52,89.85,0.19,1.63851,116.05,NA,NA,NA,0,4.41,6.97,1257.8800048828125
2010-12-31,12.3496,NA,4.875,NA,NA,61.91999816894531,NA,17.75,91.38,0.13,1.73212,112.64,NA,NA,NA,0,4.44,6.94,1257.6400146484375
2011-01-01,NA,NA,NA,NA,NA,NA,NA,NA,NA,0.13,1.73212,NA,1,2,0,0,NA,NA,NA
2011-01-02,NA,NA,NA,NA,NA,NA,NA,NA,NA,0.13,1.73212,NA,NA,NA,0,0,NA,NA,NA
2011-01-03,12.2574,NA,4.86,NA,38605.80078125,62.45000076293945,NA,17.61,91.59,0.19,1.63509,108.79,NA,NA,0,0,4.29,6.95,1271.8699951171875
2011-01-04,12.2619,4.16,4.845,NA,38542.16015625,62.47999954223633,NA,17.38,89.39,0.18,1.48836,106.68,NA,NA,0,9.63408521303258,4.29,6.9,1270.199951171875
2011-01-05,12.2064,NA,4.845,NA,38696.23828125,62.93000030517578,NA,17.02,90.3,0.18,1.45993,107.67,NA,NA,0,8.857142857142856,4.19,7.06,1276.56005859375
2011-01-06,12.2256,NA,4.8708,NA,38589.671875,62.650001525878906,NA,17.4,88.37,0.17,1.47217,108.67,NA,NA,0,0,4.18,7.05,1273.8499755859375
2011-01-07,12.2369,NA,4.845,NA,38600.859375,62.630001068115234,NA,17.14,88.07,0.17,1.55066,113.66,NA,NA,0,0,4.15,7.03,1271.5
2011-01-08,NA,NA,NA,NA,NA,NA,NA,NA,NA,0.17,1.55066,NA,NA,NA,0,0,NA,NA,NA
2011-01-09,NA,NA,NA,NA,NA,NA,NA,NA,NA,0.17,1.55066,NA,NA,NA,0,0,NA,NA,NA
2011-01-10,12.2542,NA,4.855,NA,38378.16015625,62.43000030517578,NA,17.54,89.24,0.17,1.57906,115.97,NA,NA,0,0,4.15,7.05,1269.75
2011-01-11,12.1907,4.2,4.8658,NA,38028.80859375,62.290000915527344,NA,16.89,91.11,0.17,1.49895,112.63,NA,NA,31,0,4.17,7.08,1274.47998046875
2011-01-12,12.0757,NA,4.885,NA,37963.30859375,62.439998626708984,NA,16.24,91.85,0.16,1.48971,109.79,NA,NA,0,10.25563909774436,4.18,7.05,1285.9599609375
2011-01-13,12.1028,NA,4.86,NA,38070.19140625,62.45000076293945,NA,16.39,91.39,0.16,1.50188,110.12,NA,NA,0,0,4.15,7.04,1283.760009765625
2011-01-14,12.0871,NA,4.845,NA,37994.71875,62.7599983215332,NA,15.46,91.53,0.16,1.55442,110.77,NA,NA,0,0,4.1,7.1,1293.239990234375
2011-01-15,NA,NA,NA,NA,NA,NA,NA,NA,NA,0.16,1.55442,NA,NA,NA,0,0,NA,NA,NA
2011-01-16,NA,NA,NA,NA,NA,NA,NA,NA,NA,0.16,1.55442,NA,NA,NA,0,0,NA,NA,NA
2011-01-17,12.0299,NA,4.87,NA,38096.91015625,NA,NA,NA,NA,0.16,1.55442,110.66,NA,NA,0,0,4.19,7.16,NA
2011-01-18,12.0261,4.13,4.85,NA,38151.30078125,63.040000915527344,NA,15.87,91.38,0.19,1.55233,109.37,NA,NA,0,0,4.14,7.21,1295.02001953125
2011-01-19,12.0744,NA,4.8615,NA,37810.16015625,62.33000183105469,NA,17.31,90.85,0.18,1.63654,112.58,NA,NA,0,0,4.13,7.26,1281.9200439453125
2011-01-20,12.0903,NA,4.88,NA,37584.6796875,62.11000061035156,NA,17.99,88.56,0.18,1.59069,113.57,NA,NA,0,0,4.07,7.36,1280.260009765625
2011-01-21,12.0482,NA,4.865,NA,37321.109375,61.810001373291016,NA,18.47,88.22,0.17,1.57788,111.89,NA,NA,0,0,4.09,7.41,1283.3499755859375
2011-01-22,NA,NA,NA,NA,NA,NA,NA,NA,NA,0.17,1.57788,NA,NA,NA,0,0,NA,NA,NA
2011-01-23,NA,NA,NA,NA,NA,NA,NA,NA,NA,0.17,1.57788,NA,NA,NA,0,0,NA,NA,NA
2011-01-24,12.0516,NA,4.845,NA,37667.8984375,62.27000045776367,NA,17.65,86.74,0.18,1.5789,111.54,NA,NA,0,7.924812030075188,4.09,7.33,1290.8399658203125
2011-01-25,12.0856,4.05,4.85,NA,37470.76171875,61.849998474121094,NA,17.59,85.08,0.17,1.6059,112.2,NA,NA,0,15.538847117794486,4.05,7.15,1291.1800537109375
2011-01-26,12.0408,NA,4.855,NA,37585.3984375,62.380001068115234,NA,16.64,86.15,0.17,1.51047,112.19,NA,NA,0,0,4.07,7.18,1296.6300048828125
2011-01-27,12.0239,NA,4.8607,NA,37447.69921875,62.029998779296875,NA,16.15,84.45,0.17,1.56428,113.02,NA,NA,0,0,4.01,7.22,1299.5400390625
2011-01-28,12.1214,NA,4.85,NA,36839.71875,60.130001068115234,NA,20.04,88.15,0.17,1.69266,123.18,NA,NA,0,9.789473684210526,4,7.18,1276.3399658203125
2011-01-29,NA,NA,NA,NA,NA,NA,NA,NA,NA,0.17,1.69266,NA,NA,NA,0,0,NA,NA,NA
2011-01-30,NA,NA,NA,NA,NA,NA,NA,NA,NA,0.17,1.69266,NA,NA,NA,0,0,NA,NA,NA
2011-01-31,12.1519,NA,4.85,NA,36982.23828125,60.7599983215332,NA,19.53,90.99,0.17,1.62214,119.99,NA,NA,0,0,4.17,7.36,1286.1199951171875
2011-02-01,12.017,4.04,4.825,NA,37618.1015625,62.439998626708984,NA,17.63,89.54,0.18,1.53258,117.15,1,2,0,16.210526315789476,4.03,7.24,1307.5899658203125
2011-02-02,12.019,NA,4.835,NA,37948.75,62.81999969482422,NA,17.3,89.78,0.18,1.47412,116.81,NA,NA,0,0,4.04,7.29,1304.030029296875
2011-02-03,12.0499,NA,4.845,NA,37739.078125,62.66999816894531,NA,16.69,89.42,0.17,1.48704,116.46,NA,NA,0,22.98947368421053,4.03,7.36,1307.0999755859375
2011-02-04,11.9946,NA,4.845,NA,37451.83984375,62.040000915527344,NA,15.93,87.87,0.17,1.43037,115.12,NA,NA,0,0,4.04,7.48,1310.8699951171875
2011-02-05,NA,NA,NA,NA,NA,NA,NA,NA,NA,0.17,1.43037,NA,NA,NA,0,0,NA,NA,NA
2011-02-06,NA,NA,NA,NA,NA,NA,NA,NA,NA,0.17,1.43037,NA,NA,NA,0,0,NA,NA,NA
2011-02-07,NA,NA,NA,NA,NA,62.310001373291016,NA,16.28,86.3,0.17,1.48325,114.43,NA,NA,0,0,NA,NA,1319.050048828125
2011-02-08,11.9937,4.05,4.84,NA,37565.6484375,62.04999923706055,NA,15.81,85.85,0.16,1.4712,115.76,NA,NA,14.73684210526316,0,4.17,7.55,1324.5699462890625
2011-02-09,12.0432,NA,4.84,NA,36986.94140625,61.0099983215332,NA,15.87,85.59,0.15,1.54105,119.42,NA,NA,0,0,4.17,7.49,1320.8800048828125
2011-02-10,12.0937,NA,4.84,NA,36652.12890625,60.400001525878906,NA,16.09,85.44,0.15,1.53842,120.07,NA,NA,0,16.8,3.99,7.52,1321.8699951171875
2011-02-11,12.0635,NA,4.845,NA,37011.48828125,61.310001373291016,NA,15.69,84.39,0.15,1.56013,122.07,NA,NA,0,0,3.99,7.52,1329.1500244140625
2011-02-12,NA,NA,NA,NA,NA,NA,NA,NA,NA,0.15,1.56013,NA,NA,NA,0,0,NA,NA,NA
2011-02-13,NA,NA,NA,NA,NA,NA,NA,NA,NA,0.15,1.56013,NA,NA,NA,0,0,NA,NA,NA
2011-02-14,12.0461,NA,4.855,NA,36998.9296875,61.06999969482422,NA,15.95,83.66,0.15,1.61776,123.38,NA,NA,0,0,4.05,7.47,1332.3199462890625
2011-02-15,12.114,3.94,4.83,NA,36951.25,60.63999938964844,NA,16.37,83.13,0.16,1.66012,118.95,NA,NA,0,0,3.95,7.46,1328.010009765625
2011-02-16,12.0957,NA,4.83,NA,37074.9296875,61.189998626708984,NA,16.72,83.8,0.15,1.59628,117.48,NA,NA,0,0,3.93,7.44,1336.3199462890625
2011-02-17,12.0483,NA,4.835,NA,37226.4296875,61.790000915527344,NA,16.59,85.05,0.15,1.58407,113.01,NA,NA,0,0,4.17,7.54,1340.4300537109375
2011-02-18,12.0172,NA,4.865,NA,37522.30078125,62.25,NA,16.43,85.03,0.15,1.58139,112.51,NA,NA,0,0,3.93,7.53,1343.010009765625
2011-02-19,NA,NA,NA,NA,NA,NA,NA,NA,NA,0.15,1.58139,NA,NA,NA,0,0,NA,NA,NA
2011-02-20,NA,NA,NA,NA,NA,NA,NA,NA,NA,0.15,1.58139,NA,NA,NA,0,0,NA,NA,NA
2011-02-21,12.0558,NA,4.8589,NA,37242.05078125,NA,NA,NA,NA,0.15,1.58139,112.35,NA,NA,0,0,3.91,7.48,NA
2011-02-22,12.0917,4.14,4.85,NA,36781.55078125,60.29999923706055,NA,20.8,92.65,0.15,1.67131,116.48,NA,NA,13.263157894736842,0,4.12,7.51,1315.43994140625
2011-02-23,12.19,NA,4.83,NA,36464.0703125,59.720001220703125,NA,22.13,96.04,0.15,1.68135,116.99,NA,NA,0,0,4.18,7.58,1307.4000244140625
2011-02-24,12.173,NA,4.82,NA,36446.55859375,59.83000183105469,NA,21.32,95.83,0.15,1.70447,117.74,NA,NA,0,0,4.13,7.57,1306.0999755859375
2011-02-25,12.1235,NA,4.8413,NA,36880.19921875,60.52000045776367,NA,19.22,96.52,0.15,1.70019,114.76,NA,NA,0,0,4.14,7.54,1319.8800048828125
2011-02-26,NA,NA,NA,NA,NA,NA,NA,NA,NA,0.15,1.70019,NA,NA,NA,0,0,NA,NA,NA
2011-02-27,NA,NA,NA,NA,NA,NA,NA,NA,NA,0.15,1.70019,NA,NA,NA,0,0,NA,NA,NA
2011-02-28,12.1062,NA,4.855,NA,37019.69921875,61.119998931884766,NA,18.35,97.1,0.16,1.61944,114.26,NA,NA,0,0,3.88,7.57,1327.219970703125
2011-03-01,12.0929,4.22,4.84,NA,36768.08984375,60.36000061035156,NA,21.01,99.63,0.15,1.58884,114.52,1,2,0,0,3.88,7.62,1306.3299560546875
2011-03-02,12.0981,NA,4.8536,NA,36863.53125,60.72999954223633,NA,20.7,102.27,0.16,1.54266,114.53,NA,NA,0,0,4.22,7.66,1308.43994140625
2011-03-03,12.0368,NA,4.84,NA,37132.98046875,61.7400016784668,NA,18.6,101.92,0.15,1.43459,109.78,NA,NA,0,0,4.23,7.79,1330.969970703125
2011-03-04,12.0064,NA,4.815,NA,36900.83984375,61.400001525878906,NA,19.06,104.34,0.15,1.50137,109.78,NA,NA,0,0,4.24,7.77,1321.1500244140625
2011-03-05,NA,NA,NA,NA,NA,NA,NA,NA,NA,0.15,1.50137,NA,NA,NA,0,0,NA,NA,NA
2011-03-06,NA,NA,NA,NA,NA,NA,NA,NA,NA,0.15,1.50137,NA,NA,NA,0,0,NA,NA,NA
2011-03-07,12.017,NA,4.84,NA,36603.30078125,60.54999923706055,NA,20.66,105.37,0.14,1.50263,108.76,NA,NA,0,0,4.17,7.76,1310.1300048828125
2011-03-08,12.0254,4.28,4.865,NA,36688.12109375,60.91999816894531,NA,19.82,105.06,0.14,1.44224,105.81,NA,NA,0,0,4.18,7.72,1321.8199462890625
2011-03-09,11.968,NA,4.84,NA,36450.19140625,60.970001220703125,NA,20.22,104.39,0.14,1.47254,105.81,NA,NA,0,0,4.24,7.63,1320.02001953125
2011-03-10,11.9755,NA,4.8587,NA,35891.41015625,59.72999954223633,NA,21.88,102.73,0.14,1.59794,107.69,NA,NA,0,0,4.27,7.58,1295.1099853515625
2011-03-11,11.9441,NA,4.825,NA,36091.21875,60.380001068115234,NA,20.08,101.14,0.13,1.55378,108.42,NA,NA,30.999999999999996,0,4.21,7.6,1304.280029296875
2011-03-12,NA,NA,NA,NA,NA,NA,NA,NA,NA,0.13,1.55378,NA,NA,NA,0,0,NA,NA,NA
2011-03-13,NA,NA,NA,NA,NA,NA,NA,NA,NA,0.13,1.55378,NA,NA,NA,0,0,NA,NA,NA
2011-03-14,11.9235,NA,4.865,NA,36205.76171875,60.630001068115234,NA,21.13,101.2,0.14,1.59663,109.05,NA,NA,0,0,4.22,7.55,1296.3900146484375
2011-03-15,12.0171,4.24,4.835,NA,36012.171875,59.790000915527344,NA,24.32,97.23,0.14,1.63012,111.42,NA,NA,0,0,4.23,7.5,1281.8699951171875
2011-03-16,12.071,NA,4.84,NA,35655.30859375,58.4900016784668,NA,29.4,97.99,0.14,1.72054,113.66,NA,NA,0,0,4.23,7.52,1256.8800048828125
2011-03-17,12.0925,NA,4.815,NA,35621.6796875,58.58000183105469,NA,26.37,101.47,0.14,1.69777,111.79,NA,NA,0,0,4.25,7.56,1273.719970703125
2011-03-18,12.0615,NA,4.8546,NA,35418.5,58.619998931884766,NA,24.44,101.06,0.15,1.67624,110.43,NA,NA,0,22.267605633802816,4.27,7.6,1279.2099609375
2011-03-19,NA,NA,NA,NA,NA,NA,NA,NA,NA,0.15,1.67624,NA,NA,NA,0,0,NA,NA,NA
2011-03-20,NA,NA,NA,NA,NA,NA,NA,NA,NA,0.15,1.67624,NA,NA,NA,0,0,NA,NA,NA
2011-03-21,NA,NA,NA,NA,NA,59.380001068115234,NA,20.61,102.36,0.14,1.63411,109.89,NA,NA,0,0,NA,NA,1298.3800048828125
2011-03-22,11.9885,4.3,4.83,NA,35925.3515625,59.72999954223633,NA,20.21,104.53,0.14,1.65381,109.88,NA,NA,0,0,4.24,7.65,1293.77001953125
2011-03-23,12.0004,NA,4.865,NA,36546.62109375,60.75,NA,19.17,105.21,0.14,1.63367,109.78,NA,NA,0,19.2112676056338,4.24,7.61,1297.5400390625
2011-03-24,11.9555,NA,4.825,NA,36872.37890625,61.459999084472656,NA,18,105.04,0.13,1.58388,108.16,NA,NA,0,20.52112676056338,4.27,7.57,1309.6600341796875
2011-03-25,11.9505,NA,4.825,NA,36784.26953125,61.130001068115234,NA,17.91,104.89,0.13,1.54326,106.8,NA,NA,0,0,4.28,7.64,1313.800048828125
2011-03-26,NA,NA,NA,NA,NA,NA,NA,NA,NA,0.13,1.54326,NA,NA,NA,0,0,NA,NA,NA
2011-03-27,NA,NA,NA,NA,NA,NA,NA,NA,NA,0.13,1.54326,NA,NA,NA,0,0,NA,NA,NA
2011-03-28,11.959,NA,4.84,NA,36767.859375,61.18000030517578,NA,19.44,103.54,0.13,1.53198,107.68,NA,NA,0,0,4.29,7.56,1310.18994140625
2011-03-29,11.9678,4.3,4.825,NA,36795.890625,61.439998626708984,NA,18.16,104.34,0.13,1.56209,107.08,NA,NA,0,0,4.29,7.61,1319.43994140625
2011-03-30,11.9219,NA,4.845,NA,37210.26953125,62.209999084472656,NA,17.71,103.8,0.13,1.52734,105.11,NA,NA,0,0,4.29,7.6,1328.260009765625
2011-03-31,11.9084,NA,4.8331,NA,37440.51171875,62.849998474121094,NA,17.74,106.19,0.1,1.60367,105.36,NA,NA,0,0,4.29,7.65,1325.8299560546875
2011-04-01,11.8412,NA,4.87,7.28,37775.0703125,63.72999954223633,NA,17.4,107.55,0.11,1.59234,100.53,1,2,0,0,4.29,7.59,1332.4100341796875
2011-04-02,NA,NA,NA,NA,NA,NA,NA,NA,NA,0.11,1.59234,NA,NA,NA,0,0,NA,NA,NA
2011-04-03,NA,NA,NA,NA,NA,NA,NA,NA,NA,0.11,1.59234,NA,NA,NA,0,0,NA,NA,NA
2011-04-04,11.8533,NA,4.85,NA,37903.578125,63.779998779296875,NA,17.5,108.14,0.09,1.59179,102.03,NA,NA,0,19.91031390134529,4.3,7.55,1332.8699951171875
2011-04-05,11.8322,4.26,4.845,NA,37832.9609375,63.72999954223633,NA,17.25,107.82,0.09,1.56737,100.28,NA,NA,0,0,4.25,7.51,1332.6300048828125
2011-04-06,11.7836,NA,4.8275,NA,37861.80859375,64,NA,16.9,108.38,0.1,1.53683,99.67,NA,NA,0,20.179372197309416,4.24,7.48,1335.5400390625
2011-04-07,11.7931,NA,4.825,NA,37471.5390625,63.5099983215332,NA,17.11,109.82,0.1,1.54338,100.42,NA,NA,0,19.91031390134529,4.23,7.46,1333.510009765625
2011-04-08,11.7421,NA,4.815,NA,37471.71875,63.869998931884766,NA,17.87,112.27,0.09,1.52179,97.21,NA,NA,0,0,4.22,7.42,1328.1700439453125
2011-04-09,NA,NA,NA,NA,NA,NA,NA,NA,NA,0.09,1.52179,NA,NA,NA,0,0,NA,NA,NA
2011-04-10,NA,NA,NA,NA,NA,NA,NA,NA,NA,0.09,1.52179,NA,NA,NA,30,0,NA,NA,NA
2011-04-11,11.7447,NA,4.84,NA,37590.671875,64.11000061035156,NA,16.59,109.5,0.09,1.53032,97.7,NA,NA,0,0,4.25,7.39,1324.4599609375
2011-04-12,11.8266,4.28,4.84,NA,37321.80078125,63.150001525878906,NA,17.09,105.75,0.08,1.56981,99.44,NA,NA,0,0,4.19,7.37,1314.1600341796875
2011-04-13,11.7907,NA,4.86,NA,37347.69140625,63.43000030517578,NA,16.92,106.6,0.08,1.5992,98.94,NA,NA,0,0,4.24,7.35,1314.4100341796875
2011-04-14,11.7679,NA,4.83,NA,37069.9609375,63.13999938964844,NA,16.27,107.73,0.09,1.60837,101.43,NA,NA,0,0,4.24,7.32,1314.52001953125
2011-04-15,11.709,NA,4.8596,NA,36988.37890625,63.38999938964844,NA,15.32,109.17,0.12,1.64566,99.94,NA,NA,0,0,4.22,7.23,1319.6800537109375
2011-04-16,NA,NA,NA,NA,NA,NA,NA,NA,NA,0.12,1.64566,NA,NA,NA,0,0,NA,NA,NA
2011-04-17,NA,NA,NA,NA,NA,NA,NA,NA,NA,0.12,1.64566,NA,NA,NA,0,0,NA,NA,NA
2011-04-18,11.7783,4.33,4.8508,NA,36332.1015625,61.720001220703125,NA,16.96,106.7,0.1,1.67805,103.43,NA,NA,0,0,4.27,7.25,1305.1400146484375
2011-04-19,11.6925,NA,4.865,NA,36440.21875,62.5099983215332,NA,15.83,107.18,0.11,1.69585,101.76,NA,NA,0,0,4.26,7.2,1312.6199951171875
2011-04-20,11.6252,NA,4.845,NA,36816.30859375,63.40999984741211,NA,15.07,110.84,0.1,1.63246,101.42,NA,NA,0,0,4.27,7.3,1330.3599853515625
2011-04-21,NA,NA,NA,NA,NA,63.75,NA,14.69,111.72,0.1,1.62989,101.45,NA,NA,0,0,NA,NA,1337.3800048828125
2011-04-22,NA,NA,NA,NA,NA,NA,NA,NA,NA,0.1,1.62989,101.26,NA,NA,0,0,NA,NA,NA
2011-04-23,NA,NA,NA,NA,NA,NA,NA,NA,NA,0.1,1.62989,NA,NA,NA,0,0,NA,NA,NA
2011-04-24,NA,NA,NA,NA,NA,NA,NA,NA,NA,0.1,1.62989,NA,NA,NA,0,0,NA,NA,NA
2011-04-25,11.6294,NA,4.8448,NA,36860.6796875,63.400001525878906,NA,15.77,111.68,0.1,1.65031,100.71,NA,NA,0,0,4.25,7.32,1335.25
2011-04-26,11.5824,4.24,4.845,NA,36892.23828125,63.90999984741211,NA,15.62,111.72,0.09,1.65156,100.21,NA,NA,0,0,4.21,7.31,1347.239990234375
2011-04-27,11.5868,NA,4.8699,NA,36826.9296875,63.97999954223633,NA,15.35,112.31,0.09,1.61572,99.73,NA,NA,0,0,4.23,7.31,1355.6600341796875
2011-04-28,11.5428,NA,4.8599,NA,36722.640625,63.619998931884766,NA,14.62,112.38,0.09,1.63735,99.48,NA,NA,0,0,4.18,7.26,1360.47998046875
2011-04-29,11.5278,NA,4.84,NA,36962.62109375,64.30999755859375,NA,14.75,113.39,0.09,1.63726,98.49,NA,NA,0,0,4.23,7.24,1363.6099853515625
2011-04-30,NA,NA,NA,NA,NA,NA,NA,NA,NA,0.09,1.63726,NA,NA,NA,0,0,NA,NA,NA
2011-05-01,NA,NA,NA,NA,NA,NA,NA,NA,NA,0.09,1.63726,NA,1,2,NA,0,NA,NA,NA
2011-05-02,11.5023,NA,4.8375,NA,36592.609375,63.75,NA,15.99,113.03,0.09,1.59785,98,NA,NA,NA,0,4.23,7.24,1361.219970703125
2011-05-03,11.5665,4.24,4.86,NA,35873.2109375,62.130001068115234,NA,16.7,110.6,0.09,1.62864,98,NA,NA,NA,0,4.23,7.23,1356.6199951171875
2011-05-04,11.6214,NA,4.845,NA,35531.21875,61.16999816894531,NA,17.08,108.79,0.09,1.65717,98.5,NA,NA,NA,0,4.23,7.26,1347.3199462890625
2011-05-05,11.6934,NA,4.8365,NA,35325.08984375,60.58000183105469,NA,18.2,99.89,0.09,1.65245,99.99,NA,NA,NA,30.8,4.18,7.19,1335.0999755859375
2011-05-06,11.609,NA,4.8323,NA,35212.23046875,60.90999984741211,NA,18.4,96.87,0.09,1.6421,99.24,NA,NA,NA,0,4.23,7.17,1340.199951171875
2011-05-07,NA,NA,NA,NA,NA,NA,NA,NA,NA,0.09,1.6421,NA,NA,NA,NA,0,NA,NA,NA
2011-05-08,NA,NA,NA,NA,NA,NA,NA,NA,NA,0.09,1.6421,NA,NA,NA,NA,0,NA,NA,NA
2011-05-09,11.641,NA,4.845,NA,35467.01171875,61.29999923706055,NA,17.16,100.32,0.09,1.62941,100.25,NA,NA,NA,0,4.18,7.16,1346.2900390625
2011-05-10,11.6009,4.27,4.865,NA,35678.921875,62.08000183105469,NA,15.91,103.39,0.09,1.57019,98.52,NA,NA,NA,0,4.25,7.17,1357.1600341796875
2011-05-11,11.6075,NA,4.85,NA,35380.53125,60.97999954223633,NA,16.95,97.88,0.09,1.59168,98.27,NA,NA,NA,0,4.21,7.13,1342.0799560546875
2011-05-12,11.6656,NA,4.8525,NA,35161.26171875,60.77000045776367,NA,16.03,98.53,0.09,1.56517,99.27,NA,NA,NA,0,4.26,7.15,1348.6500244140625
2011-05-13,11.7219,NA,4.84,NA,35045.140625,60.09000015258789,NA,17.07,99.21,0.09,1.57344,99.02,NA,NA,NA,0,4.21,7.15,1337.77001953125
2011-05-14,NA,NA,NA,NA,NA,NA,NA,NA,NA,0.09,1.57344,NA,NA,NA,NA,0,NA,NA,NA
2011-05-15,NA,NA,NA,NA,NA,NA,NA,NA,NA,0.09,1.57344,NA,NA,NA,NA,0,NA,NA,NA
2011-05-16,11.7094,NA,4.8599,NA,35130.6015625,60.150001525878906,NA,18.24,96.91,0.1,1.59068,97.77,NA,NA,NA,0,4.21,7.12,1329.469970703125
2011-05-17,11.766,4.34,4.8588,NA,34819.5703125,59.810001373291016,NA,17.55,96.4,0.09,1.60321,98.78,NA,NA,NA,0,4.31,7.1,1328.97998046875
2011-05-18,11.7234,NA,4.8465,NA,35364.328125,60.79999923706055,NA,16.23,99.52,0.1,1.57572,97.78,NA,NA,NA,0,4.33,7.08,1340.6800537109375
2011-05-19,11.6588,NA,4.8481,NA,35276.46875,61.09000015258789,NA,15.52,97.99,0.09,1.58459,98.03,NA,NA,NA,0,4.21,7.05,1343.5999755859375
2011-05-20,11.6467,NA,4.83,NA,35298.671875,61.02000045776367,NA,17.43,99.15,0.1,1.5799,99.78,NA,NA,NA,0,4.34,7.01,1333.27001953125
2011-05-21,NA,NA,NA,NA,NA,NA,NA,NA,NA,0.1,1.5799,NA,NA,NA,NA,0,NA,NA,NA
2011-05-22,NA,NA,NA,NA,NA,NA,NA,NA,NA,0.1,1.5799,NA,NA,NA,NA,0,NA,NA,NA
2011-05-23,11.7292,NA,4.835,NA,35215.01953125,60.33000183105469,NA,18.27,97.06,0.1,1.58259,100.8,NA,NA,NA,31.200000000000003,4.31,7.03,1317.3699951171875
2011-05-24,11.7032,4.39,4.84,NA,35382.55859375,60.77000045776367,NA,17.82,99.13,0.1,1.62443,100.53,NA,NA,NA,0,4.28,7.01,1316.280029296875
2011-05-25,11.6948,NA,4.8568,NA,35498.421875,61.119998931884766,NA,17.07,100.78,0.09,1.62505,101.78,NA,NA,NA,0,4.32,7,1320.469970703125
2011-05-26,11.6956,NA,4.8686,NA,35742.2109375,61.630001068115234,NA,16.09,100.18,0.09,1.69263,103.28,NA,NA,NA,0,4.31,6.93,1325.68994140625
2011-05-27,11.6256,NA,4.845,NA,35819.19921875,62.130001068115234,NA,15.98,100.58,0.1,1.69453,104.51,NA,NA,NA,0,4.31,6.92,1331.0999755859375
2011-05-28,NA,NA,NA,NA,NA,NA,NA,NA,NA,0.1,1.69453,NA,NA,NA,NA,0,NA,NA,NA
2011-05-29,NA,NA,NA,NA,NA,NA,NA,NA,NA,0.1,1.69453,NA,NA,NA,NA,0,NA,NA,NA
2011-05-30,11.6123,NA,4.8449,NA,35639.37890625,NA,NA,NA,NA,0.1,1.69453,104.02,NA,NA,NA,0,4.38,6.89,NA
2011-05-31,11.578,4.43,4.8725,NA,35832.7890625,62.36000061035156,NA,15.45,102.7,0.1,1.67816,102.54,NA,NA,NA,0,4.4,6.89,1345.199951171875
2011-06-01,11.6277,NA,4.8699,6.92,35410.51171875,60.810001373291016,NA,18.3,100.3,0.1,1.70163,102.78,1,2,0,0,4.4,6.84,1314.550048828125
2011-06-02,11.6739,NA,4.86,NA,35416.25,61.18000030517578,NA,18.09,100.41,0.1,1.65572,103.53,NA,NA,0,0,4.33,6.88,1312.93994140625
2011-06-03,11.6689,NA,4.85,NA,35123.890625,60.689998626708984,NA,17.95,100.28,0.11,1.66994,104.28,NA,NA,0,0,4.33,6.86,1300.1600341796875
2011-06-04,NA,NA,NA,NA,NA,NA,NA,NA,NA,0.11,1.66994,NA,NA,NA,0,0,NA,NA,NA
2011-06-05,NA,NA,NA,NA,NA,NA,NA,NA,NA,0.11,1.66994,NA,NA,NA,0,0,NA,NA,NA
2011-06-06,11.6983,NA,4.83,NA,34673.48046875,59.459999084472656,NA,18.49,99.07,0.1,1.67469,105.78,NA,NA,0,0,4.33,6.89,1286.1700439453125
2011-06-07,11.7196,4.37,4.85,NA,34895.828125,59.83000183105469,NA,18.07,99.18,0.09,1.66254,105.54,NA,NA,0,10.124069478908188,4.34,6.9,1284.93994140625
2011-06-08,11.8001,NA,4.825,NA,34879.0703125,59.369998931884766,NA,18.79,100.77,0.09,1.7103,106.29,NA,NA,0,10.421836228287841,4.36,6.9,1279.56005859375
2011-06-09,11.7965,NA,4.85,NA,35233.3984375,60.2599983215332,NA,17.77,101.95,0.09,1.67083,106.05,NA,NA,0,0,4.41,6.94,1289
2011-06-10,11.8686,NA,4.855,NA,34963.78125,59.22999954223633,NA,18.86,99.3,0.09,1.70246,107.54,NA,NA,30.000000000000004,0,4.37,6.98,1270.97998046875
2011-06-11,NA,NA,NA,NA,NA,NA,NA,NA,NA,0.09,1.70246,NA,NA,NA,0,0,NA,NA,NA
2011-06-12,NA,NA,NA,NA,NA,NA,NA,NA,NA,0.09,1.70246,NA,NA,NA,0,0,NA,NA,NA
2011-06-13,11.868,NA,4.8689,NA,34997.96875,59.459999084472656,NA,19.61,97.2,0.1,1.68037,107.78,NA,NA,0,11.910669975186103,4.45,6.95,1271.8299560546875
2011-06-14,11.7982,4.38,4.835,NA,35445.6484375,60.47999954223633,NA,18.26,99.37,0.1,1.60021,105.56,NA,NA,0,14.888337468982629,4.35,7.02,1287.8699951171875
2011-06-15,11.8751,NA,4.82,NA,35318.390625,59.630001068115234,NA,21.32,94.83,0.1,1.70033,106.81,NA,NA,0,0,4.35,6.95,1265.4200439453125
2011-06-16,11.9591,NA,4.8435,NA,35220.98828125,59.220001220703125,NA,22.73,94.95,0.1,1.73751,110.54,NA,NA,0,12.655086848635236,4.34,7.02,1267.6400146484375
2011-06-17,11.9006,NA,4.8175,NA,35025.73828125,59.25,NA,21.85,93.02,0.1,1.72766,109.3,NA,NA,0,0,4.39,7.03,1271.5
2011-06-18,NA,NA,NA,NA,NA,NA,NA,NA,NA,0.1,1.72766,NA,NA,NA,0,0,NA,NA,NA
2011-06-19,NA,NA,NA,NA,NA,NA,NA,NA,NA,0.1,1.72766,NA,NA,NA,0,0,NA,NA,NA
2011-06-20,11.8916,NA,4.845,NA,35109.96875,59.540000915527344,NA,19.99,93.23,0.09,1.70753,112.85,NA,NA,0,0,4.34,6.97,1278.3599853515625
2011-06-21,11.813,4.35,4.835,NA,35276.6015625,60.16999816894531,NA,18.86,93.7,0.09,1.68127,110.38,NA,NA,0,0,4.34,6.92,1295.52001953125
2011-06-22,11.7789,NA,4.85,NA,35399.44140625,59.79999923706055,NA,18.52,94.96,0.09,1.65532,109.89,NA,NA,0,0,4.34,6.91,1287.1400146484375
2011-06-23,11.8816,NA,4.835,NA,35326.66015625,59.560001373291016,NA,19.29,90.7,0.08,1.73113,114.08,NA,NA,0,0,4.37,6.84,1283.5
2011-06-24,11.8822,NA,4.845,NA,35347.8515625,59.310001373291016,NA,21.1,90.89,0.08,1.76035,113.59,NA,NA,0,0,4.38,6.84,1268.449951171875
2011-06-25,NA,NA,NA,NA,NA,NA,NA,NA,NA,0.08,1.76035,NA,NA,NA,0,0,NA,NA,NA
2011-06-26,NA,NA,NA,NA,NA,NA,NA,NA,NA,0.08,1.76035,NA,NA,NA,0,0,NA,NA,NA
2011-06-27,11.8938,NA,4.8495,NA,35601.73046875,59.75,NA,20.56,90.65,0.08,1.67085,115.1,NA,NA,0,0,4.35,6.9,1280.0999755859375
2011-06-28,11.8389,4.33,4.8475,NA,36188.91015625,61.11000061035156,NA,19.17,92.9,0.08,1.5826,113.62,NA,NA,0,0,4.35,6.91,1296.6700439453125
2011-06-29,11.7748,NA,4.845,NA,36579.58984375,62.20000076293945,NA,17.27,94.85,0.07,1.5204,110.4,NA,NA,0,0,4.35,6.92,1307.4100341796875
2011-06-30,11.723,NA,4.85,NA,36558.0703125,62.560001373291016,NA,16.52,95.3,0.07,1.48402,108.93,NA,NA,0,0,4.32,6.96,1320.6400146484375
2011-07-01,11.6368,NA,4.8556,6.9,36800.71875,63.2599983215332,NA,15.87,94.81,0.08,1.46673,107.69,2,1,0,NA,4.3,6.98,1339.6700439453125
2011-07-02,NA,NA,NA,NA,NA,NA,NA,NA,NA,0.08,1.46673,NA,NA,NA,0,NA,NA,NA,NA
2011-07-03,NA,NA,NA,NA,NA,NA,NA,NA,NA,0.08,1.46673,NA,NA,NA,0,NA,NA,NA,NA
2011-07-04,11.5925,NA,4.845,NA,36847.1015625,NA,NA,NA,NA,0.08,1.46673,107.93,NA,NA,0,NA,4.27,6.95,NA
2011-07-05,11.6194,4.18,4.84,NA,36640.9296875,62.900001525878906,NA,16.06,96.92,0.08,1.51423,106.7,NA,NA,0,NA,4.18,6.99,1337.8800048828125
2011-07-06,11.6544,NA,4.8389,NA,36468.01171875,62.720001220703125,NA,16.34,96.67,0.07,1.54527,107.2,NA,NA,0,NA,4.28,6.99,1339.219970703125
2011-07-07,11.5738,NA,4.85,NA,36583.2890625,63.41999816894531,NA,15.95,98.7,0.07,1.50639,105.21,NA,NA,0,NA,4.19,6.96,1353.219970703125
2011-07-08,11.6337,NA,4.839,NA,36499.8515625,62.779998779296875,NA,15.95,96.2,0.07,1.60956,107.44,NA,NA,0,NA,4.19,6.87,1343.800048828125
2011-07-09,NA,NA,NA,NA,NA,NA,NA,NA,NA,0.07,1.60956,NA,NA,NA,0,NA,NA,NA,NA
2011-07-10,NA,NA,NA,NA,NA,NA,NA,NA,NA,0.07,1.60956,NA,NA,NA,0,NA,NA,NA,NA
2011-07-11,11.7274,NA,4.826,NA,36359.48828125,61.86000061035156,NA,18.39,95.16,0.07,1.70141,110.42,NA,NA,61.99999999999999,NA,4.2,6.86,1319.489990234375
2011-07-12,11.7867,4.15,4.8185,NA,36178.58984375,61.209999084472656,NA,19.87,97.41,0.06,1.70493,112.7,NA,NA,0,NA,4.16,6.89,1313.6400146484375
2011-07-13,11.717,NA,4.8081,NA,36254.69921875,62.150001525878906,NA,19.91,98.04,0.06,1.72613,112.7,NA,NA,0,NA,4.17,6.88,1317.719970703125
2011-07-14,11.701,NA,4.81,NA,36164.609375,61.65999984741211,NA,20.8,95.75,0.06,1.65494,113.71,NA,NA,0,NA,4.18,6.8,1308.8699951171875
2011-07-15,11.7178,NA,4.8031,NA,36155.859375,61.66999816894531,NA,19.53,97.24,0.06,1.68645,113.96,NA,NA,0,NA,4.14,6.74,1316.1400146484375
2011-07-16,NA,NA,NA,NA,NA,NA,NA,NA,NA,0.06,1.68645,NA,NA,NA,0,NA,NA,NA,NA
2011-07-17,NA,NA,NA,NA,NA,NA,NA,NA,NA,0.06,1.68645,NA,NA,NA,0,NA,NA,NA,NA
2011-07-18,11.7877,NA,4.795,NA,35781.4296875,61.02000045776367,NA,20.95,95.94,0.06,1.66646,116.7,NA,NA,0,NA,4.2,6.76,1305.43994140625
2011-07-19,11.6964,4.15,4.8,NA,35752.01953125,61.439998626708984,NA,19.21,97.49,0.06,1.69803,115.46,NA,NA,0,NA,4.24,6.74,1326.72998046875
2011-07-20,11.6638,NA,4.809,NA,35341.671875,60.65999984741211,NA,19.09,98.11,0.06,1.64282,114.23,NA,NA,0,NA,4.18,6.8,1325.8399658203125
2011-07-21,11.6174,NA,4.79,NA,35555.828125,61.369998931884766,NA,17.56,98.96,0.06,1.58897,111.87,NA,NA,0,NA,4.18,6.79,1343.800048828125
2011-07-22,11.6393,NA,4.7975,NA,35755.48046875,61.689998626708984,NA,17.52,99.53,0.06,1.62186,110.62,NA,NA,0,NA,4.18,6.83,1345.02001953125
2011-07-23,NA,NA,NA,NA,NA,NA,NA,NA,NA,0.06,1.62186,NA,NA,NA,0,NA,NA,NA,NA
2011-07-24,NA,NA,NA,NA,NA,NA,NA,NA,NA,0.06,1.62186,NA,NA,NA,0,NA,NA,NA,NA
2011-07-25,11.6641,NA,4.815,NA,35479.671875,61.33000183105469,NA,19.35,98.97,0.06,1.58638,112.5,NA,NA,0,NA,4.19,6.8,1337.4300537109375
2011-07-26,11.6172,4.08,4.83,NA,35341.26953125,61.279998779296875,NA,20.23,99.61,0.06,1.58295,112.15,NA,NA,0,NA,4.05,6.75,1331.93994140625
2011-07-27,11.6527,NA,4.8125,NA,35597.62890625,61.459999084472656,NA,22.98,97.4,0.07,1.56877,112.4,NA,NA,0,NA,4.18,6.75,1304.8900146484375
2011-07-28,11.6821,NA,4.815,NA,35917.80078125,61.68000030517578,NA,23.74,97.48,0.08,1.54339,111.03,NA,NA,0,NA,3.94,6.73,1300.6700439453125
2011-07-29,11.7425,NA,4.805,NA,35999.33984375,61.810001373291016,NA,25.25,95.68,0.11,1.58988,112.13,NA,NA,0,NA,3.94,6.59,1292.280029296875
2011-07-30,NA,NA,NA,NA,NA,NA,NA,NA,NA,0.11,1.58988,NA,NA,NA,0,NA,NA,NA,NA
2011-07-31,NA,NA,NA,NA,NA,NA,NA,NA,NA,0.11,1.58988,NA,NA,NA,0,NA,NA,NA,NA
2011-08-01,11.7514,NA,4.8225,5.78,35730.7109375,61.459999084472656,NA,23.66,94.98,0.17,1.49872,108.89,2,1,0,0,3.92,6.69,1286.93994140625
2011-08-02,11.7657,3.96,4.815,NA,34814.94140625,59.25,NA,24.79,93.78,0.16,1.56928,109.38,NA,NA,0,0,3.91,6.34,1254.050048828125
2011-08-03,11.8473,NA,4.825,NA,34484.37109375,58.75,NA,23.38,91.87,0.12,1.57372,111.38,NA,NA,0,0,3.95,6.24,1260.3399658203125
2011-08-04,11.9523,NA,4.81,NA,33322.62890625,55.650001525878906,NA,31.66,86.75,0.09,1.75172,121.32,NA,NA,0,0,3.97,6.1,1200.0699462890625
2011-08-05,11.9794,NA,4.82,NA,33697.87109375,56.54999923706055,NA,32,86.89,0.08,1.68808,125.84,NA,NA,0,0,3.9,6.16,1199.3800048828125
2011-08-06,NA,NA,NA,NA,NA,NA,NA,NA,NA,0.08,1.68808,NA,NA,NA,0,0,NA,NA,NA
2011-08-07,NA,NA,NA,NA,NA,NA,NA,NA,NA,0.08,1.68808,NA,NA,NA,14.26,0,NA,NA,NA
2011-08-08,12.1845,NA,4.82,NA,31740.130859375,51.790000915527344,NA,48,81.27,0.11,1.98365,148.33,NA,NA,8.68,0,3.9,6.27,1119.4599609375
2011-08-09,12.371,3.99,4.81,NA,32381.55078125,54.790000915527344,NA,35.06,79.32,0.1,2.05595,154.96,NA,NA,12.813333333333333,0,3.91,6.33,1172.530029296875
2011-08-10,12.3221,NA,4.81,NA,32219.330078125,52.150001525878906,NA,42.99,83.05,0.1,2.1606,153.06,NA,NA,0,0,3.9,6.1,1120.760009765625
2011-08-11,12.3899,NA,4.81,NA,33590.328125,54.84000015258789,NA,39,85.48,0.09,2.11809,162.24,NA,NA,0,0,3.9,6.1,1172.6400146484375
2011-08-12,12.2992,NA,4.8,NA,33361.5,54.7599983215332,NA,36.36,85.19,0.1,2.1453,151.64,NA,NA,0,0,3.9,6.11,1178.81005859375
2011-08-13,NA,NA,NA,NA,NA,NA,NA,NA,NA,0.1,2.1453,NA,NA,NA,0,0,NA,NA,NA
2011-08-14,NA,NA,NA,NA,NA,NA,NA,NA,NA,0.1,2.1453,NA,NA,NA,0,0,NA,NA,NA
2011-08-15,12.2424,NA,4.82,NA,33901.078125,55.9900016784668,NA,31.87,87.88,0.1,2.03746,145.18,NA,NA,0,0,3.91,6.07,1204.489990234375
2011-08-16,12.2631,4.09,4.825,NA,33948.48046875,56.029998779296875,NA,32.85,86.65,0.09,2.10616,143.42,NA,NA,0,0,3.93,6,1192.760009765625
2011-08-17,12.1651,NA,4.8217,NA,34049.578125,56.52000045776367,NA,31.58,87.58,0.09,2.03908,139.56,NA,NA,0,0,3.9,5.92,1193.8900146484375
2011-08-18,12.3685,NA,4.7975,NA,33246.62890625,54.720001220703125,NA,42.67,82.38,0.09,2.14809,145.41,NA,NA,0,0,3.9,5.79,1140.6500244140625
2011-08-19,12.2386,NA,4.805,NA,33136.890625,54.47999954223633,NA,43.05,82.33,0.09,2.14882,145.67,NA,NA,0,0,4.08,5.84,1123.530029296875
2011-08-20,NA,NA,NA,NA,NA,NA,NA,NA,NA,0.09,2.14882,NA,NA,NA,0,0,NA,NA,NA
2011-08-21,NA,NA,NA,NA,NA,NA,NA,NA,NA,0.09,2.14882,NA,NA,NA,11.986666666666666,0,NA,NA,NA
2011-08-22,12.2948,NA,4.7987,NA,33593.6484375,54.959999084472656,NA,42.44,84.42,0.09,2.11094,149.65,NA,NA,0,0,3.9,5.83,1123.8199462890625
2011-08-23,12.3357,4.17,4.805,NA,34675.53125,56.83000183105469,NA,36.27,85.35,0.08,2.1089,156.4,NA,NA,0,31,3.9,5.76,1162.3499755859375
2011-08-24,12.3952,NA,4.8036,NA,34644.921875,56.22999954223633,NA,35.9,84.99,0.08,2.00526,157.4,NA,NA,0,0,4.1,6.09,1177.5999755859375
2011-08-25,12.4259,NA,4.79,NA,33904.37890625,54.7599983215332,NA,39.76,85.15,0.08,2.04214,155.37,NA,NA,7.6466666666666665,0,3.9,6.14,1159.27001953125
2011-08-26,12.4953,NA,4.78,NA,34042.21875,55.310001373291016,NA,35.59,85.37,0.09,2.08877,156.62,NA,NA,0,0,4.11,5.9,1176.800048828125
2011-08-27,NA,NA,NA,NA,NA,NA,NA,NA,NA,0.09,2.08877,NA,NA,NA,0,0,NA,NA,NA
2011-08-28,NA,NA,NA,NA,NA,NA,NA,NA,NA,0.09,2.08877,NA,NA,NA,0,0,NA,NA,NA
2011-08-29,12.4148,NA,4.79,NA,35016.0390625,57.0099983215332,NA,32.28,87.27,0.09,1.99652,154.34,NA,NA,0,0,4.13,6,1210.0799560546875
2011-08-30,12.4838,4.11,4.8,NA,35148.91015625,56.630001068115234,NA,32.89,88.9,0.08,2.02553,152.84,NA,NA,0,0,4.18,6.03,1212.9200439453125
2011-08-31,12.348,NA,4.7925,NA,35721.1015625,58.779998779296875,NA,31.62,88.81,0.08,1.96107,145.33,NA,NA,6.613333333333333,0,4.18,6.08,1218.8900146484375
2011-09-01,12.2616,NA,4.7855,NA,35637.859375,58.66999816894531,NA,31.82,88.93,0.08,2.05862,146.2,3,2,0,0,4.1,6.05,1204.4200439453125
2011-09-02,12.3735,NA,4.77,NA,35134.4296875,57.40999984741211,NA,33.92,86.45,0.08,2.14688,151.44,NA,NA,0,0,4.1,5.98,1173.969970703125
2011-09-03,NA,NA,NA,NA,NA,NA,NA,NA,NA,0.08,2.14688,NA,NA,NA,0,0,NA,NA,NA
2011-09-04,NA,NA,NA,NA,NA,NA,NA,NA,NA,0.08,2.14688,NA,NA,NA,0,0,NA,NA,NA
2011-09-05,12.5353,NA,4.775,NA,33880.01953125,NA,NA,NA,NA,0.08,2.14688,151.42,NA,NA,0,0,4.1,6.05,NA
2011-09-06,12.5102,4.17,4.7745,NA,34439.33984375,56.119998931884766,NA,37,85.99,0.09,2.16433,157.15,NA,NA,0,0,4.14,6,1165.239990234375
2011-09-07,12.4661,NA,4.765,NA,35179.58984375,57.36000061035156,NA,33.38,89.34,0.09,2.08056,149.93,NA,NA,0,0,4.15,6.11,1198.6199951171875
2011-09-08,12.4956,NA,4.77,NA,34712.37890625,56.400001525878906,NA,34.32,89.05,0.09,2.13506,152.67,NA,NA,0,0,4.16,6,1185.9000244140625
2011-09-09,12.6324,NA,4.75,NA,33812.62109375,54.18000030517578,NA,38.52,87.24,0.09,2.25529,164.38,NA,NA,0,0,4.17,6.15,1154.22998046875
2011-09-10,NA,NA,NA,NA,NA,NA,NA,NA,NA,0.09,2.25529,NA,NA,NA,0,0,NA,NA,NA
2011-09-11,NA,NA,NA,NA,NA,NA,NA,NA,NA,0.09,2.25529,NA,NA,NA,0,0,NA,NA,NA
2011-09-12,12.7687,NA,4.772,NA,33792.55859375,53.540000915527344,NA,38.59,88.19,0.09,2.29121,172.36,NA,NA,0,0,4.21,6.36,1162.27001953125
2011-09-13,12.8994,4.25,4.75,NA,33947.62109375,53.77000045776367,NA,36.91,90.21,0.09,2.24796,169.86,NA,NA,6.037441497659906,0,4.2,6.41,1172.8699951171875
2011-09-14,12.9646,NA,4.76,NA,34661.78125,54.22999954223633,NA,34.6,88.91,0.08,2.31771,170.87,NA,NA,0,0,4.16,6.32,1188.6800537109375
2011-09-15,12.9127,NA,4.75,NA,35181.44140625,55.08000183105469,NA,31.97,89.4,0.09,2.26755,165.14,NA,NA,7.160686427457097,0,4.22,6.33,1209.1099853515625
2011-09-16,NA,NA,NA,NA,NA,54.83000183105469,NA,30.98,87.96,0.09,2.28063,161.52,NA,NA,0,0,NA,NA,1216.010009765625
2011-09-17,NA,NA,NA,NA,NA,NA,NA,NA,NA,0.09,2.28063,NA,NA,NA,0,0,NA,NA,NA
2011-09-18,NA,NA,NA,NA,NA,NA,NA,NA,NA,0.09,2.28063,NA,NA,NA,0,0,NA,NA,NA
2011-09-19,13.186,NA,4.78,NA,35076.9609375,54.209999084472656,NA,32.73,85.7,0.09,2.4211,164.52,NA,NA,0,0,4.23,6.51,1204.0899658203125
2011-09-20,13.1669,4.27,4.7825,NA,34337.96875,52.810001373291016,NA,32.86,86.92,0.09,2.36067,171.32,NA,NA,4.914196567862714,0,4.14,6.48,1202.0899658203125
2011-09-21,13.4045,NA,4.78,NA,34019.21875,50.849998474121094,NA,37.32,85.77,0.08,2.46861,184.64,NA,NA,5.47581903276131,10.243902439024392,4.18,6.49,1166.760009765625
2011-09-22,13.8917,NA,4.805,NA,32381.060546875,47.2400016784668,NA,41.35,80.29,0.08,2.75164,202.8,NA,NA,14.040561622464898,0,4.26,6.7,1129.56005859375
2011-09-23,13.7788,NA,4.81,NA,32588.4296875,48.7599983215332,NA,41.25,79.58,0.08,2.73152,197.12,NA,NA,10.95163806552262,15.219512195121954,4.24,6.7,1136.4300537109375
2011-09-24,NA,NA,NA,NA,NA,NA,NA,NA,NA,0.08,2.73152,NA,NA,NA,0,0,NA,NA,NA
2011-09-25,NA,NA,NA,NA,NA,NA,NA,NA,NA,0.08,2.73152,NA,NA,NA,0,0,NA,NA,NA
2011-09-26,13.6677,NA,4.8,NA,33385.94140625,50.2599983215332,NA,39.02,79.97,0.08,2.76055,189.28,NA,NA,14.040561622464898,0,4.22,6.67,1162.949951171875
2011-09-27,13.3414,4.34,4.785,NA,33783.6796875,51.43000030517578,NA,37.71,84.18,0.08,2.59126,176.85,NA,NA,11.092043681747269,18.146341463414636,4.31,6.5,1175.3800048828125
2011-09-28,13.4217,NA,4.785,NA,33438.16015625,50.040000915527344,NA,41.08,80.94,0.08,2.59742,183.31,NA,NA,7.020280811232449,16.390243902439025,4.31,6.51,1151.06005859375
2011-09-29,13.4567,NA,4.7875,NA,33686.16015625,50.279998779296875,NA,38.84,81.87,0.08,2.61382,184.55,NA,NA,9.266770670826833,0,4.3,6.47,1160.4000244140625
2011-09-30,13.7994,NA,4.7843,NA,33503.28125,48.97999954223633,NA,42.96,78.93,0.06,2.66784,193.75,NA,NA,0,0,4.28,6.59,1131.4200439453125
2011-10-01,NA,NA,NA,6.85,NA,NA,NA,NA,NA,0.06,2.66784,NA,2,2,0,0,NA,NA,NA
2011-10-02,NA,NA,NA,NA,NA,NA,NA,NA,NA,0.06,2.66784,NA,NA,NA,6.2,0,NA,NA,NA
2011-10-03,13.8967,NA,4.7905,NA,33133.87890625,48.040000915527344,NA,45.45,77.34,0.08,2.76114,200.44,NA,NA,5.797402597402598,0,4.25,6.73,1099.22998046875
2011-10-04,13.9714,4.35,4.79,NA,32966.23046875,49.119998931884766,NA,40.82,75.4,0.07,2.76546,206.76,NA,NA,6.361038961038961,0,4.32,6.82,1123.949951171875
2011-10-05,13.6675,NA,4.7862,NA,33000.2890625,49.599998474121094,NA,37.81,79.41,0.07,2.71155,196.05,NA,NA,4.187012987012987,11.525641025641026,4.32,6.58,1144.030029296875
2011-10-06,13.5341,NA,4.79,NA,33279.71875,50.779998779296875,NA,36.27,82.32,0.07,2.56258,186.22,NA,NA,0,0,4.27,6.52,1164.969970703125
2011-10-07,13.3143,NA,4.79,NA,33005.08984375,49.849998474121094,NA,36.2,82.7,0.07,2.49808,179.24,NA,NA,0,0,4.27,6.48,1155.4599609375
2011-10-08,NA,NA,NA,NA,NA,NA,NA,NA,NA,0.07,2.49808,NA,NA,NA,0,0,NA,NA,NA
2011-10-09,NA,NA,NA,NA,NA,NA,NA,NA,NA,0.07,2.49808,NA,NA,NA,6.683116883116883,0,NA,NA,NA
2011-10-10,13.2751,NA,4.795,NA,33547.23828125,51.630001068115234,NA,33.02,85.14,0.07,2.49808,179.24,NA,NA,5.716883116883117,0,4.25,6.41,1194.8900146484375
2011-10-11,13.3266,4.37,4.795,NA,33681.80078125,51.58000183105469,NA,32.86,85.54,0.07,2.32413,172.16,NA,NA,0,9.538461538461538,4.34,6.34,1195.5400390625
2011-10-12,13.2213,NA,4.795,NA,34470.359375,52.790000915527344,NA,31.26,85.3,0.07,2.25311,149.86,NA,NA,0,0,4.34,6.32,1207.25
2011-10-13,13.3647,NA,4.795,NA,34584.75,52.75,NA,30.7,83.96,0.07,2.3443,153.59,NA,NA,5.797402597402598,12.519230769230768,4.08,6.29,1203.6600341796875
2011-10-14,13.2711,NA,4.7975,NA,34848.421875,53.5,NA,28.24,86.8,0.07,2.27743,147.63,NA,NA,4.911688311688311,0,4.33,6.13,1224.5799560546875
2011-10-15,NA,NA,NA,NA,NA,NA,NA,NA,NA,0.07,2.27743,NA,NA,NA,0,0,NA,NA,NA
2011-10-16,NA,NA,NA,NA,NA,NA,NA,NA,NA,0.07,2.27743,NA,NA,NA,0,0,NA,NA,NA
2011-10-17,13.2952,NA,4.7936,NA,34125.69921875,51.720001220703125,NA,33.39,86.38,0.07,2.33259,151.1,NA,NA,0,0,4.32,6.26,1200.8599853515625
2011-10-18,13.4445,4.35,4.7975,NA,35011.7109375,53.43000030517578,NA,31.56,88.34,0.07,2.3481900000000002,150.13,NA,NA,5.8779220779220775,0,4.32,6.25,1225.3800048828125
2011-10-19,13.3733,NA,4.805,NA,34523.26953125,52.439998626708984,NA,34.44,86.11,0.07,2.35032,148.13,NA,NA,6.28051948051948,0,4.34,6.21,1209.8800048828125
2011-10-20,13.6628,NA,4.79,NA,34395.5,51.41999816894531,NA,34.78,86.07,0.07,2.36542,156.12,NA,NA,0,0,4.34,6.3,1215.3900146484375
2011-10-21,13.5996,NA,4.7906,NA,35020.73828125,52.22999954223633,NA,31.32,87.19,0.07,2.30227,152.63,NA,NA,0,0,4.32,6.27,1238.25
2011-10-22,NA,NA,NA,NA,NA,NA,NA,NA,NA,0.07,2.30227,NA,NA,NA,0,0,NA,NA,NA
2011-10-23,NA,NA,NA,NA,NA,NA,NA,NA,NA,0.07,2.30227,NA,NA,NA,0,0,NA,NA,NA
2011-10-24,13.4889,NA,4.7875,NA,35265.55859375,53.900001525878906,NA,29.26,91.12,0.07,2.2694,151.65,NA,NA,0,15.499999999999998,4.26,6.21,1254.18994140625
2011-10-25,13.4459,4.37,4.7925,NA,35290.1484375,53.33000183105469,NA,32.22,92.98,0.07,2.32279,152.36,NA,NA,0,12.916666666666666,4.32,6.25,1229.050048828125
2011-10-26,13.4914,NA,4.81,NA,35818.578125,54.34000015258789,NA,29.86,90.2,0.08,2.20475,150.67,NA,NA,4.187012987012987,0,4.31,6.23,1242
2011-10-27,13.1973,NA,4.8069,NA,36727.2109375,57.06999969482422,NA,25.46,93.96,0.07,1.95666,135.48,NA,NA,0,0,4.34,6.11,1284.5899658203125
2011-10-28,13.1132,NA,4.7975,NA,36708.640625,57.52000045776367,NA,24.53,93.32,0.07,2.06724,133.72,NA,NA,0,0,4.26,6.15,1285.0899658203125
2011-10-29,NA,NA,NA,NA,NA,NA,NA,NA,NA,0.07,2.06724,NA,NA,NA,0,0,NA,NA,NA
2011-10-30,NA,NA,NA,NA,NA,NA,NA,NA,NA,0.07,2.06724,NA,NA,NA,0,0,NA,NA,NA
2011-10-31,13.1802,4.38,4.8018,NA,36159.98828125,55.279998779296875,NA,29.96,93.19,0.09,2.21197,139.02,NA,NA,0,0,4.36,6.2,1253.300048828125
2011-11-01,13.6282,NA,4.8,6.38,35742.5703125,53.43000030517578,NA,34.77,92.19,0.08,2.27014,148.92,2,2,9.627507163323783,0,4.37,6.21,1218.280029296875
2011-11-02,NA,NA,NA,NA,NA,54.5099983215332,NA,32.74,92.51,0.08,2.22776,147.31,NA,NA,0,0,NA,NA,1237.9000244140625
2011-11-03,13.4128,NA,4.79,NA,36579.0703125,55.54999923706055,NA,30.5,94.07,0.09,2.09925,140.73,NA,NA,0,0,4.35,6.06,1261.1500244140625
2011-11-04,13.4698,NA,4.795,NA,36689.37890625,55.34000015258789,NA,30.16,94.26,0.08,2.11343,142.39,NA,NA,0,0,4.34,6.04,1253.22998046875
2011-11-05,NA,NA,NA,NA,NA,NA,NA,NA,NA,0.08,2.11343,NA,NA,NA,0,0,NA,NA,NA
2011-11-06,NA,NA,NA,NA,NA,NA,NA,NA,NA,0.08,2.11343,NA,NA,NA,0,0,NA,NA,NA
2011-11-07,13.4504,NA,4.7975,NA,37024.609375,56,NA,29.85,95.52,0.08,2.14794,142.72,NA,NA,0,9.403973509933776,4.27,6.05,1261.1199951171875
2011-11-08,13.3852,4.35,4.7875,NA,37351.80859375,56.900001525878906,NA,27.48,96.8,0.08,2.04657,141.24,NA,NA,0,0,4.34,6.08,1275.9200439453125
2011-11-09,13.5252,NA,4.795,NA,36553.8515625,54.529998779296875,NA,36.16,95.74,0.08,2.18415,153.48,NA,NA,0,0,4.31,6.21,1229.0999755859375
2011-11-10,13.5622,NA,4.805,NA,36615.0703125,55.040000915527344,NA,32.81,97.78,0.08,2.09127,154.51,NA,NA,10.487106017191978,10.993377483443709,4.29,6.17,1239.699951171875
2011-11-11,13.4165,NA,4.805,NA,37555.6484375,56.56999969482422,NA,30.04,98.99,0.08,2.09127,154.51,NA,NA,0,0,NA,6.22,1263.8499755859375
2011-11-12,NA,NA,NA,NA,NA,NA,NA,NA,NA,0.08,2.09127,NA,NA,NA,0,0,NA,NA,NA
2011-11-13,NA,NA,NA,NA,NA,NA,NA,NA,NA,0.08,2.09127,NA,NA,NA,0,0,NA,NA,NA
2011-11-14,13.5122,NA,4.8039,NA,37069.8984375,55.869998931884766,NA,31.13,98.14,0.08,2.10596,154.27,NA,NA,0,0,4.24,6.28,1251.780029296875
2011-11-15,13.5672,4.35,4.7936,NA,37293.37890625,55.86000061035156,NA,31.22,99.37,0.09,2.1153,160.71,NA,NA,0,0,4.33,6.36,1257.81005859375
2011-11-16,13.5847,NA,4.81,NA,36708.41015625,54.869998931884766,NA,33.51,102.59,0.08,2.15502,159.54,NA,NA,0,7.152317880794703,4.34,6.4,1236.9100341796875
2011-11-17,13.6375,NA,4.8056,NA,36110.6796875,53.689998626708984,NA,34.51,98.82,0.08,2.27404,168.87,NA,NA,0,0,4.26,6.52,1216.1300048828125
2011-11-18,13.7033,NA,4.795,NA,36284.19921875,53.93000030517578,NA,32,97.67,0.08,2.25102,169.9,NA,NA,0,0,4.34,6.46,1215.6500244140625
2011-11-19,NA,NA,NA,NA,NA,NA,NA,NA,NA,0.08,2.25102,NA,NA,NA,0,0,NA,NA,NA
2011-11-20,NA,NA,NA,NA,NA,NA,NA,NA,NA,0.08,2.25102,NA,NA,NA,0,0,NA,NA,NA
2011-11-21,NA,NA,NA,NA,NA,52.130001068115234,NA,32.91,96.73,0.08,2.3325,181.11,NA,NA,0,0,NA,NA,1192.97998046875
2011-11-22,13.9812,4.32,4.7941,NA,35969.609375,52.47999954223633,NA,31.97,97.76,0.08,2.35445,176.12,NA,NA,0,0,4.32,6.52,1188.0400390625
2011-11-23,14.1291,NA,4.805,NA,35375.609375,50.880001068115234,NA,33.98,96.16,0.09,2.43487,184.54,NA,NA,9.283667621776505,7.0198675496688745,4.26,6.63,1161.7900390625
2011-11-24,14.1778,NA,4.8025,NA,35323.6015625,NA,NA,NA,NA,0.09,2.43487,182.72,NA,NA,9.627507163323783,9.668874172185431,4.26,6.69,NA
2011-11-25,14.2443,NA,4.81,NA,34573.0390625,49.63999938964844,NA,34.47,96.91,0.07,2.43487,187.28,NA,NA,0,9.006622516556291,4.37,6.76,1158.6700439453125
2011-11-26,NA,NA,NA,NA,NA,NA,NA,NA,NA,0.07,2.43487,NA,NA,NA,0,0,NA,NA,NA
2011-11-27,NA,NA,NA,NA,NA,NA,NA,NA,NA,0.07,2.43487,NA,NA,NA,0,0,NA,NA,NA
2011-11-28,14.0344,NA,4.805,NA,35558.1796875,51.7400016784668,NA,32.13,98.21,0.08,2.36859,175.35,NA,NA,11.518624641833812,0,4.31,6.63,1192.550048828125
2011-11-29,13.9538,4.39,4.795,NA,35708.7109375,52.7599983215332,NA,30.64,99.79,0.08,2.33515,174.63,NA,NA,9.455587392550145,0,4.37,6.48,1195.18994140625
2011-11-30,13.61,NA,4.7975,NA,36829.1484375,55.029998779296875,NA,27.8,100.36,0.1,2.27738,160.01,NA,NA,0,6.754966887417219,4.32,6.22,1246.9599609375
2011-12-01,13.5894,NA,4.8,6.46,36567.62890625,54.70000076293945,NA,27.41,100.2,0.08,2.21013,157.41,2,1,0,0,NA,6.29,1244.5799560546875
2011-12-02,13.5488,NA,4.795,NA,36756.05859375,55.040000915527344,NA,27.52,100.97,0.08,2.25745,154.7,NA,NA,12.888888888888888,0,4.29,6.36,1244.280029296875
2011-12-03,NA,NA,NA,NA,NA,NA,NA,NA,NA,0.08,2.25745,NA,NA,NA,0,0,NA,NA,NA
2011-12-04,NA,NA,NA,NA,NA,NA,NA,NA,NA,0.08,2.25745,NA,NA,NA,0,0,NA,NA,NA
2011-12-05,13.4786,NA,4.805,NA,37103.171875,55.91999816894531,NA,27.84,100.94,0.08,2.2411,143.64,NA,NA,0,0,4.24,6.33,1257.0799560546875
2011-12-06,13.497,4.33,4.79,NA,37071.171875,55.9900016784668,NA,28.13,101.25,0.08,2.17303,143.66,NA,NA,0,0,4.29,6.34,1258.469970703125
2011-12-07,13.5118,NA,4.7975,NA,37054.55859375,55.77000045776367,NA,28.67,100.45,0.08,2.24177,141.68,NA,NA,0,0,4.33,6.32,1261.010009765625
2011-12-08,13.6569,NA,4.805,NA,36641.30859375,54.40999984741211,NA,30.59,98.35,0.07,2.25674,144.61,NA,NA,0,0,4.35,6.4,1234.3499755859375
2011-12-09,13.6406,NA,4.81,NA,37227.2109375,55.790000915527344,NA,26.38,99.4,0.07,2.1233,145.15,NA,NA,0,0,4.34,6.37,1255.18994140625
2011-12-10,NA,NA,NA,NA,NA,NA,NA,NA,NA,0.07,2.1233,NA,NA,NA,0,0,NA,NA,NA
2011-12-11,NA,NA,NA,NA,NA,NA,NA,NA,NA,0.07,2.1233,NA,NA,NA,0,0,NA,NA,NA
2011-12-12,NA,NA,NA,NA,NA,54.09000015258789,NA,25.67,97.77,0.07,2.15045,147.13,NA,NA,0,31,NA,NA,1236.469970703125
2011-12-13,13.7714,4.33,4.805,NA,36471.44140625,53.40999984741211,NA,25.41,100.24,0.07,2.16126,147.38,NA,NA,0,0,4.29,6.49,1225.72998046875
2011-12-14,13.9412,NA,4.8075,NA,36012.671875,52.59000015258789,NA,26.04,94.92,0.07,2.23832,154.44,NA,NA,14.222222222222221,0,4.37,6.61,1211.8199462890625
2011-12-15,13.823,NA,4.8,NA,36006.8984375,52.72999954223633,NA,25.11,93.84,0.07,2.22875,155.96,NA,NA,16,0,4.38,6.59,1215.75
2011-12-16,13.845,NA,4.787,NA,36054.62890625,52.86000061035156,NA,24.29,93.55,0.07,2.30089,155.06,NA,NA,0,0,4.29,6.61,1219.6600341796875
2011-12-17,NA,NA,NA,NA,NA,NA,NA,NA,NA,0.07,2.30089,NA,NA,NA,0,0,NA,NA,NA
2011-12-18,NA,NA,NA,NA,NA,NA,NA,NA,NA,0.07,2.30089,NA,NA,NA,0,0,NA,NA,NA
2011-12-19,13.8542,NA,4.8025,NA,35587.78125,52.060001373291016,NA,24.92,93.86,0.07,2.34347,157.23,NA,NA,0,0,4.25,6.59,1205.3499755859375
2011-12-20,13.772,4.33,4.7983,NA,36239.390625,53.15999984741211,NA,23.22,97.16,0.07,2.22438,153.15,NA,NA,0,0,4.29,6.46,1241.300048828125
2011-12-21,13.8526,NA,4.79,NA,36628.05859375,53.52000045776367,NA,21.43,98.54,0.07,2.15033,154.66,NA,NA,0,0,4.39,6.4,1243.719970703125
2011-12-22,13.8169,NA,4.8,NA,37066.76953125,54.130001068115234,NA,21.16,99.42,0.07,2.15859,151.43,NA,NA,0,0,4.3,6.37,1254
2011-12-23,13.8163,NA,4.8018,NA,37041.421875,54.25,NA,20.73,99.72,0.08,2.0703,151.56,NA,NA,0,0,4.3,6.33,1265.3299560546875
2011-12-24,NA,NA,NA,NA,NA,NA,NA,NA,NA,0.08,2.0703,NA,NA,NA,0,0,NA,NA,NA
2011-12-25,NA,NA,NA,NA,NA,NA,NA,NA,NA,0.08,2.0703,NA,NA,NA,0,0,NA,NA,NA
2011-12-26,13.8483,NA,4.7935,NA,NA,NA,NA,NA,NA,0.08,2.0703,151.25,NA,NA,0,0,4.3,6.33,NA
2011-12-27,13.9658,4.31,4.7862,NA,37091.421875,53.540000915527344,NA,21.91,101.29,0.07,2.08088,151.48,NA,NA,0,0,4.3,6.45,1265.4300537109375
2011-12-28,13.9904,NA,4.7975,NA,36644.859375,53,NA,23.52,99.44,0.07,2.1967,153.18,NA,NA,0,0,4.3,6.47,1249.6400146484375
2011-12-29,13.9787,NA,4.79,NA,37185.73046875,53.81999969482422,NA,22.65,99.68,0.07,2.22123,152.21,NA,NA,0,0,4.3,6.5,1263.02001953125
2011-12-30,13.9476,NA,4.8035,NA,37077.51953125,53.7599983215332,NA,23.4,98.83,0.04,2.2222,151.7,NA,NA,18.88888888888889,0,4.3,6.47,1257.5999755859375
2011-12-31,NA,NA,NA,NA,NA,NA,NA,NA,NA,0.04,2.2222,NA,NA,NA,0,0,NA,NA,NA
2012-01-01,NA,NA,NA,NA,NA,NA,NA,NA,NA,0.04,2.2222,NA,1,2,0,0,NA,NA,NA
2012-01-02,13.9342,NA,4.805,NA,NA,NA,NA,NA,NA,0.04,2.2222,151.27,NA,NA,0,0,4.25,6.47,NA
2012-01-03,13.6882,4.32,4.8,NA,37384.33984375,55.310001373291016,NA,22.97,102.96,0.07,2.16235,147.39,NA,NA,0,0,4.31,6.37,1277.06005859375
2012-01-04,13.7144,NA,4.79,NA,37387.62890625,55.2599983215332,NA,22.22,103.22,0.07,2.16106,148.13,NA,NA,0,0,4.31,6.33,1277.300048828125
2012-01-05,13.7409,NA,4.7815,NA,37017.94921875,54.61000061035156,NA,21.48,101.81,0.07,2.16408,150.82,NA,NA,0,0,4.31,6.31,1281.06005859375
2012-01-06,13.7228,NA,4.78,NA,NA,54.29999923706055,NA,20.63,101.56,0.07,2.21713,150.09,NA,NA,0,0,4.26,6.35,1277.81005859375
2012-01-07,NA,NA,NA,NA,NA,NA,NA,NA,NA,0.07,2.21713,NA,NA,NA,14.657608695652174,0,NA,NA,NA
2012-01-08,NA,NA,NA,NA,NA,NA,NA,NA,NA,0.07,2.21713,NA,NA,NA,0,0,NA,NA,NA
2012-01-09,13.7437,NA,4.795,NA,36785.33984375,54.43000030517578,NA,21.07,101.31,0.08,2.21216,151.6,NA,NA,0,0,4.31,6.35,1280.699951171875
2012-01-10,13.6204,4.26,4.7875,NA,37190.8984375,55.119998931884766,NA,20.69,102.24,0.08,2.26761,148.13,NA,NA,0,15.346534653465346,4.24,6.3,1292.0799560546875
2012-01-11,13.6592,NA,4.78,NA,37307.640625,55.40999984741211,NA,21.05,100.89,0.08,2.40254,151.86,NA,NA,0,9.207920792079207,4.16,6.32,1292.47998046875
2012-01-12,13.5982,NA,4.7837,NA,37320.96875,55.81999969482422,NA,20.47,99.03,0.08,2.39769,150.14,NA,NA,0,0,4.28,6.26,1295.5
2012-01-13,13.6263,NA,4.79,NA,36548.55859375,54.45000076293945,NA,20.91,98.69,0.09,2.46637,153,NA,NA,0,0,4.27,6.27,1289.0899658203125
2012-01-14,NA,NA,NA,NA,NA,NA,NA,NA,NA,0.09,2.46637,NA,NA,NA,0,0,NA,NA,NA
2012-01-15,NA,NA,NA,NA,NA,NA,NA,NA,NA,0.09,2.46637,NA,NA,NA,0,0,NA,NA,NA
2012-01-16,13.5401,NA,4.79,NA,36916.16015625,NA,NA,NA,NA,0.09,2.46637,151.66,NA,NA,0,0,4.25,6.21,NA
2012-01-17,13.4621,4.27,4.78,NA,36601.19921875,55.130001068115234,NA,22.2,100.7,0.09,2.4467,153.77,NA,NA,0,0,4.24,6.2,1293.6700439453125
2012-01-18,13.3267,NA,4.775,NA,37506.76171875,57.06999969482422,NA,20.89,100.61,0.09,2.41756,151.81,NA,NA,0,0,4.17,6.11,1308.0400390625
2012-01-19,13.2516,NA,4.785,NA,37680.05859375,57.61000061035156,NA,19.87,100.32,0.1,2.31272,147.64,NA,NA,0,10.128712871287128,4.27,6.1,1314.5
2012-01-20,13.224,NA,4.7725,NA,37384.2109375,57.25,NA,18.28,98.15,0.09,2.25449,147.76,NA,NA,0,8.44059405940594,4.25,6.03,1315.3800048828125
2012-01-21,NA,NA,NA,NA,NA,NA,NA,NA,NA,0.09,2.25449,NA,NA,NA,0,0,NA,NA,NA
2012-01-22,NA,NA,NA,NA,NA,NA,NA,NA,NA,0.09,2.25449,NA,NA,NA,0,0,NA,NA,NA
2012-01-23,13.1383,NA,4.7879,NA,37195.73046875,57.119998931884766,NA,18.67,99.47,0.09,2.22618,147.19,NA,NA,0,10.128712871287128,4.26,6.07,1316
2012-01-24,13.1712,4.24,4.7975,NA,36853.30078125,56.95000076293945,NA,18.91,98.84,0.09,2.2368,147.62,NA,NA,0,0,4.26,6.08,1314.6500244140625
2012-01-25,13.1319,NA,4.775,NA,37212.859375,57.970001220703125,NA,18.31,99.23,0.08,2.21366,147.58,NA,NA,0,0,4.25,6.02,1326.06005859375
2012-01-26,12.9325,NA,4.78,NA,37240.78125,57.9900016784668,NA,18.57,99.76,0.08,2.27394,141.58,NA,NA,0,0,4.18,5.92,1318.4300537109375
2012-01-27,12.9504,NA,4.79,NA,37184.7109375,58.34000015258789,NA,18.53,99.47,0.09,2.29012,142.83,NA,NA,0,0,4.23,5.95,1316.3299560546875
2012-01-28,NA,NA,NA,NA,NA,NA,NA,NA,NA,0.09,2.29012,NA,NA,NA,0,0,NA,NA,NA
2012-01-29,NA,NA,NA,NA,NA,NA,NA,NA,NA,0.09,2.29012,NA,NA,NA,0,0,NA,NA,NA
2012-01-30,13.0063,NA,4.7925,NA,37241.609375,58.18000030517578,NA,19.4,98.75,0.09,2.32714,142.51,NA,NA,0,0,4.18,5.9,1313.010009765625
2012-01-31,13.0077,4.24,4.7918,NA,37422.6796875,58.16999816894531,NA,19.44,98.46,0.11,2.29384,142.02,NA,NA,16.342391304347824,8.747524752475247,4.14,5.91,1312.4100341796875
2012-02-01,12.89,NA,4.785,NA,37709.6484375,59.22999954223633,NA,18.55,97.63,0.11,2.18297,136.19,1,2,0,8.227906976744187,4.22,5.9,1324.0899658203125
2012-02-02,12.8038,NA,4.7869,NA,37711.16015625,59.599998474121094,NA,17.98,96.36,0.11,2.20096,138.32,NA,NA,4.983098591549296,9.576744186046513,4.24,6.03,1325.5400390625
2012-02-03,12.712,NA,4.785,NA,38092.80859375,60.959999084472656,NA,17.1,97.8,0.11,2.08104,133.98,NA,NA,0,0,4.25,6.09,1344.9000244140625
2012-02-04,NA,NA,NA,NA,NA,NA,NA,NA,NA,0.11,2.08104,NA,NA,NA,5.881690140845071,0,NA,NA,NA
2012-02-05,NA,NA,NA,NA,NA,NA,NA,NA,NA,0.11,2.08104,NA,NA,NA,0,0,NA,NA,NA
2012-02-06,NA,NA,NA,NA,NA,60.7400016784668,NA,17.76,96.89,0.11,2.11657,135.26,NA,NA,0,0,NA,NA,1344.3299560546875
2012-02-07,12.6472,4.34,4.7825,NA,38062.421875,60.790000915527344,NA,17.65,98.55,0.11,2.05797,134.04,NA,NA,6.861971830985915,0,4.12,6.18,1347.050048828125
2012-02-08,12.6833,NA,4.785,NA,38140.55078125,60.61000061035156,NA,18.16,98.8,0.11,2.06817,134.01,NA,NA,0,0,4.29,6.23,1349.9599609375
2012-02-09,12.72,NA,4.785,NA,38242.28125,61.130001068115234,NA,18.63,99.88,0.11,2.00818,134.03,NA,NA,0,0,4.31,6.2,1351.949951171875
2012-02-10,12.7857,NA,4.79,NA,38149.21875,60.369998931884766,NA,20.79,98.68,0.12,2.08747,137.02,NA,NA,0,8.632558139534884,4.32,6.3,1342.6400146484375
2012-02-11,NA,NA,NA,NA,NA,NA,NA,NA,NA,0.12,2.08747,NA,NA,NA,0,0,NA,NA,NA
2012-02-12,NA,NA,NA,NA,NA,NA,NA,NA,NA,0.12,2.08747,NA,NA,NA,0,0,NA,NA,NA
2012-02-13,12.7392,NA,4.785,NA,38204.328125,61.0099983215332,NA,19.04,100.39,0.12,2.04116,135.82,NA,NA,0,0,4.3,6.16,1351.77001953125
2012-02-14,12.7753,4.36,4.785,NA,37831.87109375,60.189998626708984,NA,19.54,100.82,0.12,2.093,135.82,NA,NA,0,7.958139534883721,4.23,6.16,1350.5
2012-02-15,12.7658,NA,4.78,NA,37864.55078125,59.77000045776367,NA,21.14,101.82,0.12,2.10233,135.69,NA,NA,0,0,4.35,6.21,1343.22998046875
2012-02-16,12.8822,NA,4.785,NA,38212.23828125,60.529998779296875,NA,19.22,102.33,0.11,2.04859,136.61,NA,NA,0,0,4.34,6.2,1358.0400390625
2012-02-17,12.7856,NA,4.7825,NA,37914.69921875,60.349998474121094,NA,17.78,103.27,0.09,2.04006,133.62,NA,NA,0,0,4.43,6.21,1361.22998046875
2012-02-18,NA,NA,NA,NA,NA,NA,NA,NA,NA,0.09,2.04006,NA,NA,NA,0,0,NA,NA,NA
2012-02-19,NA,NA,NA,NA,NA,NA,NA,NA,NA,0.09,2.04006,NA,NA,NA,0,0,NA,NA,NA
2012-02-20,12.6793,NA,4.7801,NA,38296.6796875,NA,NA,NA,NA,0.09,2.04006,133.32,NA,NA,6.535211267605634,7.688372093023257,4.44,6.3,NA
2012-02-21,12.7408,4.35,4.7825,NA,37859.48046875,59.939998626708984,NA,18.19,105.88,0.1,2.01469,132.42,NA,NA,0,0,4.14,6.34,1362.2099609375
2012-02-22,12.8296,NA,4.78,NA,37912.55078125,59.75,NA,18.19,105.99,0.08,2.02881,132.93,NA,NA,4.738028169014084,0,4.29,6.35,1357.6600341796875
2012-02-23,12.8294,NA,4.785,NA,38027.83984375,59.97999954223633,NA,16.8,107.44,0.08,2.07767,132.69,NA,NA,0,7.553488372093024,4.34,6.36,1363.4599609375
2012-02-24,12.8675,NA,4.785,NA,37945.21875,59.630001068115234,NA,17.31,109.39,0.09,2.0791,132.45,NA,NA,0,0,4.34,6.38,1365.739990234375
2012-02-25,NA,NA,NA,NA,NA,NA,NA,NA,NA,0.09,2.0791,NA,NA,NA,0,0,NA,NA,NA
2012-02-26,NA,NA,NA,NA,NA,NA,NA,NA,NA,0.09,2.0791,NA,NA,NA,0,0,NA,NA,NA
2012-02-27,12.8779,NA,4.7833,NA,37785.71875,59.29999923706055,NA,18.19,108.49,0.1,2.12426,133.34,NA,NA,0,8.36279069767442,4.37,6.32,1367.5899658203125
2012-02-28,12.8575,4.27,4.78,NA,38021.421875,59.70000076293945,NA,17.96,106.59,0.1,2.10409,133.61,NA,NA,0,0,3.88,6.32,1372.1800537109375
2012-02-29,12.7891,NA,4.785,NA,37816.69140625,59.34000015258789,NA,18.43,107.08,0.1,2.0869,134.36,NA,NA,0,0,4.34,6.34,1365.6800537109375
2012-03-01,12.7764,NA,4.785,NA,38033.44921875,60.33000183105469,NA,17.26,108.76,0.11,2.0205,131.79,1,2,0,10.549253731343283,4.27,6.36,1374.0899658203125
2012-03-02,12.7723,NA,4.7738,NA,38327.4296875,60.63999938964844,NA,17.29,106.68,0.11,1.99729,128.43,NA,NA,0,0,4.17,6.35,1369.6300048828125
2012-03-03,NA,NA,NA,NA,NA,NA,NA,NA,NA,0.11,1.99729,NA,NA,NA,0,0,NA,NA,NA
2012-03-04,NA,NA,NA,NA,NA,NA,NA,NA,NA,0.11,1.99729,NA,NA,NA,0,0,NA,NA,NA
2012-03-05,12.8339,NA,4.775,NA,38155.26953125,60.06999969482422,NA,18.05,106.7,0.11,2.03896,126.47,NA,NA,0,13.880597014925373,4.16,6.43,1364.3299560546875
2012-03-06,12.9777,4.27,4.78,NA,37487.62890625,58.400001525878906,NA,20.87,104.71,0.11,2.11378,131.7,NA,NA,0,0,4.34,6.35,1343.3599853515625
2012-03-07,12.9469,NA,4.7738,NA,37548.5390625,59.02000045776367,NA,19.07,106.16,0.11,2.07811,129.99,NA,NA,0,0,4.25,6.25,1352.6300048828125
2012-03-08,12.784,NA,4.759,NA,37815.4296875,60.25,NA,17.95,106.65,0.11,2.00708,126.27,NA,NA,0,0,4.24,6.22,1365.9100341796875
2012-03-09,12.6299,NA,4.764,NA,37691.01171875,60.2599983215332,NA,17.11,107.4,0.12,1.99076,123.54,NA,NA,0,0,4.25,6.25,1370.8699951171875
2012-03-10,NA,NA,NA,NA,NA,NA,NA,NA,NA,0.12,1.99076,NA,NA,NA,0,0,NA,NA,NA
2012-03-11,NA,NA,NA,NA,NA,NA,NA,NA,NA,0.12,1.99076,NA,NA,NA,0,0,NA,NA,NA
2012-03-12,12.715,NA,4.7587,NA,37590.171875,60.060001373291016,NA,15.64,106.34,0.12,1.94879,122.34,NA,NA,0,12.585074626865671,4.27,6.22,1371.0899658203125
2012-03-13,12.6336,4.18,4.765,NA,38019.76171875,61.36000061035156,NA,14.8,106.7,0.12,1.8685,116.12,NA,NA,0,0,4.12,6.29,1395.949951171875
2012-03-14,12.6719,NA,4.765,NA,37971.44140625,60.61000061035156,NA,15.31,105.49,0.13,1.77076,113.51,NA,NA,0,0,4.21,6.41,1394.280029296875
2012-03-15,12.6591,NA,4.765,NA,38134.5703125,61.15999984741211,NA,15.42,105.19,0.14,1.79474,113.79,NA,NA,0,0,4.27,6.35,1402.5999755859375
2012-03-16,12.6645,NA,4.765,NA,38258.44921875,61.060001373291016,NA,14.47,107.03,0.15,1.8004,112.19,NA,NA,0,13.51044776119403,4.11,6.41,1404.1700439453125
2012-03-17,NA,NA,NA,NA,NA,NA,NA,NA,NA,0.15,1.8004,NA,NA,NA,0,0,NA,NA,NA
2012-03-18,NA,NA,NA,NA,NA,NA,NA,NA,NA,0.15,1.8004,NA,NA,NA,0,0,NA,NA,NA
2012-03-19,NA,NA,NA,NA,NA,61.189998626708984,NA,15.04,108.09,0.15,1.75799,106.87,NA,NA,0,0,NA,NA,1409.75
2012-03-20,12.6935,4.21,4.77,NA,38055.26953125,60.630001068115234,NA,15.58,105.68,0.15,1.75514,106.4,NA,NA,0,0,4.27,6.45,1405.52001953125
2012-03-21,12.6833,NA,4.7688,NA,38434.51171875,61.29999923706055,NA,15.13,106.87,0.15,1.80427,107.89,NA,NA,0,0,4.37,6.41,1402.8900146484375
2012-03-22,12.833,NA,4.7683,NA,38323.51171875,60.650001525878906,NA,15.57,104.98,0.14,1.83481,113.12,NA,NA,0,0,4.19,6.35,1392.780029296875
2012-03-23,12.8035,NA,4.7683,NA,38334.8984375,60.88999938964844,NA,14.82,106.43,0.14,1.86715,114.77,NA,NA,0,0,4.29,6.33,1397.1099853515625
2012-03-24,NA,NA,NA,NA,NA,NA,NA,NA,NA,0.14,1.86715,NA,NA,NA,0,0,NA,NA,NA
2012-03-25,NA,NA,NA,NA,NA,NA,NA,NA,NA,0.14,1.86715,NA,NA,NA,0,0,NA,NA,NA
2012-03-26,12.6795,NA,4.7666,NA,38863.1484375,62.34000015258789,NA,14.26,107.07,0.14,1.87309,110.58,NA,NA,0,11.474626865671642,4.38,6.35,1416.510009765625
2012-03-27,12.6706,4.28,4.764,NA,38956.3203125,62.20000076293945,NA,15.59,107.32,0.14,1.89234,112.82,NA,NA,0,0,4.35,6.31,1412.52001953125
2012-03-28,12.8039,NA,4.764,NA,38910.6796875,61.84000015258789,NA,15.47,105.4,0.13,1.87739,115.32,NA,NA,0,0,4.35,6.33,1405.5400390625
2012-03-29,12.8489,NA,4.77,NA,39125.3515625,61.939998626708984,NA,15.48,102.79,0.13,1.91753,118.33,NA,NA,30.999999999999996,0,4.25,6.35,1403.280029296875
2012-03-30,12.8093,NA,4.77,NA,39521.23828125,62.52000045776367,NA,15.5,103.03,0.09,1.84617,116.6,NA,NA,0,0,4.29,6.32,1408.469970703125
2012-03-31,NA,NA,NA,NA,NA,NA,NA,NA,NA,0.09,1.84617,NA,NA,NA,0,0,NA,NA,NA
2012-04-01,NA,NA,NA,NA,NA,NA,NA,NA,NA,0.09,1.84617,NA,1,1,NA,0,NA,NA,NA
2012-04-02,12.7691,4.25,4.76,NA,39908.5390625,63.619998931884766,NA,15.64,105.25,0.15,1.85682,116.14,NA,NA,NA,0,4.22,6.26,1419.0400390625
2012-04-03,12.7317,NA,4.76,NA,39924.9296875,63.52000045776367,NA,15.66,104.02,0.15,1.7715,114.66,NA,NA,NA,0,4.26,6.29,1413.3800048828125
2012-04-04,12.8155,NA,4.76,NA,39398.87890625,62.54999923706055,NA,16.44,101.53,0.15,1.83153,117.39,NA,NA,NA,0,4.15,6.33,1398.9599609375
2012-04-05,NA,NA,NA,NA,NA,62.220001220703125,NA,16.7,103.29,0.15,1.89828,118.9,NA,NA,NA,0,NA,NA,1398.0799560546875
2012-04-06,NA,NA,NA,NA,NA,NA,NA,NA,NA,0.12,1.89828,119.32,NA,NA,NA,0,NA,NA,NA
2012-04-07,NA,NA,NA,NA,NA,NA,NA,NA,NA,0.12,1.89828,NA,NA,NA,NA,0,NA,NA,NA
2012-04-08,NA,NA,NA,NA,NA,NA,NA,NA,NA,0.12,1.89828,NA,NA,NA,NA,0,NA,NA,NA
2012-04-09,12.9902,NA,4.7575,NA,39432.1484375,61.68000030517578,NA,18.81,102.45,0.16,2.01422,124.67,NA,NA,NA,0,4.31,6.2,1382.199951171875
2012-04-10,13.1568,4.26,4.7595,NA,39035.171875,60.11000061035156,NA,20.39,101.12,0.15,2.04952,129.9,NA,NA,NA,0,4.32,6.23,1358.5899658203125
2012-04-11,13.1324,NA,4.75,NA,39167.140625,60.43000030517578,NA,20.02,102.66,0.16,1.98466,128.18,NA,NA,NA,0,4.29,6.15,1368.7099609375
2012-04-12,13.0736,NA,4.75,NA,39357.80859375,61.22999954223633,NA,17.2,103.69,0.15,1.89955,125.72,NA,NA,NA,0,4.27,6.17,1387.5699462890625
2012-04-13,13.1458,NA,4.7557,NA,38444.01171875,60.099998474121094,NA,19.55,102.84,0.15,1.96813,127.95,NA,NA,NA,0,4.27,6.13,1370.260009765625
2012-04-14,NA,NA,NA,NA,NA,NA,NA,NA,NA,0.15,1.96813,NA,NA,NA,NA,0,NA,NA,NA
2012-04-15,NA,NA,NA,NA,NA,NA,NA,NA,NA,0.15,1.96813,NA,NA,NA,NA,0,NA,NA,NA
2012-04-16,13.2168,NA,4.7525,NA,39054.83984375,60.06999969482422,NA,19.55,102.92,0.15,1.98327,128.74,NA,NA,NA,0,4.44,6.19,1369.5699462890625
2012-04-17,13.0816,4.33,4.7475,NA,39355.171875,60.93000030517578,NA,18.46,104.23,0.16,1.89986,126.02,NA,NA,NA,12.222222222222223,4.29,6.08,1390.780029296875
2012-04-18,13.1322,NA,4.725,NA,39330.12109375,60.70000076293945,NA,18.64,102.65,0.15,1.90147,127.03,NA,NA,NA,0,4.3,6.15,1385.1400146484375
2012-04-19,13.2288,NA,4.7175,NA,39395.640625,60.400001525878906,NA,18.36,102.38,0.13,1.83946,125.54,NA,NA,NA,7.777777777777779,4.32,6.1,1376.9200439453125
2012-04-20,13.1171,NA,4.725,NA,39354.859375,61.08000183105469,NA,17.44,103.58,0.12,1.84502,123.07,NA,NA,NA,0,4.31,6.08,1378.530029296875
2012-04-21,NA,NA,NA,NA,NA,NA,NA,NA,NA,0.12,1.84502,NA,NA,NA,NA,0,NA,NA,NA
2012-04-22,NA,NA,NA,NA,NA,NA,NA,NA,NA,0.12,1.84502,NA,NA,NA,NA,0,NA,NA,NA
2012-04-23,13.2087,NA,4.72,NA,38961.7890625,60.189998626708984,NA,18.97,102.68,0.13,1.90382,124.6,NA,NA,NA,0,4.39,6.08,1366.93994140625
2012-04-24,13.1392,4.33,4.725,NA,38849.078125,59.959999084472656,NA,18.1,103.1,0.14,1.88375,123.36,NA,NA,NA,0,4.32,6.11,1371.969970703125
2012-04-25,13.1667,NA,4.725,NA,39066.01171875,60.65999984741211,NA,16.82,103.72,0.15,1.87586,121.89,NA,NA,NA,0,4.15,6.15,1390.68994140625
2012-04-26,13.2093,NA,4.725,NA,39212.16015625,60.84000015258789,NA,16.24,104.56,0.14,1.87776,120.91,NA,NA,NA,10,4.32,6.11,1399.97998046875
2012-04-27,13.0141,NA,4.7475,NA,39324.140625,61.88999938964844,NA,16.32,104.86,0.13,1.87833,119.43,NA,NA,NA,0,4.39,6.17,1403.3599853515625
2012-04-28,NA,NA,NA,NA,NA,NA,NA,NA,NA,0.13,1.87833,NA,NA,NA,NA,0,NA,NA,NA
2012-04-29,NA,NA,NA,NA,NA,NA,NA,NA,NA,0.13,1.87833,NA,NA,NA,NA,0,NA,NA,NA
2012-04-30,12.9942,4.33,4.755,NA,39461,61.84000015258789,NA,17.15,104.89,0.16,1.868,119.22,NA,NA,NA,0,4.3,6.21,1397.9100341796875
2012-05-01,NA,NA,NA,6.22,NA,62.38999938964844,NA,16.6,106.17,0.16,1.84953,117.49,2,2,0,0,NA,NA,1405.8199462890625
2012-05-02,12.9629,NA,4.7525,NA,39597.421875,62.380001068115234,NA,16.88,105.25,0.15,1.82203,113.52,NA,NA,0,6.707602339181286,4.29,6.08,1402.31005859375
2012-05-03,12.9725,NA,4.7525,NA,39580.05078125,62.08000183105469,NA,17.56,102.56,0.15,1.79711,111.04,NA,NA,0,0,4.17,6.04,1391.5699462890625
2012-05-04,13.1344,NA,4.745,NA,39408.609375,61.16999816894531,NA,19.16,98.49,0.16,1.84295,112.04,NA,NA,0,5.43859649122807,4.17,6.01,1369.0999755859375
2012-05-05,NA,NA,NA,NA,NA,NA,NA,NA,NA,0.16,1.84295,NA,NA,NA,0,0,NA,NA,NA
2012-05-06,NA,NA,NA,NA,NA,NA,NA,NA,NA,0.16,1.84295,NA,NA,NA,0,0,NA,NA,NA
2012-05-07,13.1659,NA,4.76,NA,40045.51171875,62.16999816894531,NA,18.94,97.86,0.16,1.82826,111.83,NA,NA,0,0,4.24,6.03,1369.5799560546875
2012-05-08,13.3374,4.34,4.7575,NA,39214.640625,60.25,NA,19.05,97.13,0.16,1.86031,115.2,NA,NA,6.8112676056338035,5.891812865497076,4.28,6.08,1363.719970703125
2012-05-09,13.515,NA,4.77,NA,39122.8203125,59.59000015258789,NA,20.08,96.8,0.15,1.90478,120.71,NA,NA,0,0,4.31,6.11,1354.5799560546875
2012-05-10,13.447,NA,4.77,NA,39170.8984375,59.630001068115234,NA,18.83,97.1,0.15,1.87455,119.71,NA,NA,0,0,4.28,6.14,1357.989990234375
2012-05-11,13.4929,NA,4.7691,NA,38888.7890625,58.790000915527344,NA,19.89,96.03,0.15,1.95688,120.45,NA,NA,0,0,4.28,6.16,1353.3900146484375
2012-05-12,NA,NA,NA,NA,NA,NA,NA,NA,NA,0.15,1.95688,NA,NA,NA,0,6.616959064327485,NA,NA,NA
2012-05-13,NA,NA,NA,NA,NA,NA,NA,NA,NA,0.15,1.95688,NA,NA,NA,0,0,NA,NA,NA
2012-05-14,13.6739,NA,4.75,NA,38352.109375,57.540000915527344,NA,21.87,94.75,0.16,2.0368,127.54,NA,NA,0,0,4.28,6.24,1338.3499755859375
2012-05-15,13.7302,4.42,4.75,NA,37939.62890625,56.380001068115234,NA,21.97,93.97,0.16,2.08496,135.37,NA,NA,5.326760563380282,0,4.39,6.22,1330.6600341796875
2012-05-16,13.7747,NA,4.76,NA,37511.078125,55.90999984741211,NA,22.27,92.78,0.16,2.14068,138.37,NA,NA,4.977464788732395,8.157894736842104,4.41,6.21,1324.800048828125
2012-05-17,13.7994,NA,4.755,NA,37261.23828125,55.400001525878906,NA,24.49,92.53,0.16,2.26353,142.71,NA,NA,5.152112676056339,0,4.39,6.13,1304.8599853515625
2012-05-18,13.7809,NA,4.765,NA,36875.328125,54.90999984741211,NA,25.1,91.51,0.16,2.26845,140.37,NA,NA,0,5.982456140350877,4.41,6.1,1295.219970703125
2012-05-19,NA,NA,NA,NA,NA,NA,NA,NA,NA,0.16,2.26845,NA,NA,NA,0,0,NA,NA,NA
2012-05-20,NA,NA,NA,NA,NA,NA,NA,NA,NA,0.16,2.26845,NA,NA,NA,0,0,NA,NA,NA
2012-05-21,13.7935,NA,4.7575,NA,37512.41015625,56.20000076293945,NA,22.01,92.57,0.16,2.25652,139.21,NA,NA,0,0,4.15,6.07,1315.989990234375
2012-05-22,13.7203,4.42,4.7675,NA,37481.19140625,55.720001220703125,NA,22.48,91.44,0.16,2.26087,136.37,NA,NA,5.501408450704226,5.166666666666666,4.44,6.08,1316.6300048828125
2012-05-23,14.0335,NA,4.7687,NA,37422.37890625,55.220001220703125,NA,22.33,89.4,0.15,2.37079,149.87,NA,NA,7.422535211267606,0,4.36,6.15,1318.8599853515625
2012-05-24,14.004,NA,4.7818,NA,37553.2109375,55.33000183105469,NA,21.54,90.36,0.15,2.34065,147.32,NA,NA,6.287323943661972,6.073099415204678,4.15,6.13,1320.6800537109375
2012-05-25,14.0156,NA,4.7575,NA,37486.25,55.040000915527344,NA,21.76,90.64,0.15,2.34315,150.21,NA,NA,5.67605633802817,0,4.44,6.13,1317.8199462890625
2012-05-26,NA,NA,NA,NA,NA,NA,NA,NA,NA,0.15,2.34315,NA,NA,NA,7.6845070422535215,0,NA,NA,NA
2012-05-27,NA,NA,NA,NA,NA,NA,NA,NA,NA,0.15,2.34315,NA,NA,NA,0,0,NA,NA,NA
2012-05-28,13.9439,NA,4.755,NA,37642.80078125,NA,NA,NA,NA,0.15,2.34315,151.63,NA,NA,0,5.166666666666666,4.39,6.1,NA
2012-05-29,13.9169,4.44,4.765,NA,38126.8515625,56.61000061035156,NA,21.03,90.75,0.16,2.34982,147.54,NA,NA,0,0,4.43,6.04,1332.4200439453125
2012-05-30,14.0749,NA,4.76,NA,38070.671875,55.61000061035156,NA,24.14,87.79,0.16,2.41639,154.37,NA,NA,0,0,4.15,6.06,1313.3199462890625
2012-05-31,14.3047,NA,4.75,NA,37872.94921875,54.47999954223633,NA,24.06,86.52,0.16,2.49333,160.37,NA,NA,7.160563380281691,6.798245614035087,4.44,6.12,1310.3299560546875
2012-06-01,14.3949,NA,4.765,5.94,37182.37109375,53.650001525878906,NA,26.66,83.17,0.16,2.5566,164.71,2,2,5.38083538083538,0,4.47,6.07,1278.0400390625
2012-06-02,NA,NA,NA,NA,NA,NA,NA,NA,NA,0.16,2.5566,NA,NA,NA,0,0,NA,NA,NA
2012-06-03,NA,NA,NA,NA,NA,NA,NA,NA,NA,0.16,2.5566,NA,NA,NA,6.191646191646192,0,NA,NA,NA
2012-06-04,14.2443,NA,4.7625,NA,37059.78125,53.97999954223633,NA,26.12,83.95,0.17,2.50498,163.38,NA,NA,0,7.849223946784922,4.47,6.04,1278.1800537109375
2012-06-05,14.2319,4.35,4.7662,NA,37089.359375,53.810001373291016,NA,24.68,84.31,0.17,2.37529,160.05,NA,NA,4.348894348894349,0,4.34,6.01,1285.5
2012-06-06,14.1116,NA,4.768,NA,37274.7890625,54.709999084472656,NA,22.16,85.05,0.16,2.25615,151.1,NA,NA,7.371007371007371,8.51441241685144,4.48,5.97,1315.1300048828125
2012-06-07,13.9355,NA,4.764,NA,37247.33984375,54.66999816894531,NA,21.72,84.78,0.16,2.23976,149.34,NA,NA,0,10.243902439024389,4.3,5.98,1314.989990234375
2012-06-08,14.0351,NA,4.75,NA,37323.91015625,55.33000183105469,NA,21.23,84.08,0.17,2.22789,151.36,NA,NA,0,0,4.15,5.95,1325.6600341796875
2012-06-09,NA,NA,NA,NA,NA,NA,NA,NA,NA,0.17,2.22789,NA,NA,NA,0,0,NA,NA,NA
2012-06-10,NA,NA,NA,NA,NA,NA,NA,NA,NA,0.17,2.22789,NA,NA,NA,0,0,NA,NA,NA
2012-06-11,13.9625,NA,4.755,NA,37035.75,54.25,NA,23.56,82.58,0.17,2.26853,152.38,NA,NA,0,7.982261640798225,4.15,5.93,1308.9300537109375
2012-06-12,14.006,4.35,4.765,NA,37271,55.09000015258789,NA,22.09,83.35,0.16,2.17133,149.46,NA,NA,0,10.909090909090908,4.32,5.93,1324.1800537109375
2012-06-13,13.97,NA,4.7656,NA,37142.1484375,54.88999938964844,NA,24.27,82.56,0.17,2.18097,145.95,NA,NA,0,0,4.29,5.93,1314.8800048828125
2012-06-14,13.9974,NA,4.765,NA,37440.48046875,55.689998626708984,NA,21.68,83.83,0.17,2.14645,141.77,NA,NA,4.643734643734644,7.317073170731707,4.36,5.94,1329.0999755859375
2012-06-15,13.9115,NA,4.76,NA,37738.578125,56.15999984741211,NA,21.11,84.03,0.18,2.06244,139.02,NA,NA,0,0,4.36,5.86,1342.8399658203125
2012-06-16,NA,NA,NA,NA,NA,NA,NA,NA,NA,0.18,2.06244,NA,NA,NA,0,0,NA,NA,NA
2012-06-17,NA,NA,NA,NA,NA,NA,NA,NA,NA,0.18,2.06244,NA,NA,NA,0,0,NA,NA,NA
2012-06-18,13.9154,NA,4.7645,NA,38060.8203125,56.959999084472656,NA,18.32,83.26,0.17,2.10675,140.81,NA,NA,0,0,4.44,5.8,1344.780029296875
2012-06-19,13.7033,4.37,4.7675,NA,38688.6484375,58.36000061035156,NA,18.38,83.99,0.17,2.11142,134.93,NA,NA,3.611793611793612,0,4.36,5.67,1357.97998046875
2012-06-20,13.7257,NA,4.7571,NA,38973.640625,58.52000045776367,NA,17.24,81.06,0.16,2.12836,132.63,NA,NA,0,0,4.32,5.6,1355.68994140625
2012-06-21,13.7668,NA,4.76,NA,38515.94140625,56.529998779296875,NA,20.08,77.91,0.17,2.14304,137.6,NA,NA,0,7.184035476718403,4.35,5.49,1325.510009765625
2012-06-22,13.849,NA,4.7695,NA,39071.5,57.65999984741211,NA,18.11,79.33,0.17,2.08925,139.13,NA,NA,5.528255528255528,0,4.43,5.53,1335.02001953125
2012-06-23,NA,NA,NA,NA,NA,NA,NA,NA,NA,0.17,2.08925,NA,NA,NA,5.454545454545454,0,NA,NA,NA
2012-06-24,NA,NA,NA,NA,NA,NA,NA,NA,NA,0.17,2.08925,NA,NA,NA,0,0,NA,NA,NA
2012-06-25,13.9542,NA,4.773,NA,39157.51171875,57.41999816894531,NA,20.38,78.76,0.17,2.16168,145.13,NA,NA,5.085995085995086,0,4.29,5.61,1313.719970703125
2012-06-26,13.8616,4.27,4.7725,NA,39339.1484375,58.650001525878906,NA,19.72,79.34,0.16,2.13807,146.67,NA,NA,0,0,4.24,5.45,1319.989990234375
2012-06-27,13.6652,NA,4.7636,NA,39490.6796875,59.36000061035156,NA,19.45,80.27,0.15,2.11958,142.68,NA,NA,3.832923832923833,0,4.17,5.48,1331.8499755859375
2012-06-28,13.653,NA,4.7651,NA,39637.66015625,59.45000076293945,NA,19.71,77.72,0.15,2.12726,146.94,NA,NA,3.7592137592137593,0,4.17,5.55,1329.0400390625
2012-06-29,13.4084,NA,4.77,NA,40199.55078125,61.45000076293945,NA,17.08,85.04,0.09,2.01936,137.64,NA,NA,0,0,4.22,5.4,1362.1600341796875
2012-06-30,NA,NA,NA,NA,NA,NA,NA,NA,NA,0.09,2.01936,NA,NA,NA,4.791154791154791,0,4.25,NA,NA
2012-07-01,NA,NA,NA,5.12,NA,NA,NA,NA,NA,0.09,2.01936,NA,2,1,7.091190108191653,0,4.25,5.43,NA
2012-07-02,13.397,NA,4.7651,NA,NA,61.720001220703125,NA,16.8,83.72,0.18,2.06442,129.7,NA,NA,4.982998454404946,5.797709923664122,4.39,5.4,1365.510009765625
2012-07-03,13.3174,4.17,4.7625,NA,40434.7109375,62.290000915527344,NA,16.66,87.74,0.17,1.97717,125.75,NA,NA,4.982998454404946,0,4.14,5.27,1374.02001953125
2012-07-04,13.3617,NA,4.7585,NA,40353.4296875,NA,NA,NA,NA,0.17,1.97717,122.75,NA,NA,5.078825347758887,0,4.24,5.25,NA
2012-07-05,13.3508,NA,4.765,NA,40040.69140625,61.2599983215332,NA,17.5,87.11,0.17,1.97555,127.76,NA,NA,0,0,4.14,5.14,1367.5799560546875
2012-07-06,13.4925,NA,4.7635,NA,39831.6484375,60.79999923706055,NA,17.1,84.37,0.17,1.99892,130.99,NA,NA,0,0,4.14,5.2,1354.6800537109375
2012-07-07,NA,NA,NA,NA,NA,NA,NA,NA,NA,0.17,1.99892,NA,NA,NA,0,0,4.28,5.21,NA
2012-07-08,NA,NA,NA,NA,NA,NA,NA,NA,NA,0.17,1.99892,NA,NA,NA,0,0,4.28,5.21,NA
2012-07-09,13.4533,NA,4.7935,NA,39963.26171875,61.310001373291016,NA,17.98,85.93,0.17,1.95024,132.03,NA,NA,5.174652241112828,7.2175572519083975,4.38,5.2,1352.4599609375
2012-07-10,13.2924,4.16,4.7825,NA,40049.58984375,61.34000015258789,NA,18.72,83.92,0.17,1.91577,129.06,NA,NA,0,0,4.38,5.2,1341.469970703125
2012-07-11,13.3241,NA,4.78,NA,40221.80078125,61.720001220703125,NA,17.95,85.88,0.17,1.87181,126.84,NA,NA,0,0,4.14,5.25,1341.449951171875
2012-07-12,13.4795,NA,4.785,NA,40268.41015625,60.95000076293945,NA,18.33,86.02,0.18,1.89104,123.47,NA,NA,0,0,4.13,5.2,1334.760009765625
2012-07-13,13.3449,NA,4.7875,NA,40498.46875,61.97999954223633,NA,16.74,87.15,0.19,1.8507,123.15,NA,NA,0,0,4.1,5.14,1356.780029296875
2012-07-14,NA,NA,NA,NA,NA,NA,NA,NA,NA,0.19,1.8507,NA,NA,NA,0,0,4.16,NA,NA
2012-07-15,NA,NA,NA,NA,NA,NA,NA,NA,NA,0.19,1.8507,NA,NA,NA,0,0,NA,NA,NA
2012-07-16,13.2832,NA,4.7837,NA,40910.80078125,62.970001220703125,NA,17.11,88.41,0.18,1.83598,122.18,NA,NA,0,8.045801526717558,4.13,5.1,1353.6400146484375
2012-07-17,13.2226,4.15,4.7812,NA,41273.01953125,63.7599983215332,NA,16.48,89.07,0.17,1.80148,119.19,NA,NA,6.80370942812983,0,4.13,4.97,1363.6700439453125
2012-07-18,13.1201,NA,4.7775,NA,40747.46875,63.150001525878906,NA,16.16,89.88,0.16,1.81438,122.19,NA,NA,6.516228748068006,0,4.21,5.02,1372.780029296875
2012-07-19,13.1921,NA,4.7806,NA,40752.53125,62.68000030517578,NA,15.45,92.78,0.13,1.77116,120.85,NA,NA,0,0,4.09,5.06,1376.510009765625
2012-07-20,13.2928,NA,4.785,NA,40808.73046875,62.369998931884766,NA,16.27,91.56,0.13,1.80394,120.85,NA,NA,0,0,4.12,4.97,1362.6600341796875
2012-07-21,NA,NA,NA,NA,NA,NA,NA,NA,NA,0.13,1.80394,NA,NA,NA,0,0,4.15,NA,NA
2012-07-22,NA,NA,NA,NA,NA,NA,NA,NA,NA,0.13,1.80394,NA,NA,NA,0,0,NA,NA,NA
2012-07-23,13.5218,NA,4.7875,NA,40947.55078125,61.40999984741211,NA,18.62,87.77,0.14,1.82339,126.49,NA,NA,5.845440494590417,0,4.09,4.97,1350.52001953125
2012-07-24,13.6796,4.13,4.785,NA,40697.87109375,60.68000030517578,NA,20.47,88.28,0.15,1.88417,128.48,NA,NA,6.420401854714065,0,4.1,5.12,1338.31005859375
2012-07-25,13.6541,NA,4.7825,NA,40435.1015625,60.400001525878906,NA,19.34,88.8,0.15,1.89991,127.26,NA,NA,0,0,4.1,5.15,1337.8900146484375
2012-07-26,13.4425,NA,4.7812,NA,40977.3203125,62.11000061035156,NA,17.53,89.4,0.14,1.88793,120.44,NA,NA,0,0,4.09,5.19,1360.02001953125
2012-07-27,13.2837,NA,4.7775,NA,41476.48046875,63.380001068115234,NA,16.7,90.13,0.14,1.74946,116.48,NA,NA,0,0,4.09,5.18,1385.969970703125
2012-07-28,NA,NA,NA,NA,NA,NA,NA,NA,NA,0.14,1.74946,NA,NA,NA,0,0,4.11,NA,NA
2012-07-29,NA,NA,NA,NA,NA,NA,NA,NA,NA,0.14,1.74946,NA,NA,NA,9.10355486862442,0,NA,NA,NA
2012-07-30,13.2644,NA,4.7788,NA,41333.109375,63.099998474121094,NA,18.03,89.8,0.14,1.75232,114.27,NA,NA,0,9.938931297709924,4.09,5.17,1385.300048828125
2012-07-31,13.2833,4.09,4.7804,NA,40704.28125,62.13999938964844,NA,18.93,88.08,0.13,1.76051,113.78,NA,NA,0,0,4.06,5.09,1379.3199462890625
2012-08-01,13.2867,NA,4.785,NA,40805.3984375,61.869998931884766,NA,18.96,88.99,0.14,1.70771,111.55,1,1,0,0,4.06,5.17,1375.3199462890625
2012-08-02,13.3927,NA,4.7897,NA,40759,62.11000061035156,NA,17.57,87.22,0.14,1.76242,114.05,NA,NA,0,0,4.06,5.17,1365
2012-08-03,13.1357,NA,4.785,NA,40998.3984375,63.290000915527344,NA,15.64,91.4,0.14,1.6859,110.08,NA,NA,0,0,4.02,5.12,1390.989990234375
2012-08-04,NA,NA,NA,NA,NA,NA,NA,NA,NA,0.14,1.6859,NA,NA,NA,0,0,4.09,NA,NA
2012-08-05,NA,NA,NA,NA,NA,NA,NA,NA,NA,0.14,1.6859,NA,NA,NA,0,0,4.09,5.14,NA
2012-08-06,13.0708,NA,4.7825,NA,41096.44140625,63.0099983215332,NA,15.95,92.3,0.14,1.66745,109.62,NA,NA,0,0,4.04,5.3,1394.22998046875
2012-08-07,13.1849,4.09,4.78,NA,41070.23828125,62.939998626708984,NA,15.99,93.68,0.13,1.61513,110.38,NA,NA,5.447284345047923,0,4.06,5.32,1401.3499755859375
2012-08-08,13.1891,NA,4.7875,NA,40851.1796875,62.849998474121094,NA,15.32,93.39,0.13,1.592,111.14,NA,NA,0,0,4.06,5.35,1402.219970703125
2012-08-09,13.1188,NA,4.7916,NA,40677.48046875,62.77000045776367,NA,15.28,93.39,0.13,1.59431,112.39,NA,NA,0,0,4.06,5.4,1402.800048828125
2012-08-10,13.1094,NA,4.78,NA,40850,63.060001373291016,NA,14.74,92.94,0.13,1.62871,111.66,NA,NA,0,0,4.06,5.27,1405.8699951171875
2012-08-11,NA,NA,NA,NA,NA,NA,NA,NA,NA,0.13,1.62871,NA,NA,NA,0,0,4.1,NA,NA
2012-08-12,NA,NA,NA,NA,NA,NA,NA,NA,NA,0.13,1.62871,NA,NA,NA,0,0,NA,NA,NA
2012-08-13,13.1474,NA,4.7866,NA,40366.26953125,62.189998626708984,NA,13.7,92.76,0.13,1.62644,111.44,NA,NA,9.904153354632587,9.658291457286433,4.06,5.29,1404.1099853515625
2012-08-14,13.1311,4.09,4.7844,NA,40644.96875,62.349998474121094,NA,14.85,93.4,0.13,1.60629,110.96,NA,NA,0,12.306532663316583,4.06,5.36,1403.9300537109375
2012-08-15,13.1639,NA,4.7875,NA,40792.58984375,62.88999938964844,NA,14.63,94.35,0.13,1.58546,110.97,NA,NA,5.1501597444089455,0,4.06,5.46,1405.530029296875
2012-08-16,13.143,NA,4.785,NA,40714.87109375,63,NA,14.29,95.66,0.13,1.63348,111.96,NA,NA,0,0,4.24,5.52,1415.510009765625
2012-08-17,13.1745,NA,4.79,NA,40547.48828125,63.04999923706055,NA,13.45,96,0.13,1.65704,112.1,NA,NA,5.2492012779552715,0,4.24,5.48,1418.1600341796875
2012-08-18,NA,NA,NA,NA,NA,NA,NA,NA,NA,0.13,1.65704,NA,NA,NA,0,0,4.3,NA,NA
2012-08-19,NA,NA,NA,NA,NA,NA,NA,NA,NA,0.13,1.65704,NA,NA,NA,0,0,NA,NA,NA
2012-08-20,13.1261,NA,4.79,NA,40350,62.779998779296875,NA,14.02,96.03,0.13,1.66153,111.89,NA,NA,0,0,4.24,5.5,1418.1300048828125
2012-08-21,13.0854,4.23,4.7901,NA,40096.640625,62.209999084472656,NA,15.02,96.55,0.13,1.66152,107.92,NA,NA,0,0,4.2,5.43,1413.1700439453125
2012-08-22,13.1762,NA,4.79,NA,40027.12890625,62.29999923706055,NA,15.11,96.89,0.13,1.69971,108.67,NA,NA,0,0,4.2,5.49,1413.489990234375
2012-08-23,13.1284,NA,4.795,NA,39879.01171875,61.880001068115234,NA,15.96,95.87,0.13,1.72621,108.93,NA,NA,5.2492012779552715,0,4.2,5.43,1402.0799560546875
2012-08-24,13.176,NA,4.795,NA,40211.41015625,62.29999923706055,NA,15.18,95.78,0.13,1.72645,111.07,NA,NA,0,0,4.2,5.42,1411.1300048828125
2012-08-25,NA,NA,NA,NA,NA,NA,NA,NA,NA,0.13,1.72645,NA,NA,NA,0,0,4.24,NA,NA
2012-08-26,NA,NA,NA,NA,NA,NA,NA,NA,NA,0.13,1.72645,NA,NA,NA,0,0,NA,NA,NA
2012-08-27,13.1703,NA,4.8,NA,39972.8515625,61.970001220703125,NA,16.35,95.54,0.13,1.75939,109.98,NA,NA,0,0,4.29,5.28,1410.43994140625
2012-08-28,13.1847,4.15,4.79,NA,39950.8984375,62.09000015258789,NA,16.49,96.3,0.13,1.76739,110.37,NA,NA,0,0,4.12,5.37,1409.300048828125
2012-08-29,13.2746,NA,4.79,NA,39908.8984375,61.459999084472656,NA,17.06,95.5,0.13,1.77143,111.25,NA,NA,0,9.035175879396986,4.19,5.4,1410.489990234375
2012-08-30,13.4172,NA,4.7925,NA,39925.69140625,61.290000915527344,NA,17.83,94.61,0.14,1.78919,112.01,NA,NA,0,0,4.13,5.39,1399.47998046875
2012-08-31,13.2571,NA,4.7912,NA,39421.6484375,61.380001068115234,NA,17.47,96.47,0.13,1.85537,109.78,NA,NA,0,0,4.12,5.4,1406.5799560546875
2012-09-01,NA,NA,NA,5.44,NA,NA,NA,NA,NA,0.13,1.85537,NA,2,2,0,0,4.16,NA,NA
2012-09-02,NA,NA,NA,NA,NA,NA,NA,NA,NA,0.13,1.85537,NA,NA,NA,0,5.226993865030674,NA,NA,NA
2012-09-03,13.191,NA,4.7875,NA,39802.94140625,NA,NA,NA,NA,0.13,1.85537,110.21,NA,NA,0,0,4.39,5.42,NA
2012-09-04,13.1793,4.17,4.7937,NA,39549.4296875,61.709999084472656,NA,17.98,95.34,0.14,1.82145,109.09,NA,NA,0,5.374233128834355,4.14,5.32,1404.93994140625
2012-09-05,13.1221,NA,4.7925,NA,39573.921875,61.81999969482422,NA,17.74,95.37,0.16,1.80018,107.86,NA,NA,0,3.828220858895705,4.11,5.4,1403.43994140625
2012-09-06,13.0483,NA,4.8,NA,39987.05859375,62.83000183105469,NA,15.6,95.58,0.16,1.71214,103.77,NA,NA,0,3.533742331288343,4.13,5.37,1432.1199951171875
2012-09-07,12.9976,NA,4.8025,NA,40043.87109375,63.349998474121094,NA,14.38,96.41,0.15,1.69205,104.11,NA,NA,8.787185354691076,5.595092024539877,4.12,5.37,1437.9200439453125
2012-09-08,NA,NA,NA,NA,NA,NA,NA,NA,NA,0.15,1.69205,NA,NA,NA,0,0,4.16,NA,NA
2012-09-09,NA,NA,NA,NA,NA,NA,NA,NA,NA,0.15,1.69205,NA,NA,NA,0,0,NA,NA,NA
2012-09-10,12.9921,NA,4.8,NA,39991.19140625,62.869998931884766,NA,16.28,96.52,0.15,1.67431,102.95,NA,NA,7.963386727688787,6.552147239263803,4.29,5.38,1429.0799560546875
2012-09-11,12.9992,4.23,4.804,NA,39998.96875,63.25,NA,16.41,97.03,0.15,1.66204,100.98,NA,NA,0,0,4.21,5.54,1433.56005859375
2012-09-12,13.0305,NA,4.805,NA,40248.37890625,63.4900016784668,NA,15.8,97.02,0.15,1.5983,100.49,NA,NA,0,0,4.21,5.57,1436.56005859375
2012-09-13,12.9749,NA,4.797,NA,NA,65.0999984741211,NA,14.05,98.3,0.15,1.58909,93.69,NA,NA,0,0,4.23,5.43,1459.989990234375
2012-09-14,12.7458,NA,4.8,NA,40693.46875,65.73999786376953,NA,14.51,98.94,0.16,1.51628,87.08,NA,NA,9.061784897025172,0,4.32,5.5,1465.77001953125
2012-09-15,NA,NA,NA,NA,NA,NA,NA,NA,NA,0.16,1.51628,NA,NA,NA,0,0,4.35,NA,NA
2012-09-16,NA,NA,NA,NA,NA,NA,NA,NA,NA,0.16,1.51628,NA,NA,NA,0,0,NA,NA,NA
2012-09-17,12.7492,NA,4.804,NA,40621.4609375,65.30000305175781,NA,14.59,96.51,0.16,1.54298,86.8,NA,NA,0,0,4.19,5.56,1461.18994140625
2012-09-18,12.8192,4.15,4.8075,NA,40590.9609375,65.23999786376953,NA,14.18,95.25,0.16,1.58044,87.46,NA,NA,0,4.417177914110429,4.12,5.53,1459.3199462890625
2012-09-19,12.8235,NA,4.8087,NA,40941.30859375,65.55999755859375,NA,13.88,91.97,0.15,1.61164,88.47,NA,NA,0,3.828220858895705,4.12,5.52,1461.050048828125
2012-09-20,12.9042,NA,4.8025,NA,40500.3515625,64.87000274658203,NA,14.07,92.14,0.16,1.62798,90.97,NA,NA,0,4.049079754601227,4.08,5.48,1460.260009765625
2012-09-21,12.8376,NA,4.81,NA,40338.69921875,64.62999725341797,NA,13.98,92.64,0.15,1.60593,90.63,NA,NA,0,0,4.06,5.29,1460.1500244140625
2012-09-22,NA,NA,NA,NA,NA,NA,NA,NA,NA,0.15,1.60593,NA,NA,NA,0,0,4.12,5.31,NA
2012-09-23,NA,NA,NA,NA,NA,NA,NA,NA,NA,0.15,1.60593,NA,NA,NA,7.414187643020595,4.196319018404908,4.12,5.31,NA
2012-09-24,12.9123,NA,4.815,NA,40561.21875,64.7300033569336,NA,14.15,91.68,0.16,1.63166,94.22,NA,NA,0,4.49079754601227,4.06,5.35,1456.8900146484375
2012-09-25,12.8233,4.12,4.81,NA,40215.3515625,64.339996337890625,NA,15.43,91.07,0.15,1.6924,102.23,NA,NA,6.864988558352403,3.6073619631901837,4.18,5.34,1441.5899658203125
2012-09-26,12.917,NA,4.81,NA,40332.98046875,64.4800033569336,NA,16.81,89.92,0.15,1.73692,104.74,NA,NA,0,5.300613496932515,4.23,5.27,1433.3199462890625
2012-09-27,12.8521,NA,4.805,NA,40729.69921875,65.41999816894531,NA,14.84,91.89,0.14,1.71153,102.76,NA,NA,6.178489702517163,0,4.23,5.29,1447.1500244140625
2012-09-28,12.8695,NA,4.8075,NA,40799.23828125,65.38999938964844,NA,15.73,92.18,0.09,1.71699,103.28,NA,NA,0,0,4.23,5.3,1440.6700439453125
2012-09-29,NA,NA,NA,NA,NA,NA,NA,NA,NA,0.09,1.71699,NA,NA,NA,13.729977116704806,0,4.25,NA,NA
2012-09-30,NA,NA,NA,NA,NA,NA,NA,NA,NA,0.09,1.71699,NA,NA,NA,0,0,4.25,NA,NA
2012-10-01,12.8178,NA,4.81,5.35,41124.55859375,66.12000274658203,NA,16.32,92.44,0.15,1.68413,104.33,1,2,0,0,4.23,5.3,1444.489990234375
2012-10-02,12.8375,4.2,4.81,NA,41199.2890625,65.94999694824219,NA,15.71,91.88,0.16,1.668,105.46,NA,NA,0,5.587982832618025,4.39,5.3,1445.75
2012-10-03,12.8528,NA,4.81,NA,41004.83984375,65.69000244140625,NA,15.43,88.19,0.16,1.63503,104.36,NA,NA,0,6.652360515021459,4.19,5.3,1450.989990234375
2012-10-04,12.7589,NA,4.81,NA,41421.73828125,66.98999786376953,NA,14.55,91.69,0.15,1.58337,103.37,NA,NA,0,0,4.14,5.28,1461.4000244140625
2012-10-05,12.6987,NA,4.81,NA,41934.078125,67.58000183105469,NA,14.33,89.87,0.15,1.51466,101.15,NA,NA,0,0,4.26,5.24,1460.9300537109375
2012-10-06,NA,NA,NA,NA,NA,NA,NA,NA,NA,0.15,1.51466,NA,NA,NA,8.516483516483516,0,4.28,NA,NA
2012-10-07,NA,NA,NA,NA,NA,NA,NA,NA,NA,0.15,1.51466,NA,NA,NA,0,0,NA,NA,NA
2012-10-08,12.8426,NA,4.81,NA,41756.9609375,67.279998779296875,NA,15.11,89.43,0.15,1.51466,101.15,NA,NA,6.245421245421245,0,4.38,5.18,1455.8800048828125
2012-10-09,12.868,4.17,4.8125,NA,41755.16015625,66.66999816894531,NA,16.37,92.42,0.16,1.53177,105.11,NA,NA,6.131868131868131,0,4.23,5.23,1441.47998046875
2012-10-10,12.9119,NA,4.8112,NA,41470.05078125,66.06999969482422,NA,16.29,91.24,0.16,1.56304,105.37,NA,NA,0,5.454935622317596,4.23,5.25,1432.56005859375
2012-10-11,12.8792,NA,4.8112,NA,41745.390625,66.61000061035156,NA,15.59,92.19,0.16,1.5841,104.14,NA,NA,0,0,4.23,5.23,1432.8399658203125
2012-10-12,12.8901,NA,4.8125,NA,41665.48046875,66.73999786376953,NA,16.14,91.83,0.16,1.56186,102.8,NA,NA,0,0,4.23,5.31,1428.5899658203125
2012-10-13,NA,NA,NA,NA,NA,NA,NA,NA,NA,0.16,1.56186,NA,NA,NA,0,0,4.3,NA,NA
2012-10-14,NA,NA,NA,NA,NA,NA,NA,NA,NA,0.16,1.56186,NA,NA,NA,0,0,NA,NA,NA
2012-10-15,12.8188,NA,4.8162,NA,42008.55078125,67.48999786376953,NA,15.27,91.84,0.16,1.54649,102.84,NA,NA,0,0,4.23,5.31,1440.1300048828125
2012-10-16,12.8077,4.23,4.82,NA,42518.3515625,68.38999938964844,NA,15.22,92.07,0.16,1.49154,101.86,NA,NA,5.1098901098901095,0,4.23,5.34,1454.9200439453125
2012-10-17,12.7981,NA,4.8189,NA,42559.98046875,68.720001220703125,NA,15.07,92.04,0.15,1.4162,99.89,NA,NA,0,4.92274678111588,4.22,5.39,1460.9100341796875
2012-10-18,12.8299,NA,4.82,NA,42592.78125,68.66999816894531,NA,15.03,92,0.15,1.39023,101.01,NA,NA,0,9.313304721030043,4.22,5.41,1457.3399658203125
2012-10-19,12.8551,NA,4.82,NA,42386.828125,67.94999694824219,NA,17.06,90,0.16,1.46561,101.89,NA,NA,0,0,4.22,5.37,1433.18994140625
2012-10-20,NA,NA,NA,NA,NA,NA,NA,NA,NA,0.16,1.46561,NA,NA,NA,0,0,4.24,NA,NA
2012-10-21,NA,NA,NA,NA,NA,NA,NA,NA,NA,0.16,1.46561,NA,NA,NA,0,0,4.24,NA,NA
2012-10-22,12.8571,NA,4.8237,NA,42122.25,67.62000274658203,NA,16.62,88.3,0.15,1.46751,101.93,NA,NA,0,0,4.23,5.41,1433.8199462890625
2012-10-23,12.9759,4.22,4.8225,NA,42041.140625,66.88999938964844,NA,18.83,86.65,0.15,1.50023,103.18,NA,NA,4.996336996336996,6.120171673819742,4.23,5.34,1413.1099853515625
2012-10-24,12.9839,NA,4.8262,NA,42095.16015625,66.93000030517578,NA,18.33,85.39,0.17,1.51703,103.18,NA,NA,0,5.987124463519313,4.2,5.44,1408.75
2012-10-25,12.9669,NA,4.8225,NA,41877.26953125,66.7699966430664,NA,18.12,85.59,0.16,1.50156,101.99,NA,NA,0,7.982832618025751,4.23,5.45,1412.969970703125
2012-10-26,13.0112,NA,4.8275,NA,41836.921875,66.470001220703125,NA,17.81,85.84,0.16,1.59543,103.27,NA,NA,0,0,4.26,5.48,1411.93994140625
2012-10-27,NA,NA,NA,NA,NA,NA,NA,NA,NA,0.16,1.59543,NA,NA,NA,0,0,4.28,NA,NA
2012-10-28,NA,NA,NA,NA,NA,NA,NA,NA,NA,0.16,1.59543,NA,NA,NA,0,0,NA,NA,NA
2012-10-29,13.09,NA,4.828,NA,41817.109375,NA,NA,NA,85.52,0.17,1.63133,103.05,NA,NA,0,5.1888412017167385,4.33,5.53,NA
2012-10-30,13.0498,4.33,4.83,NA,41599,NA,NA,NA,85.65,0.17,1.63133,103.92,NA,NA,0,4.789699570815451,4.23,5.53,NA
2012-10-31,13.0911,NA,4.831,NA,41619.9609375,65.529998779296875,NA,18.6,86.23,0.18,1.66257,103.57,NA,NA,0,0,4.23,5.48,1412.1600341796875
2012-11-01,13.0387,NA,4.835,5.52,NA,66.2300033569336,NA,16.69,87.05,0.17,1.6161,103.58,1,2,0,0,4.23,5.41,1427.5899658203125
2012-11-02,NA,NA,NA,NA,NA,66.37999725341797,NA,17.59,84.9,0.16,1.60494,103.1,NA,NA,0,0,4.25,5.43,1414.199951171875
2012-11-03,NA,NA,NA,NA,NA,NA,NA,NA,NA,0.16,1.60494,NA,NA,NA,0,0,4.25,5.43,NA
2012-11-04,NA,NA,NA,NA,NA,NA,NA,NA,NA,0.16,1.60494,NA,NA,NA,0,0,4.25,5.52,NA
2012-11-05,13.0449,NA,4.8525,NA,41722.140625,66.05999755859375,NA,18.42,85.64,0.17,1.60731,102.88,NA,NA,0,0,4.39,5.42,1417.260009765625
2012-11-06,12.9769,4.26,4.8437,NA,41720.62109375,66.51000213623047,NA,17.58,88.62,0.16,1.56617,100.3,NA,NA,6.901408450704226,0,4.23,5.43,1428.3900146484375
2012-11-07,13.0432,NA,4.839,NA,41010.98046875,64.94000244140625,NA,19.08,84.5,0.16,1.64956,101.05,NA,NA,0,0,4.23,5.43,1394.530029296875
2012-11-08,13.1168,NA,4.84,NA,40830.6484375,64.1500015258789,NA,18.49,85.07,0.16,1.68077,101.55,NA,NA,0,9.953271028037383,4.23,5.36,1377.510009765625
2012-11-09,13.1789,NA,4.846,NA,40677.0703125,63.86000061035156,NA,18.61,86.08,0.16,1.69785,102.68,NA,NA,0,0,4.25,5.29,1379.8499755859375
2012-11-10,NA,NA,NA,NA,NA,NA,NA,NA,NA,0.16,1.69785,NA,NA,NA,0,0,4.27,NA,NA
2012-11-11,NA,NA,NA,NA,NA,NA,NA,NA,NA,0.16,1.69785,NA,NA,NA,0,0,4.25,NA,NA
2012-11-12,13.1975,NA,4.842,NA,40859.8984375,63.97999954223633,NA,16.68,85.56,0.16,1.69785,102.68,NA,NA,0,6.869158878504672,4.2,5.3,1380.030029296875
2012-11-13,13.2284,4.31,4.84,NA,41078.5,64.339996337890625,NA,16.65,85.38,0.16,1.73801,97.98,NA,NA,5.633802816901409,0,4.2,5.33,1374.530029296875
2012-11-14,13.2353,NA,4.845,NA,40750.421875,63.52000045776367,NA,17.92,86.32,0.16,1.76168,99.97,NA,NA,9.15492957746479,7.850467289719625,4.23,5.35,1355.489990234375
2012-11-15,13.2522,NA,4.84,NA,40573.66015625,63.43000030517578,NA,17.99,85.45,0.16,1.77079,103.8,NA,NA,0,0,4.23,5.28,1353.3299560546875
2012-11-16,13.2063,NA,4.836,NA,40830.6015625,64.339996337890625,NA,16.41,86.62,0.16,1.76035,104.31,NA,NA,0,0,4.23,5.39,1359.8800048828125
2012-11-17,NA,NA,NA,NA,NA,NA,NA,NA,NA,0.16,1.76035,NA,NA,NA,0,0,NA,NA,NA
2012-11-18,NA,NA,NA,NA,NA,NA,NA,NA,NA,0.16,1.76035,NA,NA,NA,0,0,NA,NA,NA
2012-11-19,NA,NA,NA,NA,NA,65.339996337890625,NA,15.24,89.05,0.16,1.73705,99.72,NA,NA,0,0,NA,0,1386.8900146484375
2012-11-20,13.0245,4.28,4.8375,NA,41184,65.68000030517578,NA,15.08,86.46,0.16,1.70071,98.92,NA,NA,0,0,4.23,5.31,1387.81005859375
2012-11-21,13.0395,NA,4.84,NA,41668.05859375,66.12999725341797,NA,15.31,87.08,0.16,1.68014,100.08,NA,NA,0,11.635514018691588,4.27,5.44,1391.030029296875
2012-11-22,13.0188,NA,4.8562,NA,42032.3515625,NA,NA,NA,NA,0.16,1.68014,99.88,NA,NA,0,8.271028037383177,4.23,5.47,NA
2012-11-23,12.9799,NA,4.85,NA,41919.55078125,66.9800033569336,NA,15.14,87.01,0.16,1.68014,99.46,NA,NA,0,0,4.23,5.52,1409.1500244140625
2012-11-24,NA,NA,NA,NA,NA,NA,NA,NA,NA,0.16,1.68014,NA,NA,NA,0,0,NA,NA,NA
2012-11-25,NA,NA,NA,NA,NA,NA,NA,NA,NA,0.16,1.68014,NA,NA,NA,0,0,NA,NA,NA
2012-11-26,12.9984,NA,4.8425,NA,41878.26953125,66.62999725341797,NA,15.5,87.28,0.16,1.69361,102.14,NA,NA,0,0,4.41,5.51,1406.2900390625
2012-11-27,12.9861,4.25,4.8462,NA,41769.37890625,66.25,NA,15.92,86.81,0.16,1.67202,102.15,NA,NA,8.309859154929578,8.831775700934578,4.44,5.49,1398.93994140625
2012-11-28,13.0372,NA,4.846,NA,41912.94921875,66.83000183105469,NA,15.51,86.1,0.16,1.68538,101.84,NA,NA,0,0,4.38,5.38,1409.9300537109375
2012-11-29,12.9617,NA,4.8475,NA,42090.69140625,67.339996337890625,NA,15.06,87.64,0.16,1.67117,98.56,NA,NA,0,6.5887850467289715,4.23,5.53,1415.949951171875
2012-11-30,12.9268,NA,4.8462,NA,41833.51953125,67.26000213623047,NA,15.87,88.54,0.16,1.68646,98.57,NA,NA,0,0,4.25,5.44,1416.1800537109375
2012-12-01,NA,NA,NA,NA,NA,NA,NA,NA,NA,0.16,1.68646,NA,2,1,5.6163410301953824,0,NA,NA,NA
2012-12-02,NA,NA,NA,NA,NA,NA,NA,NA,NA,0.16,1.68646,NA,NA,NA,0,0,NA,NA,NA
2012-12-03,12.9335,NA,4.8431,NA,42323.83984375,67.48999786376953,NA,16.64,88.69,0.16,1.69277,97.96,NA,NA,0,0,4.26,5.3,1409.4599609375
2012-12-04,12.96,4.23,4.835,NA,42337.8203125,67.720001220703125,NA,17.12,88.04,0.17,1.69739,97.64,NA,NA,0,6.838235294117647,4.2,5.34,1407.050048828125
2012-12-05,12.9284,NA,4.8395,NA,42416.2890625,67.7699966430664,NA,16.46,87.36,0.16,1.70071,97.48,NA,NA,0,5.622549019607843,4.22,5.29,1409.280029296875
2012-12-06,12.9102,NA,4.84,NA,42589.6796875,68.54000091552734,NA,16.58,85.47,0.16,1.70724,96.67,NA,NA,0,9.117647058823529,4.25,5.37,1413.93994140625
2012-12-07,12.8469,NA,4.84,NA,42797.671875,68.91999816894531,NA,15.9,85.45,0.16,1.68003,97.02,NA,NA,0,9.421568627450979,4.21,5.36,1418.0699462890625
2012-12-08,NA,NA,NA,NA,NA,NA,NA,NA,NA,0.16,1.68003,NA,NA,NA,0,0,NA,5.4,NA
2012-12-09,NA,NA,NA,NA,NA,NA,NA,NA,NA,0.16,1.68003,NA,NA,NA,0,0,4.25,NA,NA
2012-12-10,12.7964,4.14,4.84,NA,43134.51171875,69.73999786376953,NA,16.05,85.14,0.16,1.68749,96.4,NA,NA,7.158081705150977,0,4.25,5.36,1418.550048828125
2012-12-11,12.7584,NA,4.84,NA,43183.28125,69.95999908447266,NA,15.57,85.36,0.17,1.6735,95.42,NA,NA,5.506216696269982,0,4.25,5.37,1427.8399658203125
2012-12-12,NA,NA,NA,NA,NA,70.220001220703125,NA,15.95,86.35,0.17,1.61395,94.11,NA,NA,0,0,4.27,0,1428.47998046875
2012-12-13,12.7869,NA,4.84,NA,43006.30859375,69.55999755859375,NA,16.56,85.39,0.16,1.60148,93.47,NA,NA,5.946714031971581,0,4.33,5.4,1419.449951171875
2012-12-14,12.7768,NA,4.84,NA,43050.921875,69.9000015258789,NA,17,86.32,0.17,1.61876,94.31,NA,NA,0,0,4.38,5.37,1413.5799560546875
2012-12-15,NA,NA,NA,NA,NA,NA,NA,NA,NA,0.17,1.61876,NA,NA,NA,5.836589698046182,0,4.42,5.42,NA
2012-12-16,NA,NA,NA,NA,NA,NA,NA,NA,NA,0.17,1.61876,NA,NA,NA,8.149200710479574,0,NA,NA,NA
2012-12-17,12.7624,NA,4.84,NA,43338.328125,70.589996337890625,NA,16.34,86.71,0.16,1.56176,93.19,NA,NA,0,0,4.25,5.4,1430.3599853515625
2012-12-18,12.7236,3.93,4.84,NA,43825.96875,71.20999908447266,NA,15.57,87.46,0.17,1.51493,89.91,NA,NA,0,0,3.87,5.39,1446.7900390625
2012-12-19,12.7327,NA,4.84,NA,43647.98828125,70.839996337890625,NA,17.36,89.09,0.17,1.5191,88.93,NA,NA,0,0,4.25,5.41,1435.81005859375
2012-12-20,12.7777,NA,4.84,NA,43637.6796875,70.70999908447266,NA,17.67,89.76,0.17,1.52033,90.26,NA,NA,0,0,3.87,5.439,1443.68994140625
2012-12-21,12.8991,NA,4.8447,NA,43621.62109375,69.589996337890625,NA,17.84,88.2,0.17,1.565,93.24,NA,NA,0,0,4.25,5.37,1430.1500244140625
2012-12-22,NA,NA,NA,NA,NA,NA,NA,NA,NA,0.17,1.565,NA,NA,NA,0,0,4.27,5.47,NA
2012-12-23,NA,NA,NA,NA,NA,NA,NA,NA,NA,0.17,1.565,NA,NA,NA,0,0,4.27,5.47,NA
2012-12-24,12.9764,3.91,4.855,NA,43533.44921875,69.26000213623047,NA,17.84,88.29,0.18,1.54928,93.3,NA,NA,7.378330373001776,0,4.25,5.37,1426.6600341796875
2012-12-25,NA,NA,NA,NA,NA,NA,NA,NA,NA,0.18,1.54928,91.69,NA,NA,0,0,4.27,5.39,NA
2012-12-26,13.0058,NA,4.8475,NA,43495.73828125,69.089996337890625,NA,19.48,90.71,0.17,1.55929,94.97,NA,NA,0,0,NA,5.29,1419.8299560546875
2012-12-27,13.0101,NA,4.8437,NA,43469.890625,69.36000061035156,NA,19.47,90.91,0.17,1.59955,96.31,NA,NA,9.690941385435169,0,3.88,5.36,1418.0999755859375
2012-12-28,12.988,NA,4.845,NA,43721.9296875,69.43000030517578,NA,22.72,90.66,0.17,1.60775,97.31,NA,NA,6.717584369449379,0,3.91,5.35,1402.4300537109375
2012-12-29,NA,NA,NA,NA,NA,NA,NA,NA,NA,0.17,1.60775,NA,NA,NA,0,0,3.93,5.37,NA
2012-12-30,NA,NA,NA,NA,NA,NA,NA,NA,NA,0.17,1.60775,NA,NA,NA,0,0,3.93,5.37,NA
2012-12-31,12.9658,4.04,4.8475,NA,43705.828125,70.529998779296875,NA,18.02,91.83,0.09,1.5535,96.99,NA,NA,0,0,4.01,5.27,1426.18994140625
2013-01-01,NA,NA,NA,5.47,NA,NA,NA,NA,NA,0.09,1.5535,96.23,2,2,0,0,4.05,5.29,NA
2013-01-02,12.7488,NA,4.8437,NA,44304.171875,71.87000274658203,NA,14.68,93.14,0.17,1.48319,91.78,NA,NA,0,4.474226804123712,4.01,5.4,1462.4200439453125
2013-01-03,12.743,NA,4.845,NA,44370.640625,71.7300033569336,NA,14.56,92.97,0.17,1.44134,90.49,NA,NA,8.188679245283017,3.387628865979382,4.28,5.31,1459.3699951171875
2013-01-04,12.7597,NA,4.8475,NA,44562.328125,72.25,NA,13.83,93.12,0.16,1.44521,90.02,NA,NA,0,5.75257731958763,4.16,5.46,1466.469970703125
2013-01-05,NA,NA,NA,NA,NA,NA,NA,NA,NA,0.16,1.44521,NA,NA,NA,0,0,4.2,5.48,NA
2013-01-06,NA,NA,NA,NA,NA,NA,NA,NA,NA,0.16,1.44521,NA,NA,NA,0,0,NA,NA,NA
2013-01-07,12.7679,NA,4.8437,NA,44625.9296875,72.0999984741211,NA,13.79,93.2,0.16,1.50312,91.89,NA,NA,9.878406708595387,3.25979381443299,4.2,5.41,1461.8900146484375
2013-01-08,12.8015,4.12,4.8475,NA,44571.19921875,71.88999938964844,NA,13.62,93.21,0.15,1.52984,93.22,NA,NA,0,0,4.09,5.34,1457.1500244140625
2013-01-09,12.7503,NA,4.8425,NA,44862.5390625,72.70999908447266,NA,13.81,93.08,0.14,1.56853,93.73,NA,NA,0,4.538144329896908,4.06,5.38,1461.02001953125
2013-01-10,12.6555,NA,4.8468,NA,44859.80078125,73.44999694824219,NA,13.49,93.81,0.14,1.54469,99.79,NA,NA,8.318658280922431,3.771134020618557,4.28,5.35,1472.1199951171875
2013-01-11,12.6478,NA,4.8435,NA,44888.12890625,73.3499984741211,NA,13.36,93.6,0.14,1.56798,100.42,NA,NA,0,0,4.25,5.25,1472.050048828125
2013-01-12,NA,NA,NA,NA,NA,NA,NA,NA,NA,0.14,1.56798,NA,NA,NA,0,0,NA,5.27,NA
2013-01-13,NA,NA,NA,NA,NA,NA,NA,NA,NA,0.14,1.56798,NA,NA,NA,0,0,4.27,5.27,NA
2013-01-14,12.6533,NA,4.8443,NA,44862.921875,73.720001220703125,NA,13.52,94.27,0.14,1.55464,100.47,NA,NA,0,0,4.39,5.34,1470.6800537109375
2013-01-15,12.6526,4.12,4.8425,NA,44748.05859375,73.48999786376953,NA,13.55,93.26,0.15,1.58051,100.01,NA,NA,0,3.1958762886597945,4.09,5.22,1472.3399658203125
2013-01-16,12.6305,NA,4.8447,NA,44865.30078125,73.5199966430664,NA,13.42,94.28,0.14,1.56919,99.02,NA,NA,0,0,4.11,5.19,1472.6300048828125
2013-01-17,12.5868,NA,4.8475,NA,44943.33984375,73.80000305175781,NA,13.57,95.49,0.14,1.54401,92.73,NA,NA,0,3.7072164948453614,4.11,5.16,1480.93994140625
2013-01-18,12.6555,NA,4.8337,NA,45212.53125,73.66999816894531,NA,12.46,95.61,0.14,1.55176,92.75,NA,NA,0,2.9402061855670105,4.11,5.05,1485.97998046875
2013-01-19,NA,NA,NA,NA,NA,NA,NA,NA,NA,0.14,1.55176,NA,NA,NA,12.997903563941298,0,4.13,5.07,NA
2013-01-20,NA,NA,NA,NA,NA,NA,NA,NA,NA,0.14,1.55176,NA,NA,NA,0,0,NA,NA,NA
2013-01-21,12.7098,NA,4.8325,NA,45223.8515625,NA,NA,NA,NA,0.14,1.55176,92.38,NA,NA,0,0,4.39,5.07,NA
2013-01-22,12.6817,4.26,4.8387,NA,45320.30078125,74.0199966430664,NA,12.43,96.09,0.14,1.56423,92.31,NA,NA,5.979035639412998,2.9402061855670105,4.25,5.02,1492.56005859375
2013-01-23,12.6616,NA,4.84,NA,45442.98046875,74.12000274658203,NA,12.46,95.06,0.13,1.56523,92.32,NA,NA,0,2.9402061855670105,4.25,4.95,1494.81005859375
2013-01-24,12.6286,NA,4.835,NA,45428.69921875,74.30999755859375,NA,12.69,95.35,0.15,1.56623,92.17,NA,NA,7.928721174004192,3.7072164948453614,4.39,5.04,1494.8199462890625
2013-01-25,12.6993,NA,4.83,NA,45575.859375,74.18000030517578,NA,12.89,95.15,0.14,1.51862,91.85,NA,NA,0,3.387628865979382,4.25,5.02,1502.9599609375
2013-01-26,NA,NA,NA,NA,NA,NA,NA,NA,NA,0.14,1.51862,NA,NA,NA,0,0,4.21,5.04,NA
2013-01-27,NA,NA,NA,NA,NA,NA,NA,NA,NA,0.14,1.51862,NA,NA,NA,0,0,NA,NA,NA
2013-01-28,12.7802,NA,4.835,NA,45912.51171875,74.01000213623047,NA,13.57,95.95,0.14,1.53241,92.39,NA,NA,0,3.25979381443299,4.25,5.14,1500.1800537109375
2013-01-29,12.7134,4.23,4.8375,NA,45907.98046875,74.63999938964844,NA,13.31,97.62,0.12,1.55567,92.57,NA,NA,8.70859538784067,2.876288659793815,4.2,5.02,1507.8399658203125
2013-01-30,12.7408,NA,4.84,NA,45753.1796875,74.13999938964844,NA,14.32,97.98,0.12,1.58961,95.04,NA,NA,0,4.665979381443299,4.25,5.02,1501.9599609375
2013-01-31,12.7094,NA,4.84,NA,45278.05859375,73.62000274658203,NA,14.28,97.65,0.15,1.64583,102.5,NA,NA,0,3.1958762886597945,4.17,5.01,1498.1099853515625
2013-02-01,12.6377,NA,4.835,5.03,45768.48828125,74.94999694824219,NA,12.9,97.46,0.14,1.62858,101.39,2,2,0,6.366088631984586,4.25,4.94,1513.1700439453125
2013-02-02,NA,NA,NA,NA,NA,NA,NA,NA,NA,0.14,1.62858,NA,NA,NA,0,0,4.23,4.96,NA
2013-02-03,NA,NA,NA,NA,NA,NA,NA,NA,NA,0.14,1.62858,NA,NA,NA,0,0,NA,NA,NA
2013-02-04,NA,NA,NA,NA,NA,74.11000061035156,NA,14.67,96.21,0.13,1.67503,103.54,NA,NA,0,0,4.23,0,1495.7099609375
2013-02-05,12.6294,4.22,4.8325,NA,45688.12109375,74.45999908447266,NA,13.72,96.68,0.13,1.6592,102.19,NA,NA,7.736082474226803,0,4.25,4.99,1511.2900390625
2013-02-06,12.6664,NA,4.8362,NA,45570.7109375,74.06999969482422,NA,13.41,96.44,0.13,1.67575,102.81,NA,NA,0,0,4.19,5.01,1512.1199951171875
2013-02-07,12.7105,NA,4.825,NA,45019.2109375,73.0199966430664,NA,13.5,95.84,0.13,1.67433,102.44,NA,NA,0,0,4.22,5.01,1509.3900146484375
2013-02-08,12.7307,NA,4.825,NA,45089.359375,73.20999908447266,NA,13.02,95.71,0.14,1.64876,101.7,NA,NA,5.195876288659793,7.229287090558768,4.3,4.99,1517.9300537109375
2013-02-09,NA,NA,NA,NA,NA,NA,NA,NA,NA,0.14,1.64876,NA,NA,NA,0,0,4.32,5.01,NA
2013-02-10,NA,NA,NA,NA,NA,NA,NA,NA,NA,0.14,1.64876,NA,NA,NA,0,0,NA,NA,NA
2013-02-11,12.7706,NA,4.8235,NA,45063.87890625,73.06999969482422,NA,12.94,97.01,0.14,1.66389,101.75,NA,NA,0,0,4.21,4.96,1517.010009765625
2013-02-12,12.7364,4.2,4.8185,NA,44873.44140625,73.01000213623047,NA,12.64,97.48,0.13,1.64841,102,NA,NA,0,5.502890173410405,4.17,5.02,1519.4300537109375
2013-02-13,12.7116,NA,4.8255,NA,44096.26953125,71.80999755859375,NA,12.98,97.03,0.14,1.63422,102.01,NA,NA,0,0,4.3,4.9,1520.3299560546875
2013-02-14,12.6982,NA,4.83,NA,43878.28125,71.44999694824219,NA,12.66,97.3,0.14,1.66901,102.27,NA,NA,0,7.984585741811176,4.3,4.93,1521.3800048828125
2013-02-15,12.6866,NA,4.8325,NA,44152.9609375,71.7300033569336,NA,12.46,95.95,0.16,1.68288,102.41,NA,NA,5.8886597938144325,5.2870905587668595,4.17,4.93,1519.7900390625
2013-02-16,NA,NA,NA,NA,NA,NA,NA,NA,NA,0.16,1.68288,NA,NA,NA,0,0,NA,4.95,NA
2013-02-17,NA,NA,NA,NA,NA,NA,NA,NA,NA,0.16,1.68288,NA,NA,NA,7.389690721649484,0,4.23,4.95,NA
2013-02-18,12.6959,NA,4.8262,NA,44141.921875,NA,NA,NA,NA,0.16,1.68288,103.38,NA,NA,0,0,4.17,5.02,NA
2013-02-19,12.6873,4.19,4.8235,NA,44639.76171875,72.75,NA,12.31,96.69,0.15,1.67028,102.82,NA,NA,5.657731958762886,0,4.16,5.02,1530.93994140625
2013-02-20,12.6694,NA,4.8175,NA,44299.55859375,71.720001220703125,NA,14.68,94.92,0.15,1.72074,103.82,NA,NA,5.08041237113402,0,4.38,4.93,1511.949951171875
2013-02-21,12.7699,NA,4.8135,NA,44136.6015625,71.30999755859375,NA,15.22,92.79,0.16,1.74899,104.2,NA,NA,0,6.689788053949904,4.42,4.93,1502.4200439453125
2013-02-22,12.7517,NA,4.8175,NA,43875.73046875,71.55999755859375,NA,14.17,93.12,0.16,1.75937,103.97,NA,NA,5.77319587628866,5.2870905587668595,NA,4.93,1515.5999755859375
2013-02-23,NA,NA,NA,NA,NA,NA,NA,NA,NA,0.16,1.75937,NA,NA,NA,0,0,NA,4.95,NA
2013-02-24,NA,NA,NA,NA,NA,NA,NA,NA,NA,0.16,1.75937,NA,NA,NA,0,0,NA,NA,NA
2013-02-25,12.7028,NA,4.8132,NA,43497.19921875,70.339996337890625,NA,18.99,92.74,0.15,1.79031,104.99,NA,NA,0,0,NA,4.93,1487.8499755859375
2013-02-26,12.868,4.13,4.805,NA,43489.19921875,70.08000183105469,NA,16.87,92.63,0.14,1.82441,106.74,NA,NA,0,0,4.1,5.07,1496.93994140625
2013-02-27,12.8322,NA,4.799,NA,43772.890625,70.9800033569336,NA,14.73,92.84,0.14,1.79223,105.01,NA,NA,7.158762886597938,6.150289017341041,4.09,5.05,1515.989990234375
2013-02-28,12.7795,NA,4.795,NA,44120.98828125,71.31999969482422,NA,15.51,92.03,0.14,1.8027,104.65,NA,NA,6.119587628865979,5.502890173410405,4.11,4.95,1514.6800537109375
2013-03-01,12.8012,NA,4.7925,NA,43995.71875,71.30000305175781,NA,15.36,90.71,0.14,1.8115,105.16,1,2,0,6.123456790123457,4.18,5.02,1518.199951171875
2013-03-02,NA,NA,NA,NA,NA,NA,NA,NA,NA,0.14,1.8115,NA,NA,NA,0,0,NA,5.04,NA
2013-03-03,NA,NA,NA,NA,NA,NA,NA,NA,NA,0.14,1.8115,NA,NA,NA,0,0,NA,NA,NA
2013-03-04,12.7814,NA,4.7837,NA,43871.30859375,71.23999786376953,NA,14.01,90.13,0.16,1.78796,104.32,NA,NA,0,0,4.1,4.93,1525.199951171875
2013-03-05,12.7355,4.07,4.776,NA,44017.12109375,71.6500015258789,NA,13.48,90.88,0.15,1.74866,101.98,NA,NA,0,5.7407407407407405,4.04,4.93,1539.7900390625
2013-03-06,12.7345,NA,4.7685,NA,44159.6484375,71.8499984741211,NA,13.53,90.47,0.15,1.70826,100.87,NA,NA,0,5.48559670781893,4.04,4.94,1541.4599609375
2013-03-07,12.7839,NA,4.755,NA,43968.6015625,71.63999938964844,NA,13.06,91.53,0.16,1.68019,99.4,NA,NA,0,5.102880658436214,4.01,4.88,1544.260009765625
2013-03-08,12.6684,NA,4.345,NA,44322.51171875,72.910003662109375,NA,12.59,92.01,0.15,1.69304,92.87,NA,NA,0,0,3.98,4.86,1551.1800537109375
2013-03-09,NA,NA,NA,NA,NA,NA,NA,NA,NA,0.15,1.69304,NA,NA,NA,0,0,NA,4.92,NA
2013-03-10,NA,NA,NA,NA,NA,NA,NA,NA,NA,0.15,1.69304,NA,NA,NA,0,0,NA,NA,NA
2013-03-11,12.5308,NA,4.3375,NA,44013.30078125,72.86000061035156,NA,11.56,92.07,0.16,1.70071,89.97,NA,NA,0,7.909465020576132,4.01,4.88,1556.219970703125
2013-03-12,12.4641,3.96,4.34,NA,43965.41015625,73.29000091552734,NA,12.27,92.44,0.15,1.69844,90.48,NA,NA,0,5.3580246913580245,3.93,4.77,1552.47998046875
2013-03-13,12.3967,NA,4.3223,NA,43278.109375,72.13999938964844,NA,11.83,92.47,0.14,1.71445,90,NA,NA,5.911627906976745,0,3.93,4.83,1554.52001953125
2013-03-14,12.4545,NA,4.321,NA,43348.51953125,72.29000091552734,NA,11.3,93.03,0.15,1.70673,89.02,NA,NA,0,6.251028806584363,3.93,4.88,1563.22998046875
2013-03-15,12.439,NA,4.324,NA,42605.05078125,71.19000244140625,NA,11.3,93.49,0.16,1.7582,89.7,NA,NA,0,0,3.96,4.93,1560.699951171875
2013-03-16,NA,NA,NA,NA,NA,NA,NA,NA,NA,0.16,1.7582,NA,NA,NA,0,0,NA,4.95,NA
2013-03-17,NA,NA,NA,NA,NA,NA,NA,NA,NA,0.16,1.7582,NA,NA,NA,9.948837209302326,0,3.97,4.95,NA
2013-03-18,NA,NA,NA,NA,NA,70.5,NA,13.36,93.71,0.16,1.79125,90.57,NA,NA,0,7.271604938271605,3.97,NA,1552.0999755859375
2013-03-19,12.4339,3.95,4.3181,NA,42060.609375,70.05000305175781,NA,14.39,92.44,0.15,1.84036,91.08,NA,NA,0,6.633744855967079,3.95,4.91,1548.3399658203125
2013-03-20,12.3909,NA,4.331,NA,42497.96875,71.05000305175781,NA,12.67,93.21,0.15,1.81453,89.64,NA,NA,0,0,3.95,4.88,1558.7099609375
2013-03-21,12.3841,NA,4.336,NA,42531.0703125,70.9000015258789,NA,13.99,92.46,0.16,1.82807,91.96,NA,NA,6.2,6.123456790123457,3.97,4.88,1545.800048828125
2013-03-22,12.3724,NA,4.343,NA,42686.6796875,71.589996337890625,NA,13.57,93.41,0.15,1.83759,98.6,NA,NA,0,0,3.97,4.93,1556.8900146484375
2013-03-23,NA,NA,NA,NA,NA,NA,NA,NA,NA,0.15,1.83759,NA,NA,NA,0,0,4.01,4.95,NA
2013-03-24,NA,NA,NA,NA,NA,NA,NA,NA,NA,0.15,1.83759,NA,NA,NA,0,0,NA,NA,NA
2013-03-25,12.3579,3.95,4.3465,NA,42900.828125,72.23999786376953,NA,13.74,94.55,0.15,1.83982,93.01,NA,NA,0,0,3.92,4.97,1551.68994140625
2013-03-26,12.3546,NA,4.3475,NA,43664.73046875,73.529998779296875,NA,12.77,95.99,0.14,1.82256,99.14,NA,NA,8.939534883720931,0,3.92,4.88,1563.77001953125
2013-03-27,12.3612,NA,4.3512,NA,44077.08984375,74.4800033569336,NA,13.15,96.53,0.12,1.84235,101,NA,NA,0,0,3.91,4.86,1562.8499755859375
2013-03-28,NA,NA,NA,NA,NA,74.589996337890625,NA,12.7,97.24,0.13,1.82446,100.39,NA,NA,0,0,3.95,4.88,1569.18994140625
2013-03-29,NA,NA,NA,NA,NA,NA,NA,NA,NA,0.09,1.82446,95.81,NA,NA,0,0,NA,NA,NA
2013-03-30,NA,NA,NA,NA,NA,NA,NA,NA,NA,0.09,1.82446,NA,NA,NA,0,0,NA,NA,NA
2013-03-31,NA,NA,NA,NA,NA,NA,NA,NA,NA,0.09,1.82446,NA,NA,NA,0,0,NA,NA,NA
2013-04-01,12.3438,NA,4.354,5,43932.51953125,74.08000183105469,NA,13.58,97.1,0.16,1.83484,101.18,2,2,4.2961165048543695,0,3.92,4.92,1562.1700439453125
2013-04-02,12.2728,3.88,4.3425,NA,44113.5,74.87000274658203,NA,12.78,97.23,0.15,1.78715,100.82,NA,NA,0,3.187066974595843,3.85,4.84,1570.25
2013-04-03,12.3266,NA,4.3462,NA,43717.5703125,73.660003662109375,NA,14.21,95.02,0.14,1.75877,101.18,NA,NA,0,0,3.85,4.85,1553.68994140625
2013-04-04,12.3197,NA,4.3375,NA,43566.69140625,73.5,NA,13.89,93.26,0.14,1.68876,99.21,NA,NA,3.567961165048544,0,3.82,4.8,1559.97998046875
2013-04-05,12.2383,NA,4.3335,NA,43244.25,73.87000274658203,NA,13.92,92.76,0.15,1.67532,98.73,NA,NA,0,3.5334872979214778,3.83,4.69,1553.280029296875
2013-04-06,NA,NA,NA,NA,NA,NA,NA,NA,NA,0.15,1.67532,NA,NA,NA,0,0,NA,4.71,NA
2013-04-07,NA,NA,NA,NA,NA,NA,NA,NA,NA,0.15,1.67532,NA,NA,NA,0,0,NA,NA,NA
2013-04-08,12.1588,NA,4.3425,NA,43430.98828125,74.31999969482422,NA,13.19,93.36,0.15,1.64868,90.74,NA,NA,0,0,3.82,4.69,1563.0699462890625
2013-04-09,12.1304,3.81,4.3362,NA,43973.1796875,75.3499984741211,NA,12.84,94.18,0.15,1.63283,89.42,NA,NA,3.932038834951457,4.434180138568129,3.78,4.64,1568.6099853515625
2013-04-10,12.114,NA,4.3281,NA,44380.828125,76.26000213623047,NA,12.36,94.59,0.15,1.58738,86.61,NA,NA,4.150485436893204,5.404157043879907,3.78,4.66,1587.72998046875
2013-04-11,12.0691,NA,4.3314,NA,44408.4296875,76.70999908447266,NA,12.24,93.44,0.15,1.56634,82.52,NA,NA,0,5.127020785219399,3.88,4.6,1593.3699951171875
2013-04-12,12.0824,NA,4.3348,NA,44004.26953125,75.44999694824219,NA,12.06,91.23,0.15,1.61006,82.54,NA,NA,3.4951456310679614,3.8799076212471126,3.95,4.63,1588.8499755859375
2013-04-13,NA,NA,NA,NA,NA,NA,NA,NA,NA,0.15,1.61006,NA,NA,NA,0,0,NA,4.65,NA
2013-04-14,NA,NA,NA,NA,NA,NA,NA,NA,NA,0.15,1.61006,NA,NA,NA,0,0,NA,NA,NA
2013-04-15,12.1729,NA,4.3375,NA,42984.37890625,72.44999694824219,NA,17.27,88.75,0.15,1.64922,85.06,NA,NA,3.567961165048544,3.394919168591224,3.88,4.63,1552.3599853515625
2013-04-16,12.1668,3.81,4.3351,NA,43223.69140625,73.4800033569336,NA,13.96,88.73,0.15,1.63318,84.41,NA,NA,3.567961165048544,3.6720554272517316,3.78,4.57,1574.5699462890625
2013-04-17,12.237,NA,4.3275,NA,42610.91015625,72.01000213623047,NA,16.51,86.65,0.15,1.64305,87.9,NA,NA,4.223300970873787,3.5334872979214778,3.76,4.55,1552.010009765625
2013-04-18,12.2479,NA,4.3312,NA,42460.2109375,71.83000183105469,NA,17.56,87.83,0.15,1.69957,90.89,NA,NA,0,3.7413394919168588,3.84,4.48,1541.6099853515625
2013-04-19,12.2254,NA,4.325,NA,42808.171875,72.55999755859375,NA,14.97,88.04,0.15,1.71137,90.71,NA,NA,3.4951456310679614,0,3.8,4.49,1555.25
2013-04-20,NA,NA,NA,NA,NA,NA,NA,NA,NA,0.15,1.71137,NA,NA,NA,0,0,NA,4.7,NA
2013-04-21,NA,NA,NA,NA,NA,NA,NA,NA,NA,0.15,1.71137,NA,NA,NA,0,0,NA,NA,NA
2013-04-22,12.3227,NA,4.3258,NA,42914.19921875,72.779998779296875,NA,14.39,88.81,0.15,1.70879,89.44,NA,NA,4.805825242718448,0,3.8,4.46,1562.5
2013-04-23,12.2492,3.76,4.3303,NA,43113.609375,73.19000244140625,NA,13.48,89.21,0.14,1.69946,87.63,NA,NA,0,4.919168591224018,3.73,4.45,1578.780029296875
2013-04-24,12.2768,NA,4.3251,NA,42294.9296875,72.36000061035156,NA,13.61,91.07,0.13,1.70644,87.15,NA,NA,4.077669902912622,4.711316397228637,3.75,4.43,1578.7900390625
2013-04-25,12.1231,NA,4.325,NA,42547.46875,73.19000244140625,NA,13.62,93.27,0.13,1.70393,85.02,NA,NA,4.805825242718448,6.928406466512701,3.73,4.42,1585.1600341796875
2013-04-26,12.155,NA,4.3325,NA,41897,72.04000091552734,NA,13.61,92.63,0.13,1.72877,85.53,NA,NA,3.640776699029127,3.5334872979214778,3.8,4.47,1582.239990234375
2013-04-27,NA,NA,NA,NA,NA,NA,NA,NA,NA,0.13,1.72877,NA,NA,NA,0,0,NA,4.49,NA
2013-04-28,NA,NA,NA,NA,NA,NA,NA,NA,NA,0.13,1.72877,NA,NA,NA,4.150485436893204,0,NA,NA,NA
2013-04-29,12.1326,3.76,4.3275,NA,41910.53125,71.61000061035156,NA,13.71,94.09,0.13,1.7145,82.77,NA,NA,4.223300970873787,0,3.73,4.52,1593.6099853515625
2013-04-30,12.1456,NA,4.3237,NA,42263.48046875,72.3499984741211,NA,13.52,93.22,0.14,1.69351,81.31,NA,NA,0,0,3.8,4.45,1597.5699462890625
2013-05-01,NA,NA,NA,4.64,NA,71.220001220703125,NA,14.49,90.74,0.14,1.68877,81.99,2,2,5.629156010230179,0,3.82,4.49,1582.699951171875
2013-05-02,12.1756,NA,4.3293,NA,42090.01171875,71.86000061035156,NA,13.59,93.7,0.15,1.66951,78.38,NA,NA,0,0,3.66,4.44,1597.5899658203125
2013-05-03,12.0851,NA,4.325,NA,42602.0703125,73.44000244140625,NA,12.85,95.25,0.14,1.62711,76.9,NA,NA,3.647058823529412,0,3.68,4.53,1614.4200439453125
2013-05-04,NA,NA,NA,NA,NA,NA,NA,NA,NA,0.14,1.62711,NA,NA,NA,0,0,3.8,4.55,NA
2013-05-05,NA,NA,NA,NA,NA,NA,NA,NA,NA,0.14,1.62711,NA,NA,NA,0,0,NA,NA,NA
2013-05-06,12.1074,NA,4.3321,NA,42197.98828125,72.80999755859375,NA,12.66,95.8,0.14,1.62024,75.95,NA,NA,5.0741687979539645,4.851458885941644,3.72,4.538,1617.5
2013-05-07,12.0733,3.71,4.331,NA,42406.671875,73.73999786376953,NA,12.83,95.28,0.12,1.60832,75.63,NA,NA,3.8056265984654734,6.002652519893898,3.68,4.49,1625.9599609375
2013-05-08,12.0393,NA,4.325,NA,42102.140625,73.470001220703125,NA,12.66,96.24,0.12,1.60709,75.15,NA,NA,0,4.029177718832891,3.68,4.45,1632.68994140625
2013-05-09,11.9807,NA,4.3156,NA,41682.640625,72.80999755859375,NA,13.13,96.09,0.12,1.56491,74.17,NA,NA,3.9641943734015346,5.2625994694960205,3.64,4.45,1626.6700439453125
2013-05-10,12.1094,NA,4.315,NA,41741.5390625,72.25,NA,12.59,95.81,0.12,1.52762,75.33,NA,NA,4.836317135549872,0,3.65,4.45,1633.699951171875
2013-05-11,NA,NA,NA,NA,NA,NA,NA,NA,NA,0.12,1.52762,NA,NA,NA,4.281329923273658,0,NA,4.55,NA
2013-05-12,NA,NA,NA,NA,NA,NA,NA,NA,NA,0.12,1.52762,NA,NA,NA,4.915601023017903,0,NA,NA,NA
2013-05-13,12.1448,NA,4.3175,NA,41766.91015625,71.910003662109375,NA,12.55,94.76,0.12,1.55259,77.69,NA,NA,0,5.015915119363394,3.66,4.58,1633.77001953125
2013-05-14,12.1485,3.72,4.315,NA,41925.140625,72.11000061035156,NA,12.77,93.96,0.11,1.51475,76.71,NA,NA,0,0,3.69,4.63,1650.3399658203125
2013-05-15,12.2313,NA,4.3115,NA,41905.23046875,71.94999694824219,NA,12.81,93.95,0.12,1.56663,80.2,NA,NA,4.122762148337596,4.029177718832891,3.65,4.64,1658.780029296875
2013-05-16,12.2378,NA,4.3139,NA,41761.109375,71.220001220703125,NA,13.07,94.85,0.11,1.65739,81.21,NA,NA,0,3.535809018567639,3.69,4.54,1650.469970703125
2013-05-17,12.3177,NA,4.317,NA,41806.73046875,70.76000213623047,NA,12.45,95.72,0.1,1.63262,84.52,NA,NA,4.677749360613811,0,3.66,4.64,1667.469970703125
2013-05-18,NA,NA,NA,NA,NA,NA,NA,NA,NA,0.1,1.63262,NA,NA,NA,0,0,NA,4.67,NA
2013-05-19,NA,NA,NA,NA,NA,NA,NA,NA,NA,0.1,1.63262,NA,NA,NA,0,0,3.73,NA,NA
2013-05-20,12.3258,NA,4.3175,NA,41080.4296875,69.7300033569336,NA,13.02,96.29,0.1,1.66331,84.89,NA,NA,4.202046035805627,0,3.7,4.69,1666.2900390625
2013-05-21,12.3414,3.72,4.315,NA,40548.44140625,68.75,NA,13.37,95.55,0.09,1.69607,86.89,NA,NA,0,5.180371352785145,3.69,4.7,1669.1600341796875
2013-05-22,12.3113,NA,4.3065,NA,40119.01953125,67.55999755859375,NA,13.82,93.98,0.08,1.64558,86.57,NA,NA,4.202046035805627,0,3.69,4.87,1655.3499755859375
2013-05-23,12.4764,NA,4.311,NA,40505.26953125,68.12000274658203,NA,14.07,94.12,0.08,1.75622,91.91,NA,NA,0,3.7002652519893893,3.92,5.04,1650.510009765625
2013-05-24,12.5219,NA,4.3139,NA,40521.26953125,67.5,NA,13.99,93.84,0.09,1.78268,92.89,NA,NA,0,0,3.71,5.08,1649.5999755859375
2013-05-25,NA,NA,NA,NA,NA,NA,NA,NA,NA,0.09,1.78268,NA,NA,NA,0,0,3.73,5.1,NA
2013-05-26,NA,NA,NA,NA,NA,NA,NA,NA,NA,0.09,1.78268,NA,NA,NA,0,0,NA,NA,NA
2013-05-27,12.4831,NA,4.3075,NA,40144.6484375,NA,NA,NA,NA,0.09,1.78268,92.84,NA,NA,0,5.509283819628647,3.7,5.05,NA
2013-05-28,12.5275,3.71,4.3075,NA,40764.0390625,67.4800033569336,NA,14.48,94.65,0.09,1.82144,94.71,NA,NA,0,7.4005305039787785,3.68,5.14,1660.06005859375
2013-05-29,12.6328,NA,4.3075,NA,40638.96875,67.31999969482422,NA,14.83,93.13,0.08,1.91994,101.76,NA,NA,4.59846547314578,0,3.75,5.27,1648.3599853515625
2013-05-30,12.7781,NA,4.304,NA,40984.5,67.1500015258789,NA,14.53,93.57,0.08,1.91948,101.88,NA,NA,4.043478260869565,3.7002652519893893,3.8,5.34,1654.4100341796875
2013-05-31,12.8035,NA,4.3098,NA,41588.3203125,68.339996337890625,NA,16.3,91.93,0.09,1.95614,103.5,NA,NA,0,3.7824933687002646,3.77,5.37,1630.739990234375
2013-06-01,NA,NA,NA,6.2,NA,NA,NA,NA,NA,0.09,1.95614,NA,3,1,3.7408312958435213,0,NA,NA,NA
2013-06-02,NA,NA,NA,NA,NA,NA,NA,NA,NA,0.09,1.95614,NA,NA,NA,0,0,NA,NA,NA
2013-06-03,12.7882,NA,4.305,NA,41094.8203125,67.589996337890625,NA,16.28,93.41,0.1,1.9898,107.21,NA,NA,0,4.177215189873418,3.81,5.26,1640.4200439453125
2013-06-04,12.7317,3.71,4.302,NA,40750.3984375,67.20999908447266,NA,16.27,93.36,0.11,1.96025,106.84,NA,NA,3.7408312958435213,4.841772151898734,3.88,5.07,1631.3800048828125
2013-06-05,12.8167,NA,4.3,NA,40226.328125,65.26000213623047,NA,17.5,93.66,0.09,1.99603,113.89,NA,NA,4.621026894865526,0,3.9,5.16,1608.9000244140625
2013-06-06,12.9079,NA,4.2975,NA,40579.078125,66.48999786376953,NA,16.63,94.71,0.1,2.06448,120.96,NA,NA,0,4.841772151898734,NA,5.29,1622.56005859375
2013-06-07,12.7173,NA,4.3,NA,40232.6796875,66.29000091552734,NA,15.14,96.11,0.09,1.96322,115.02,NA,NA,3.245721271393643,0,3.68,5.38,1643.3800048828125
2013-06-08,NA,NA,NA,NA,NA,NA,NA,NA,NA,0.09,1.96322,NA,NA,NA,4.786063569682152,0,3.7,5.4,NA
2013-06-09,NA,NA,NA,NA,NA,NA,NA,NA,NA,0.09,1.96322,NA,NA,NA,0,0,NA,NA,NA
2013-06-10,12.8572,NA,4.2986,NA,40721.3515625,66.19999694824219,NA,15.44,95.82,0.09,1.99406,123.44,NA,NA,2.310513447432763,0,3.68,5.5,1642.81005859375
2013-06-11,12.8846,3.77,4.2855,NA,39890.23828125,65.30000305175781,NA,17.07,95.5,0.09,2.17195,130.89,NA,NA,0,0,3.74,5.45,1626.1300048828125
2013-06-12,12.8442,NA,4.2942,NA,39480.3515625,64.13999938964844,NA,18.59,95.98,0.08,2.06547,126.29,NA,NA,3.355745721271394,0,3.87,5.33,1612.52001953125
2013-06-13,12.7812,NA,4.2971,NA,39481.46875,65.4800033569336,NA,16.41,96.66,0.09,1.91946,118.73,NA,NA,2.310513447432763,4.367088607594937,3.68,5.21,1636.3599853515625
2013-06-14,12.6916,NA,4.301,NA,39269.30078125,64.79000091552734,NA,17.15,97.83,0.1,1.96946,115.25,NA,NA,5.061124694376528,4.746835443037975,3.88,5.15,1626.72998046875
2013-06-15,NA,NA,NA,NA,NA,NA,NA,NA,NA,0.1,1.96946,NA,NA,NA,0,0,3.9,5.17,NA
2013-06-16,NA,NA,NA,NA,NA,NA,NA,NA,NA,0.1,1.96946,NA,NA,NA,3.355745721271394,0,3.9,5.17,NA
2013-06-17,12.737,NA,4.3015,NA,39549.4609375,64.51000213623047,NA,16.8,97.86,0.11,1.95247,115.25,NA,NA,0,0,3.88,5.24,1639.0400390625
2013-06-18,12.88,3.81,4.3025,NA,39459.98046875,64.05999755859375,NA,16.61,98.46,0.12,2.01102,123.94,NA,NA,3.1356968215158925,7.025316455696203,3.78,5.37,1651.81005859375
2013-06-19,12.8695,NA,4.3025,NA,39044.94921875,61.630001068115234,NA,16.64,98.24,0.1,2.11338,127.13,NA,NA,3.1356968215158925,0,3.9,5.36,1628.9300537109375
2013-06-20,13.4015,NA,4.3108,NA,37517.23046875,58.810001373291016,NA,20.49,94.89,0.1,2.30453,155.13,NA,NA,4.566014669926651,0,3.91,5.85,1588.18994140625
2013-06-21,13.4041,NA,4.3166,NA,38036.4609375,59.84000015258789,NA,18.9,93.81,0.1,2.29646,163.04,NA,NA,5.116136919315403,0,3.91,5.96,1592.4300537109375
2013-06-22,NA,NA,NA,NA,NA,NA,NA,NA,NA,0.1,2.29646,NA,NA,NA,3.0806845965770173,0,NA,NA,NA
2013-06-23,NA,NA,NA,NA,NA,NA,NA,NA,NA,0.1,2.29646,NA,NA,NA,4.841075794621027,0,3.93,5.98,NA
2013-06-24,13.3966,NA,4.3148,NA,37517.359375,58.95000076293945,NA,20.11,95.07,0.1,2.47003,161.02,NA,NA,4.235941320293398,0,3.98,5.93,1573.0899658203125
2013-06-25,13.2424,3.82,4.3074,NA,37901.76953125,60.209999084472656,NA,18.47,95.25,0.09,2.42268,147.68,NA,NA,3.4657701711491447,0,3.79,6.08,1588.030029296875
2013-06-26,13.1884,NA,4.3115,NA,38805.26953125,61.529998779296875,NA,17.21,95.47,0.09,2.35086,138.09,NA,NA,4.566014669926651,0,3.77,5.98,1603.260009765625
2013-06-27,13.0235,NA,4.3144,NA,39650.75,63.43000030517578,NA,16.86,97,0.09,2.29836,123.9,NA,NA,4.180929095354523,0,3.91,5.79,1613.199951171875
2013-06-28,13.0279,NA,4.3137,NA,40623.30078125,65.25,NA,16.86,96.36,0.07,2.2317,126.65,NA,NA,5.061124694376528,0,3.91,5.75,1606.280029296875
2013-06-29,NA,NA,NA,NA,NA,NA,NA,NA,NA,0.07,2.2317,NA,NA,NA,3.575794621026895,0,NA,5.77,NA
2013-06-30,NA,NA,NA,NA,NA,NA,NA,NA,NA,0.07,2.2317,NA,NA,NA,4.511002444987775,0,NA,NA,NA
2013-07-01,12.9131,NA,4.327,NA,41176.80078125,66,NA,16.37,97.94,0.1,2.13478,125.89,3,1,4.162544169611308,0,3.9,5.5,1614.9599609375
2013-07-02,12.985,3.8,4.321,NA,40832.48046875,65.08000183105469,NA,16.44,99.65,0.1,2.10713,127.38,NA,NA,3.450530035335689,9.351239669421487,3.91,5.57,1614.0799560546875
2013-07-03,13.0377,NA,4.3205,NA,40828.8515625,64.970001220703125,NA,16.2,101.92,0.1,2.14025,143.39,NA,NA,4.545936395759718,0,3.78,5.79,1615.4100341796875
2013-07-04,12.8902,NA,4.3145,NA,41200.3984375,NA,NA,NA,NA,0.1,2.14025,133.22,NA,NA,4.874558303886926,0,3.79,5.81,NA
2013-07-05,13.0567,NA,4.3125,NA,40623.08984375,64.48999786376953,NA,14.89,103.09,0.1,2.11432,148.71,NA,NA,4.162544169611308,0,3.79,5.75,1631.8900146484375
2013-07-06,NA,NA,NA,NA,NA,NA,NA,NA,NA,0.1,2.11432,NA,NA,NA,3.614840989399293,0,3.83,5.77,NA
2013-07-07,NA,NA,NA,NA,NA,NA,NA,NA,NA,0.1,2.11432,NA,NA,NA,0,0,NA,NA,NA
2013-07-08,12.9267,NA,4.3152,NA,40071.640625,64.63999938964844,NA,14.78,103.03,0.1,2.16616,144.74,NA,NA,3.833922261484099,0,3.8,5.87,1640.4599609375
2013-07-09,12.8654,3.83,4.3166,NA,40221,64.75,NA,14.35,103.46,0.1,2.15353,137.43,NA,NA,0,0,3.8,5.68,1652.3199462890625
2013-07-10,12.9494,NA,4.316,NA,39999.01953125,64.279998779296875,NA,14.21,106.41,0.09,2.11469,132.35,NA,NA,4.874558303886926,7.301652892561983,3.94,5.74,1652.6199951171875
2013-07-11,12.8599,NA,4.3193,NA,40479.828125,65.76000213623047,NA,14.01,104.77,0.09,2.19127,126.66,NA,NA,3.724381625441696,0,3.81,5.8,1675.02001953125
2013-07-12,12.8234,NA,4.32,NA,40329.80859375,65.12999725341797,NA,13.84,105.85,0.09,2.12113,121.96,NA,NA,4.217314487632509,0,3.83,5.73,1680.18994140625
2013-07-13,NA,NA,NA,NA,NA,NA,NA,NA,NA,0.09,2.12113,NA,NA,NA,3.3409893992932864,0,3.87,5.75,NA
2013-07-14,NA,NA,NA,NA,NA,NA,NA,NA,NA,0.09,2.12113,NA,NA,NA,0,0,NA,NA,NA
2013-07-15,12.7387,NA,4.32,NA,40322.3203125,66.160003662109375,NA,13.79,106.2,0.09,2.04298,116.26,NA,NA,3.176678445229682,0,3.84,5.73,1682.5
2013-07-16,12.6299,3.85,4.3165,NA,39659.51171875,65.58000183105469,NA,14.42,105.88,0.09,1.97177,118.37,NA,NA,2.8480565371024733,0,3.85,5.78,1676.260009765625
2013-07-17,12.5455,NA,4.3182,NA,40240.19140625,66.9000015258789,NA,13.78,106.39,0.09,1.88431,113.53,NA,NA,5.477031802120141,0,3.85,5.78,1680.9100341796875
2013-07-18,12.4976,NA,4.3175,NA,40245.30859375,66.70999908447266,NA,13.77,107.94,0.09,1.81428,111.8,NA,NA,3.998233215547703,0,3.86,5.56,1689.3699951171875
2013-07-19,12.5499,NA,4.32,NA,39891.671875,66.089996337890625,NA,12.54,108,0.09,1.8462,114.16,NA,NA,3.5053003533568905,0,3.86,5.83,1692.0899658203125
2013-07-20,NA,NA,NA,NA,NA,NA,NA,NA,NA,0.09,1.8462,NA,NA,NA,0,0,NA,5.85,NA
2013-07-21,NA,NA,NA,NA,NA,NA,NA,NA,NA,0.09,1.8462,NA,NA,NA,0,0,NA,NA,NA
2013-07-22,12.5054,NA,4.32,NA,40117.671875,66.660003662109375,NA,12.29,106.61,0.09,1.85651,110.81,NA,NA,3.724381625441696,0,3.84,5.76,1695.530029296875
2013-07-23,12.5093,3.9,4.315,NA,40790.16015625,67.660003662109375,NA,12.66,107.13,0.09,1.85378,111.31,NA,NA,3.286219081272085,0,3.87,5.7,1692.3900146484375
2013-07-24,12.633,NA,4.3175,NA,40839.0390625,67.20999908447266,NA,13.18,105.41,0.09,1.85299,119.23,NA,NA,5.477031802120141,0,3.82,5.83,1685.93994140625
2013-07-25,12.6468,NA,4.32,NA,40752.08984375,67.37000274658203,NA,12.97,105.47,0.09,1.88983,120.22,NA,NA,5.093639575971731,0,3.87,5.86,1690.25
2013-07-26,12.7091,NA,4.32,NA,41064.578125,67.38999938964844,NA,12.72,104.76,0.09,1.97086,122.44,NA,NA,2.6837455830388692,7.68595041322314,3.9,5.88,1691.6500244140625
2013-07-27,NA,NA,NA,NA,NA,NA,NA,NA,NA,0.09,1.97086,NA,NA,NA,0,0,3.94,5.9,NA
2013-07-28,NA,NA,NA,NA,NA,NA,NA,NA,NA,0.09,1.97086,NA,NA,NA,0,0,NA,NA,NA
2013-07-29,12.7321,NA,4.32,NA,40341.859375,65.62000274658203,NA,13.39,104.61,0.08,1.99378,123.68,NA,NA,2.7385159010600706,6.661157024793388,3.9,5.86,1685.3299560546875
2013-07-30,12.7635,3.88,4.32,NA,40236.55078125,65.3499984741211,NA,13.39,103.14,0.09,2.0243,124.41,NA,NA,2.8480565371024733,0,3.85,5.98,1685.9599609375
2013-07-31,12.8464,NA,4.32,NA,40837.87890625,66.06999969482422,NA,13.45,105.1,0.09,2.02373,124.41,NA,NA,3.3409893992932864,0,3.83,5.91,1685.72998046875
2013-08-01,12.8068,NA,4.324,5.93,41863.76171875,67.6500015258789,NA,12.94,107.93,0.08,1.97995,122.2,2,1,0,0,3.9,5.97,1706.8699951171875
2013-08-02,12.6904,NA,4.322,NA,42051.6015625,69.11000061035156,NA,11.98,106.94,0.09,1.99855,119.21,NA,NA,2.665158371040724,0,3.95,5.78,1709.6700439453125
2013-08-03,NA,NA,NA,NA,NA,NA,NA,NA,NA,0.09,1.99855,NA,NA,NA,4.34841628959276,0,NA,5.8,NA
2013-08-04,NA,NA,NA,NA,NA,NA,NA,NA,NA,0.09,1.99855,NA,NA,NA,0,0,NA,NA,NA
2013-08-05,12.6759,NA,4.316,NA,41918.41015625,68.720001220703125,NA,11.84,106.61,0.08,1.9892,120.46,NA,NA,2.9457013574660635,5.543046357615894,3.78,5.78,1707.1400146484375
2013-08-06,12.6445,3.84,4.3075,NA,41914.8203125,68.80999755859375,NA,12.72,105.32,0.09,1.95522,123.18,NA,NA,2.7119155354449473,5.543046357615894,3.8,5.81,1697.3699951171875
2013-08-07,12.6989,NA,4.3075,NA,42246.5,68.81999969482422,NA,12.98,104.41,0.09,2.00401,123.91,NA,NA,3.3197586726998494,0,3.82,5.81,1690.9100341796875
2013-08-08,12.646,NA,4.3087,NA,42712.05078125,70.279998779296875,NA,12.73,103.45,0.09,2.01439,121.19,NA,NA,2.9457013574660635,4.824503311258278,3.8,5.74,1697.47998046875
2013-08-09,12.5889,NA,4.305,NA,42648.73828125,70.0199966430664,NA,13.41,106.04,0.08,2.04128,119.22,NA,NA,0,0,3.82,5.72,1691.4200439453125
2013-08-10,NA,NA,NA,NA,NA,NA,NA,NA,NA,0.08,2.04128,NA,NA,NA,0,0,3.86,5.74,NA
2013-08-11,NA,NA,NA,NA,NA,NA,NA,NA,NA,0.08,2.04128,NA,NA,NA,2.852187028657617,0,3.86,5.74,NA
2013-08-12,12.5666,NA,4.3025,NA,42124.83984375,69.029998779296875,NA,12.81,106.19,0.08,2.02432,115.5,NA,NA,0,0,3.81,5.77,1689.469970703125
2013-08-13,12.7545,3.84,4.3062,NA,42366.44921875,68.94000244140625,NA,12.31,106.78,0.08,1.95415,114.52,NA,NA,0,0,3.82,5.92,1694.1600341796875
2013-08-14,12.7255,NA,4.2975,NA,42430.109375,69.19999694824219,NA,13.04,106.89,0.09,1.93118,117.48,NA,NA,3.085972850678733,0,3.81,6.02,1685.3900146484375
2013-08-15,12.8625,NA,4.2975,NA,42155.33984375,68,NA,14.73,107.43,0.08,1.93421,122.44,NA,NA,2.291101055806938,0,3.82,6.12,1661.3199462890625
2013-08-16,12.8722,NA,4.3015,NA,42049.69921875,67.26000213623047,NA,14.37,107.58,0.09,1.9428,125.65,NA,NA,0,0,3.81,6.12,1655.8299560546875
2013-08-17,NA,NA,NA,NA,NA,NA,NA,NA,NA,0.09,1.9428,NA,NA,NA,0,0,3.85,6.14,NA
2013-08-18,NA,NA,NA,NA,NA,NA,NA,NA,NA,0.09,1.9428,NA,NA,NA,0,0,NA,NA,NA
2013-08-19,13.0124,NA,4.3007,NA,41484.25,65.69999694824219,NA,15.1,107.14,0.09,2.0535,128.87,NA,NA,4.6289592760181,0,3.78,6.12,1646.06005859375
2013-08-20,13.0064,3.83,4.3,NA,41825.3984375,66.58000183105469,NA,14.91,104.9,0.09,2.07361,123.9,NA,NA,3.1327300150829562,5.8509933774834435,3.79,6.17,1652.3499755859375
2013-08-21,13.1424,NA,4.3043,NA,41458.16015625,64.75,NA,15.94,103.93,0.08,2.13743,131.84,NA,NA,2.291101055806938,0,3.79,6.29,1642.800048828125
2013-08-22,13.1486,NA,4.3,NA,41007.4296875,64.8499984741211,NA,14.76,104.93,0.09,2.09958,126.28,NA,NA,3.085972850678733,4.208609271523179,3.8,6.19,1656.9599609375
2013-08-23,12.9979,NA,4.3,NA,40925.12890625,65.16999816894531,NA,13.98,106.48,0.08,2.15743,119.08,NA,NA,0,0,3.8,6.09,1663.5
2013-08-24,NA,NA,NA,NA,NA,NA,NA,NA,NA,0.08,2.15743,NA,NA,NA,0,0,NA,6.11,NA
2013-08-25,NA,NA,NA,NA,NA,NA,NA,NA,NA,0.08,2.15743,NA,NA,NA,3.085972850678733,0,NA,NA,NA
2013-08-26,13.109,NA,4.3,NA,40419.9296875,63.619998931884766,NA,14.99,105.88,0.08,2.15686,121.07,NA,NA,3.834087481146305,5.029801324503311,3.8,6.17,1656.780029296875
2013-08-27,13.3366,3.83,4.3046,NA,39656,62.47999954223633,NA,16.77,109.11,0.07,2.23274,125.29,NA,NA,2.1508295625942684,0,3.8,6.3,1630.47998046875
2013-08-28,13.2539,NA,4.306,NA,39248.0703125,61.400001525878906,NA,16.49,110.17,0.07,2.22141,123.8,NA,NA,2.5716440422322777,0,3.8,6.42,1634.9599609375
2013-08-29,13.3104,NA,4.3038,NA,39162.48828125,61.15999984741211,NA,16.81,108.51,0.08,2.24472,124.03,NA,NA,3.6003016591251886,0,3.8,6.28,1638.1700439453125
2013-08-30,13.3415,NA,4.3044,NA,39492.37109375,61.56999969482422,NA,17.01,107.98,0.07,2.22178,128.62,NA,NA,3.273001508295626,0,3.8,6.26,1632.969970703125
2013-08-31,NA,NA,NA,NA,NA,NA,NA,NA,NA,0.07,2.22178,NA,NA,NA,3.1794871794871797,0,NA,6.3,NA
2013-09-01,NA,NA,NA,6.13,NA,NA,NA,NA,NA,0.07,2.22178,NA,2,2,0,0,3.84,6.3,NA
2013-09-02,13.307,NA,4.3025,NA,40129.0390625,NA,NA,NA,NA,0.07,2.22178,133.49,NA,NA,3.622047244094488,6.369593709043251,3.76,6.3,NA
2013-09-03,13.4394,3.83,4.305,NA,39541.51171875,61.619998931884766,NA,16.61,108.67,0.09,2.18727,129.51,NA,NA,3.149606299212598,4.089121887287025,3.8,6.4,1639.77001953125
2013-09-04,13.3065,NA,4.3075,NA,39773.53125,62.290000915527344,NA,15.88,107.29,0.08,2.20881,127.5,NA,NA,3.4645669291338583,0,3.78,6.5,1653.0799560546875
2013-09-05,13.4079,NA,4.3075,NA,39686.44921875,61.77000045776367,NA,15.77,108.5,0.08,2.1573,126.4,NA,NA,2.5721784776902887,0,3.79,6.57,1655.0799560546875
2013-09-06,13.2413,NA,4.057,NA,39915.05859375,62.9900016784668,NA,15.85,110.62,0.08,2.12138,120.41,NA,NA,0,3.774574049803408,3.71,5.97,1655.1700439453125
2013-09-07,NA,NA,NA,NA,NA,NA,NA,NA,NA,0.08,2.12138,NA,NA,NA,4.199475065616798,0,3.75,5.99,NA
2013-09-08,NA,NA,NA,NA,NA,NA,NA,NA,NA,0.08,2.12138,NA,NA,NA,2.9396325459317585,0,3.75,5.99,NA
2013-09-09,13.1471,NA,4.048,NA,40953.8515625,65.18000030517578,NA,15.63,109.62,0.08,2.0883,118.69,NA,NA,2.5721784776902887,4.16775884665793,3.71,6.23,1671.7099609375
2013-09-10,13.1119,3.65,4.029,NA,41732.98046875,66.30000305175781,NA,14.53,107.48,0.08,2.10779,118.24,NA,NA,3.937007874015748,4.4036697247706424,3.61,6.35,1683.989990234375
2013-09-11,13.0938,NA,4.0361,NA,41640.53125,66.4000015258789,NA,13.82,107.65,0.08,2.06233,113.27,NA,NA,2.6246719160104988,0,3.68,6.13,1689.1300048828125
2013-09-12,13.0854,NA,4.037,NA,40785.6796875,64.76000213623047,NA,14.29,108.72,0.08,2.07259,114.5,NA,NA,2.5721784776902887,0,3.61,5.97,1683.4200439453125
2013-09-13,13.054,NA,4.0356,NA,41122.46875,65.5,NA,14.16,108.31,0.08,2.04931,112.9,NA,NA,0,4.246395806028834,3.6,5.97,1687.989990234375
2013-09-14,NA,NA,NA,NA,NA,NA,NA,NA,NA,0.08,2.04931,NA,NA,NA,0,6.290956749672346,3.64,5.99,NA
2013-09-15,NA,NA,NA,NA,NA,NA,NA,NA,NA,0.08,2.04931,NA,NA,NA,0,0,3.64,5.99,NA
2013-09-16,NA,NA,NA,NA,NA,66.1500015258789,NA,14.38,106.54,0.08,1.94948,109.79,NA,NA,0,0,3.63,NA,1697.5999755859375
2013-09-17,12.9241,3.56,4.04,NA,41137.671875,66.06999969482422,NA,14.53,105.36,0.08,1.919,108.07,NA,NA,0,0,3.53,5.88,1704.760009765625
2013-09-18,12.9687,NA,4.0425,NA,41902.19921875,68.70999908447266,NA,13.59,108.23,0.08,1.85023,101.61,NA,NA,3.202099737532808,4.796854521625164,3.5,5.68,1725.52001953125
2013-09-19,12.7179,NA,4.0437,NA,41752.26171875,68.33000183105469,NA,13.16,106.26,0.09,1.8262100000000001,99.84,NA,NA,2.4146981627296586,4.796854521625164,3.4,5.68,1722.3399658203125
2013-09-20,12.7685,NA,4.0365,NA,41225.98046875,66.41999816894531,NA,13.12,104.7,0.08,1.8563,109.06,NA,NA,0,0,3.4,5.635,1709.9100341796875
2013-09-21,NA,NA,NA,NA,NA,NA,NA,NA,NA,0.08,1.8563,NA,NA,NA,3.149606299212598,0,NA,5.655,NA
2013-09-22,NA,NA,NA,NA,NA,NA,NA,NA,NA,0.08,1.8563,NA,NA,NA,0,0,3.44,5.655,NA
2013-09-23,12.7846,NA,4.03,NA,41314.6796875,66.9800033569336,NA,14.31,103.62,0.09,1.88279,109.31,NA,NA,5.091863517060367,3.617300131061599,3.49,5.68,1701.8399658203125
2013-09-24,12.8754,3.5,4.039,NA,41209.94921875,66.37999725341797,NA,14.08,103.22,0.09,1.95889,110.53,NA,NA,2.677165354330709,0,3.47,5.72,1697.4200439453125
2013-09-25,12.953,NA,4.0286,NA,41724.03125,66.62999725341797,NA,14.01,102.68,0.08,1.97988,112.27,NA,NA,2.7821522309711284,4.560943643512451,3.47,5.79,1692.77001953125
2013-09-26,13.0119,NA,4.0355,NA,41327.578125,65.95999908447266,NA,14.06,103.1,0.08,2.02267,114.76,NA,NA,2.5721784776902887,3.6959370904325035,3.46,6.04,1698.6700439453125
2013-09-27,13.145,NA,4.0327,NA,40903.6484375,64.660003662109375,NA,15.46,102.86,0.08,2.04172,120.56,NA,NA,0,0,3.52,6.05,1691.75
2013-09-28,NA,NA,NA,NA,NA,NA,NA,NA,NA,0.08,2.04172,NA,NA,NA,3.202099737532808,0,3.56,6.07,NA
2013-09-29,NA,NA,NA,NA,NA,NA,NA,NA,NA,0.08,2.04172,NA,NA,NA,0,0,3.56,5.95,NA
2013-09-30,13.1747,NA,4.0265,NA,40185.23046875,63.88999938964844,NA,16.6,102.36,0.06,2.09665,120.44,NA,NA,3.254593175853018,5.190039318479686,3.53,6.07,1681.550048828125
2013-10-01,13.1294,3.44,4.031,5.97,41335.26953125,65.44999694824219,NA,15.54,102.09,0.08,2.07424,117.71,2,2,3.8987730061349697,5.516014234875445,3.41,5.9,1695
2013-10-02,13.1593,NA,4.0255,NA,41300.66015625,65.69000244140625,NA,16.6,104.15,0.07,2.0928,117.7,NA,NA,0,5.6631079478054565,3.38,5.84,1693.8699951171875
2013-10-03,13.2663,NA,4.0341,NA,40841.12890625,64.43000030517578,NA,17.67,103.29,0.08,2.10523,120.4,NA,NA,3.3757668711656446,0,3.38,5.79,1678.6600341796875
2013-10-04,13.0976,NA,4.0325,NA,40909.5390625,65.06999969482422,NA,16.74,103.83,0.08,2.07223,115.74,NA,NA,3.0904907975460123,0,3.37,5.78,1690.5
2013-10-05,NA,NA,NA,NA,NA,NA,NA,NA,NA,0.08,2.07223,NA,NA,NA,2.9953987730061353,6.030842230130486,3.41,5.82,NA
2013-10-06,NA,NA,NA,NA,NA,NA,NA,NA,NA,0.08,2.07223,NA,NA,NA,0,0,NA,NA,NA
2013-10-07,13.0959,NA,4.027,NA,40451.16015625,64.25,NA,19.41,103.07,0.08,2.07472,115.74,NA,NA,2.9478527607361964,4.854092526690391,3.39,5.75,1676.1199951171875
2013-10-08,13.1417,3.4,4.0235,NA,39916.83984375,62.880001068115234,NA,20.34,103.54,0.08,2.05393,114.74,NA,NA,2.5199386503067487,5.074733096085409,3.38,6.02,1655.449951171875
2013-10-09,13.2126,NA,4.03,NA,39866.171875,62.790000915527344,NA,19.6,101.63,0.09,2.03404,114,NA,NA,2.4248466257668713,3.162514827995255,3.41,6.07,1656.4000244140625
2013-10-10,13.0913,NA,4.02,NA,40489.94921875,64.69999694824219,NA,16.48,103.08,0.09,2.00771,109.3,NA,NA,0,3.3096085409252667,3.4,5.8,1692.56005859375
2013-10-11,13.0514,NA,4.0185,NA,40975.37109375,65.83000183105469,NA,15.72,102.17,0.1,1.97423,107.81,NA,NA,2.710122699386503,3.603795966785291,3.36,5.68,1703.199951171875
2013-10-12,NA,NA,NA,NA,NA,NA,NA,NA,NA,0.1,1.97423,NA,NA,NA,0,0,3.4,5.72,NA
2013-10-13,NA,NA,NA,NA,NA,NA,NA,NA,NA,0.1,1.97423,NA,NA,NA,2.757668711656442,0,NA,NA,NA
2013-10-14,13.0492,NA,4.0167,NA,40882.08984375,65.91999816894531,NA,16.07,102.46,0.1,1.97423,107.81,NA,NA,4.041411042944786,0,3.39,5.7,1710.1400146484375
2013-10-15,12.9725,3.38,4.0133,NA,40218.3203125,64.660003662109375,NA,18.66,101.15,0.1,1.92736,106.32,NA,NA,2.044478527607362,4.927639383155397,3.35,5.75,1698.06005859375
2013-10-16,12.8816,NA,4.01,NA,40355.26953125,65.41999816894531,NA,14.71,102.34,0.11,1.9776,105.09,NA,NA,0,0,3.35,5.64,1721.5400390625
2013-10-17,12.7717,NA,4.01,NA,40199.46875,65.80999755859375,NA,13.48,100.72,0.1,2.00644,106.33,NA,NA,3.042944785276074,4.265717674970344,3.32,5.52,1733.1500244140625
2013-10-18,12.7988,NA,4.012,NA,40412.69140625,65.589996337890625,NA,13.04,100.87,0.1,1.92282,105.33,NA,NA,2.4248466257668713,3.530249110320285,3.32,5.52,1744.5
2013-10-19,NA,NA,NA,NA,NA,NA,NA,NA,NA,0.1,1.92282,NA,NA,NA,3.565950920245399,0,NA,5.54,NA
2013-10-20,NA,NA,NA,NA,NA,NA,NA,NA,NA,0.1,1.92282,NA,NA,NA,0,0,NA,NA,NA
2013-10-21,12.9314,NA,4.0081,NA,40345.78125,64.63999938964844,NA,13.16,99.28,0.09,1.92618,107.81,NA,NA,3.3282208588957056,3.3831553973902726,3.35,5.63,1744.6600341796875
2013-10-22,12.8713,3.35,4.0015,NA,40813.48046875,66.25,NA,13.33,97.63,0.08,1.93083,105.83,NA,NA,3.5184049079754605,4.265717674970344,3.32,5.52,1754.6700439453125
2013-10-23,12.9433,NA,4.0035,NA,40552.58984375,65.220001220703125,NA,13.42,96.9,0.08,1.93331,106.08,NA,NA,4.516871165644172,0,3.31,5.55,1746.3800048828125
2013-10-24,12.9916,NA,3.9767,NA,40246.73046875,64.70999908447266,NA,13.2,96.65,0.08,1.97751,107.81,NA,NA,0,0,3.32,5.58,1752.0699462890625
2013-10-25,12.8693,NA,3.7972,NA,40671.609375,65.720001220703125,NA,13.09,97.4,0.08,2.01087,105.58,NA,NA,0,0,3.42,5.57,1759.77001953125
2013-10-26,NA,NA,NA,NA,NA,NA,NA,NA,NA,0.08,2.01087,NA,NA,NA,0,0,3.46,5.61,NA
2013-10-27,NA,NA,NA,NA,NA,NA,NA,NA,NA,0.08,2.01087,NA,NA,NA,0,0,3.46,5.61,NA
2013-10-28,12.8948,NA,3.79,NA,41125.01953125,66.69000244140625,NA,13.31,98.74,0.08,2.01297,104.84,NA,NA,0,0,3.37,5.71,1762.1099853515625
2013-10-29,12.8903,3.38,3.782,NA,41284.37890625,66.55999755859375,NA,13.41,98.29,0.08,2.0046,105.34,NA,NA,2.852760736196319,4.412811387900356,3.35,5.8,1771.949951171875
2013-10-30,12.864,NA,3.7781,NA,41050.08984375,65.86000061035156,NA,13.65,96.81,0.08,1.95105,106.08,NA,NA,3.042944785276074,0,3.35,5.94,1763.31005859375
2013-10-31,13.0067,NA,3.7853,NA,41038.6484375,65.43000030517578,NA,13.75,96.29,0.07,1.957,107.19,NA,NA,2.900306748466258,0,3.35,6.01,1756.5400390625
2013-11-01,13.0789,NA,3.7812,NA,41079.609375,65.70999908447266,NA,13.28,94.56,0.08,2.00162,109.9,2,2,0,4.194756554307117,3.45,6.03,1761.6400146484375
2013-11-02,NA,NA,NA,NA,NA,NA,NA,NA,NA,0.08,2.00162,NA,NA,NA,0,0,3.49,6.07,NA
2013-11-03,NA,NA,NA,NA,NA,NA,NA,NA,NA,0.08,2.00162,NA,NA,NA,0,0,3.49,6.07,NA
2013-11-04,12.9869,NA,3.7895,NA,41013.71875,65.910003662109375,NA,12.93,94.58,0.08,2.01038,106.58,NA,NA,2.7837259100642395,5.093632958801498,3.44,6,1767.9300537109375
2013-11-05,13.1341,3.36,3.785,NA,40304.44921875,63.810001373291016,NA,13.27,93.4,0.08,2.04496,109.81,NA,NA,1.7130620985010705,5.543071161048689,3.33,6.12,1762.969970703125
2013-11-06,13.1388,NA,3.782,NA,40280.08984375,63.97999954223633,NA,12.67,94.74,0.08,2.06989,107.81,NA,NA,2.226980728051392,6.741573033707866,3.76,6.11,1770.489990234375
2013-11-07,13.1912,NA,3.7775,NA,40009.8984375,63.099998474121094,NA,13.91,94.25,0.08,2.12115,107.81,NA,NA,2.2698072805139184,4.719101123595506,3.33,6.08,1747.1500244140625
2013-11-08,13.2412,NA,3.7765,NA,39864.16015625,62.939998626708984,NA,12.9,94.56,0.08,2.13235,110.56,NA,NA,1.8415417558886509,3.295880149812734,3.33,6.24,1770.6099853515625
2013-11-09,NA,NA,NA,NA,NA,NA,NA,NA,NA,0.08,2.13235,NA,NA,NA,2.9550321199143466,0,3.37,6.28,NA
2013-11-10,NA,NA,NA,NA,NA,NA,NA,NA,NA,0.08,2.13235,NA,NA,NA,3.597430406852248,0,NA,NA,NA
2013-11-11,13.2314,NA,3.7885,NA,39686.828125,62.4900016784668,NA,12.53,95.13,0.08,2.13235,110.56,NA,NA,0,3.6704119850187267,3.33,6.31,1771.8900146484375
2013-11-12,13.1879,3.39,3.7826,NA,39594.640625,62.40999984741211,NA,12.82,93.12,0.08,2.16106,111.06,NA,NA,2.0985010706638114,3.7453183520599254,3.36,6.27,1767.68994140625
2013-11-13,13.103,NA,3.7813,NA,39765.921875,63.15999984741211,NA,12.52,93.91,0.08,2.16536,107.08,NA,NA,1.798715203426124,4.044943820224719,3.36,6.26,1782
2013-11-14,13.0173,NA,3.7775,NA,40306.69921875,64.79000091552734,NA,12.37,93.76,0.09,2.11689,106.34,NA,NA,3.1263383297644536,0,3.36,6.2,1790.6199951171875
2013-11-15,12.9524,NA,3.7975,NA,41034.109375,65.93000030517578,NA,12.19,93.8,0.09,2.08552,104.32,NA,NA,2.141327623126338,0,3.36,6.19,1798.1800537109375
2013-11-16,NA,NA,NA,NA,NA,NA,NA,NA,NA,0.09,2.08552,NA,NA,NA,2.8265524625267666,0,3.4,6.23,NA
2013-11-17,NA,NA,NA,NA,NA,NA,NA,NA,NA,0.09,2.08552,NA,NA,NA,0,0,3.4,6.23,NA
2013-11-18,NA,NA,NA,NA,NA,65.779998779296875,NA,13.1,93.03,0.09,2.06629,99.15,NA,NA,2.6980728051391862,0,3.39,6.24,1791.530029296875
2013-11-19,12.8869,3.4,3.7937,NA,40643.25,65.529998779296875,NA,13.39,93.35,0.09,2.05609,102.99,NA,NA,0,0,3.37,6.11,1787.8699951171875
2013-11-20,12.9697,NA,3.792,NA,40795.55859375,64.91999816894531,NA,13.4,93.34,0.09,2.03537,106.94,NA,NA,2.0556745182012848,0,3.36,6.14,1781.3699951171875
2013-11-21,13.0617,NA,3.7911,NA,40998.37109375,65.279998779296875,NA,12.66,95.35,0.09,2.07693,105.71,NA,NA,4.282655246252676,5.093632958801498,3.37,6.22,1795.8499755859375
2013-11-22,13.0223,NA,3.8065,NA,41199.01953125,66,NA,12.26,94.53,0.09,2.08922,99.99,NA,NA,2.141327623126338,3.8951310861423223,3.38,6.2,1804.760009765625
2013-11-23,NA,NA,NA,NA,NA,NA,NA,NA,NA,0.09,2.08922,NA,NA,NA,3.0406852248394003,0,3.42,6.22,NA
2013-11-24,NA,NA,NA,NA,NA,NA,NA,NA,NA,0.09,2.08922,NA,NA,NA,2.9550321199143466,4.344569288389513,NA,6.17,NA
2013-11-25,13.0267,NA,3.7982,NA,40948.359375,65.20999908447266,NA,12.79,93.86,0.09,2.11301,104.11,NA,NA,2.526766595289079,0,3.37,6.25,1802.47998046875
2013-11-26,13.0745,3.4,3.8018,NA,41002.6796875,65.16999816894531,NA,12.81,93.41,0.09,2.12958,104.36,NA,NA,2.398286937901499,0,3.37,6.1,1802.75
2013-11-27,13.0925,NA,3.8009,NA,41872.58984375,66.30000305175781,NA,12.98,92.05,0.09,2.11242,101.81,NA,NA,2.740899357601713,0,3.37,6.16,1807.22998046875
2013-11-28,13.0836,NA,3.802,NA,42160.421875,NA,NA,NA,NA,0.09,2.11242,101.47,NA,NA,3.254817987152034,5.617977528089888,3.37,6.14,NA
2013-11-29,13.1101,NA,3.796,NA,42499.12890625,67.220001220703125,NA,13.7,92.55,0.07,2.11242,104.61,NA,NA,2.526766595289079,0,3.37,6.09,1805.81005859375
2013-11-30,NA,NA,NA,NA,NA,NA,NA,NA,NA,0.07,2.11242,NA,NA,NA,0,0,3.41,6.11,NA
2013-12-01,NA,NA,NA,6.33,NA,NA,NA,NA,NA,0.07,2.11242,NA,2,1,0,0,NA,NA,NA
2013-12-02,13.2041,NA,3.79,NA,42138.55078125,66.18000030517578,NA,14.23,93.61,0.09,2.11579,106.34,NA,NA,3.554140127388535,6.8441558441558445,3.36,6.29,1800.9000244140625
2013-12-03,13.2372,3.38,3.7862,NA,41876.859375,66.23999786376953,NA,14.55,95.83,0.09,2.13903,104.77,NA,NA,0,6.70995670995671,3.37,6.38,1795.1500244140625
2013-12-04,13.0826,NA,3.7877,NA,42003.6484375,66.76000213623047,NA,14.7,96.97,0.09,2.10404,107.57,NA,NA,2.1939136588818116,8.32034632034632,3.37,6.24,1792.81005859375
2013-12-05,13.0057,NA,3.7888,NA,41910.078125,66.5199966430664,NA,15.08,97.14,0.09,2.07712,104.11,NA,NA,3.3347487615003537,0,3.35,6.37,1785.030029296875
2013-12-06,12.9299,NA,3.7919,NA,41925.5390625,67.4000015258789,NA,13.79,97.48,0.09,2.01534,98.41,NA,NA,0,0,3.35,6.31,1805.0899658203125
2013-12-07,NA,NA,NA,NA,NA,NA,NA,NA,NA,0.09,2.01534,NA,NA,NA,2.7643312101910826,0,3.39,6.35,NA
2013-12-08,NA,NA,NA,NA,NA,NA,NA,NA,NA,0.09,2.01534,NA,NA,NA,0,0,NA,NA,NA
2013-12-09,12.8612,3.34,3.7859,NA,42289.23046875,68.2300033569336,NA,13.49,97.1,0.09,2.00477,89.92,NA,NA,3.4663835810332624,9.125541125541126,3.31,6.29,1808.3699951171875
2013-12-10,12.8574,NA,3.7825,NA,42490.1015625,68.660003662109375,NA,13.91,98.32,0.09,2.02139,91.57,NA,NA,2.3255484784147202,0,3.31,6.31,1802.6199951171875
2013-12-11,12.9342,NA,3.79,NA,42304.55078125,67.45999908447266,NA,15.42,97.25,0.08,1.97775,92.23,NA,NA,3.290870488322718,0,3.31,6.44,1782.219970703125
2013-12-12,NA,NA,NA,NA,NA,66.910003662109375,NA,15.54,97.21,0.09,1.91515,87.6,NA,NA,2.018400566171267,0,3.35,6.48,1775.5
2013-12-13,12.9515,NA,3.7915,NA,41884.828125,67.48999786376953,NA,15.76,96.27,0.08,1.88532,88.26,NA,NA,3.598018400566171,0,3.31,6.37,1775.3199462890625
2013-12-14,NA,NA,NA,NA,NA,NA,NA,NA,NA,0.08,1.88532,NA,NA,NA,0,0,3.35,6.41,NA
2013-12-15,NA,NA,NA,NA,NA,NA,NA,NA,NA,0.08,1.88532,NA,NA,NA,0,0,NA,NA,NA
2013-12-16,12.9439,NA,3.7932,NA,42054.01953125,67.5,NA,16.03,97.18,0.09,1.86148,89.59,NA,NA,2.9398443029016277,0,3.29,6.4,1786.5400390625
2013-12-17,12.9575,3.27,3.7916,NA,41758.55078125,66.75,NA,16.21,96.99,0.09,1.92644,89.43,NA,NA,3.0714791224345364,0,3.25,6.38,1781
2013-12-18,12.9937,NA,3.7954,NA,42079.87109375,66.95999908447266,NA,13.8,97.59,0.09,1.89076,87.62,NA,NA,3.773531493276716,0,3.25,6.37,1810.6500244140625
2013-12-19,12.973,NA,3.7875,NA,42198.3203125,66.470001220703125,NA,14.15,98.4,0.09,1.86596,87.59,NA,NA,3.159235668789809,0,3.25,6.371,1809.5999755859375
2013-12-20,12.9574,NA,3.7855,NA,42183.76953125,66.5999984741211,NA,13.79,99.11,0.09,1.88546,91.25,NA,NA,2.588818117480538,0,3.2,6.251,1818.3199462890625
2013-12-21,NA,NA,NA,NA,NA,NA,NA,NA,NA,0.09,1.88546,NA,NA,NA,2.588818117480538,0,3.24,6.281,NA
2013-12-22,NA,NA,NA,NA,NA,NA,NA,NA,NA,0.09,1.88546,NA,NA,NA,3.8612880396319884,0,NA,NA,NA
2013-12-23,12.961,3.18,3.7902,NA,42508.03125,67.45999908447266,NA,13.04,98.62,0.09,1.85228,91.13,NA,NA,0,0,3.15,6.37,1827.989990234375
2013-12-24,13.02,NA,3.7941,NA,NA,67.38999938964844,NA,12.48,98.87,0.08,1.7923,91.13,NA,NA,2.3255484784147202,0,3.15,6.501,1833.3199462890625
2013-12-25,NA,NA,NA,NA,NA,NA,NA,NA,NA,0.08,1.7923,91.13,NA,NA,0,0,3.19,6.53,NA
2013-12-26,13.0547,NA,3.7925,NA,42540.3203125,67.05000305175781,NA,12.33,99.18,0.08,1.7796400000000001,91.13,NA,NA,0,0,3.15,6.51,1842.02001953125
2013-12-27,13.0765,NA,3.7962,NA,42753.21875,67.58000183105469,NA,12.46,99.94,0.08,1.78185,90.92,NA,NA,0,0,3.16,6.45,1841.4000244140625
2013-12-28,NA,NA,NA,NA,NA,NA,NA,NA,NA,0.08,1.78185,NA,NA,NA,2.808209483368719,0,3.18,6.47,NA
2013-12-29,NA,NA,NA,NA,NA,NA,NA,NA,NA,0.08,1.78185,NA,NA,NA,2.808209483368719,0,NA,NA,NA
2013-12-30,13.0652,3.16,3.79,NA,42958.8203125,67.75,NA,13.56,98.9,0.08,1.81145,91.91,NA,NA,3.1153573956121727,0,3.14,6.32,1841.0699462890625
2013-12-31,13.0843,NA,3.795,NA,NA,68,NA,13.72,98.17,0.07,1.77086,91.74,NA,NA,2.413305024769993,0,3.14,6.42,1848.3599853515625
2014-01-01,NA,NA,NA,6.46,NA,NA,NA,NA,NA,0.07,1.77086,91.87,2,2,0,0,3.18,6.45,NA
2014-01-02,13.1011,NA,3.795,NA,42188.44921875,66.12000274658203,NA,14.23,95.14,0.08,1.8218,99.54,NA,NA,2.6296296296296293,3.2397540983606556,3.15,6.35,1831.97998046875
2014-01-03,13.0911,NA,3.7925,NA,42064.96875,66.089996337890625,NA,13.76,93.66,0.08,1.81106,92.9,NA,NA,2.148148148148148,0,3.14,6.31,1831.3699951171875
2014-01-04,NA,NA,NA,NA,NA,NA,NA,NA,NA,0.08,1.81106,NA,NA,NA,3.1111111111111107,0,3.18,6.34,NA
2014-01-05,NA,NA,NA,NA,NA,NA,NA,NA,NA,0.08,1.81106,NA,NA,NA,2.185185185185185,0,NA,NA,NA
2014-01-06,13.0905,NA,3.7962,NA,41525.94921875,65.37999725341797,NA,13.55,93.12,0.08,1.83983,94.88,NA,NA,2.0370370370370368,3.4938524590163933,3.17,6.34,1826.77001953125
2014-01-07,13.0337,3.17,3.7994,NA,41778.6015625,66.11000061035156,NA,12.92,93.31,0.07,1.88621,100.15,NA,NA,2.9259259259259256,4.065573770491803,3.14,6.32,1837.8800048828125
2014-01-08,13.0846,NA,3.8005,NA,41515.48828125,65.18000030517578,NA,12.87,91.9,0.07,1.86571,101.75,NA,NA,0,2.7315573770491803,3.14,6.43,1837.489990234375
2014-01-09,13.1403,NA,3.7927,NA,41585.5390625,65.470001220703125,NA,12.89,91.36,0.07,1.87354,103.51,NA,NA,2.7037037037037037,4.954918032786885,3.17,6.48,1838.1300048828125
2014-01-10,13.0065,NA,3.7945,NA,42458.51171875,67.08000183105469,NA,12.14,92.39,0.07,1.94309,102.69,NA,NA,1.7407407407407407,3.112704918032787,3.12,6.38,1842.3699951171875
2014-01-11,NA,NA,NA,NA,NA,NA,NA,NA,NA,0.07,1.94309,NA,NA,NA,1.7407407407407407,0,3.16,6.4,NA
2014-01-12,NA,NA,NA,NA,NA,NA,NA,NA,NA,0.07,1.94309,NA,NA,NA,0,0,NA,NA,NA
2014-01-13,12.9889,NA,3.7972,NA,42158.62109375,66.36000061035156,NA,13.28,91.45,0.07,1.96903,102.85,NA,NA,0,3.1762295081967213,3.13,6.37,1819.199951171875
2014-01-14,13.0956,3.05,3.7933,NA,42439.7890625,66.63999938964844,NA,12.28,92.15,0.07,1.93325,100.52,NA,NA,3,2.9221311475409837,3.02,6.39,1838.8800048828125
2014-01-15,13.1689,NA,3.7843,NA,42511.25,66.3499984741211,NA,12.28,93.78,0.07,1.89506,100.27,NA,NA,2.111111111111111,0,3.01,6.44,1848.3800048828125
2014-01-16,13.2907,NA,3.7825,NA,42172.73046875,65.55000305175781,NA,12.53,93.54,0.07,1.91557,101.02,NA,NA,1.8888888888888888,4.891393442622951,3.04,6.42,1845.8900146484375
2014-01-17,13.2737,NA,3.7665,NA,41911.30859375,65.16999816894531,NA,12.44,93.96,0.07,1.92953,101.02,NA,NA,1.8148148148148147,0,3.07,6.32,1838.699951171875
2014-01-18,NA,NA,NA,NA,NA,NA,NA,NA,NA,0.07,1.92953,NA,NA,NA,0,0,3.11,6.34,NA
2014-01-19,NA,NA,NA,NA,NA,NA,NA,NA,NA,0.07,1.92953,NA,NA,NA,3.1111111111111107,0,NA,NA,NA
2014-01-20,13.242,NA,3.7615,NA,41976.37109375,NA,NA,NA,NA,0.07,1.92953,102.36,NA,NA,2.7777777777777777,0,3.13,6.33,NA
2014-01-21,13.298400000000001,3.13,3.767,NA,41838.62890625,64.7699966430664,NA,12.87,94.51,0.07,1.93119,100.27,NA,NA,2.5925925925925926,3.875,3.11,6.42,1843.800048828125
2014-01-22,13.3194,NA,3.7771,NA,42062.8203125,65.04000091552734,NA,12.84,96.35,0.07,1.94959,103.12,NA,NA,2.444444444444444,0,3.15,6.43,1844.8599853515625
2014-01-23,13.3722,NA,3.7645,NA,41531.80078125,63.880001068115234,NA,13.77,97.23,0.07,2.036,106.7,NA,NA,2.333333333333333,3.430327868852459,3.17,6.42,1828.4599609375
2014-01-24,13.493,NA,3.765,NA,40979.80078125,62.61000061035156,NA,18.14,96.66,0.07,2.08528,110.05,NA,NA,3.222222222222222,4.256147540983607,3.09,6.49,1790.2900390625
2014-01-25,NA,NA,NA,NA,NA,NA,NA,NA,NA,0.07,2.08528,NA,NA,NA,3.6296296296296293,0,3.13,6.52,NA
2014-01-26,NA,NA,NA,NA,NA,NA,NA,NA,NA,0.07,2.08528,NA,NA,NA,0,0,NA,NA,NA
2014-01-27,13.4408,NA,3.765,NA,40863.41015625,62.86000061035156,NA,17.42,95.82,0.07,2.09147,111.17,NA,NA,2.185185185185185,0,3.13,6.49,1781.56005859375
2014-01-28,13.3104,3.18,3.765,NA,40660.9296875,63.15999984741211,NA,15.8,97.49,0.07,2.09246,107.71,NA,NA,1.8888888888888888,2.540983606557377,NA,6.42,1792.5
2014-01-29,13.3671,NA,3.7726,NA,40689.8984375,62.619998931884766,NA,17.35,97.34,0.07,2.18864,110.07,NA,NA,3,4.764344262295082,3.21,6.58,1774.199951171875
2014-01-30,13.3207,NA,3.7761,NA,41008.30078125,63.11000061035156,NA,17.29,98.25,0.07,2.1905,108.19,NA,NA,2.4074074074074074,5.145491803278689,3.22,6.64,1794.18994140625
2014-01-31,13.3769,NA,3.7705,NA,40879.75,62.88999938964844,NA,18.41,97.55,0.07,2.18926,109.93,NA,NA,2.3703703703703702,5.399590163934426,3.22,6.63,1782.5899658203125
2014-02-01,NA,NA,NA,NA,NA,NA,NA,NA,NA,0.07,2.18926,NA,2,2,3.013452914798206,0,3.26,6.65,NA
2014-02-02,NA,NA,NA,NA,NA,NA,NA,NA,NA,0.07,2.18926,NA,NA,NA,0,0,NA,NA,NA
2014-02-03,NA,NA,NA,NA,NA,60.54999923706055,NA,21.44,96.44,0.07,2.26636,111.29,NA,NA,2.092675635276532,0,3.26,6.6,1741.8900146484375
2014-02-04,13.3928,3.18,3.7755,NA,40085.51953125,61.75,NA,19.11,97.24,0.07,2.17337,106.84,NA,NA,4.185351270553064,3.094339622641509,3.15,6.61,1755.199951171875
2014-02-05,13.3705,NA,3.7643,NA,39880.87109375,61.72999954223633,NA,19.95,97.4,0.07,2.06275,104.48,NA,NA,3.515695067264574,0,3.23,6.49,1751.6400146484375
2014-02-06,13.2211,NA,3.7671,NA,40288.78125,62.34000015258789,NA,17.23,97.84,0.07,2.00047,100.77,NA,NA,4.101644245142003,4.90566037735849,3.22,6.4,1773.4300537109375
2014-02-07,13.3285,NA,3.7815,NA,40525.73828125,62.709999084472656,NA,15.29,99.98,0.06,1.95079,99.04,NA,NA,3.599402092675635,0,3.24,6.3,1797.02001953125
2014-02-08,NA,NA,NA,NA,NA,NA,NA,NA,NA,0.06,1.95079,NA,NA,NA,0,3.5471698113207544,3.28,6.32,NA
2014-02-09,NA,NA,NA,NA,NA,NA,NA,NA,NA,0.06,1.95079,NA,NA,NA,0,3.69811320754717,NA,NA,NA
2014-02-10,13.3134,NA,3.784,NA,40116.359375,62.099998474121094,NA,15.26,100.12,0.07,1.95335,101.27,NA,NA,3.180866965620329,0,3.24,6.39,1799.8399658203125
2014-02-11,13.2916,3.16,3.7778,NA,40759.62109375,63.16999816894531,NA,14.51,99.96,0.06,1.91942,99.28,NA,NA,2.0508221225710015,4,3.13,6.3,1819.75
2014-02-12,13.3056,NA,3.789,NA,40690.05859375,62.97999954223633,NA,14.3,100.38,0.07,1.89069,100.27,NA,NA,3.6412556053811658,4.679245283018868,3.16,6.41,1819.260009765625
2014-02-13,13.332,NA,3.7915,NA,40308.9609375,62.7599983215332,NA,14.14,100.27,0.06,1.91763,93.07,NA,NA,2.804185351270553,2.943396226415094,3.26,6.27,1829.8299560546875
2014-02-14,13.2477,NA,3.7872,NA,40710.890625,63.47999954223633,NA,13.57,100.31,0.06,1.90869,92.07,NA,NA,0,3.2452830188679243,3.26,6.28,1838.6300048828125
2014-02-15,NA,NA,NA,NA,NA,NA,NA,NA,NA,0.06,1.90869,NA,NA,NA,0,0,3.3,6.3,NA
2014-02-16,NA,NA,NA,NA,NA,NA,NA,NA,NA,0.06,1.90869,NA,NA,NA,0,0,NA,NA,NA
2014-02-17,13.1949,NA,3.795,NA,40735.48046875,NA,NA,NA,NA,0.06,1.90869,92.1,NA,NA,2.218236173393124,4.754716981132075,3.27,6.29,NA
2014-02-18,13.2261,3.14,3.8025,NA,40421.859375,63,NA,13.87,102.54,0.07,1.92524,91.74,NA,NA,3.3482810164424515,4,3.11,6.33,1840.760009765625
2014-02-19,13.2714,NA,3.793,NA,40006.421875,61.81999969482422,NA,15.5,103.46,0.07,1.89718,92.24,NA,NA,2.2600896860986546,3.7735849056603774,3.11,6.36,1828.75
2014-02-20,13.2913,NA,3.7935,NA,39654.23046875,61.5099983215332,NA,14.79,103.2,0.07,1.89702,NA,NA,NA,2.678624813153961,3.471698113207547,3.11,6.33,1839.780029296875
2014-02-21,13.2704,NA,3.7975,NA,39724.578125,61.810001373291016,NA,14.68,102.53,0.07,1.90764,88.11,NA,NA,2.3437967115097162,3.5471698113207544,3.11,6.27,1836.25
2014-02-22,NA,NA,NA,NA,NA,NA,NA,NA,NA,0.07,1.90764,NA,NA,NA,2.0508221225710015,0,3.15,6.29,NA
2014-02-23,NA,NA,NA,NA,NA,NA,NA,NA,NA,0.07,1.90764,NA,NA,NA,0,0,NA,NA,NA
2014-02-24,13.209,NA,3.7937,NA,39792.7109375,61.81999969482422,NA,14.23,103.17,0.07,1.87185,82.81,NA,NA,2.5530642750373693,3.471698113207547,3.12,6.25,1847.6099853515625
2014-02-25,13.2248,3.15,3.8025,NA,39023.6484375,60.939998626708984,NA,13.67,102.2,0.07,1.91363,86.12,NA,NA,2.4275037369207775,2.8679245283018866,3.12,6.24,1845.1199951171875
2014-02-26,13.2992,NA,3.7962,NA,38605.62109375,59.81999969482422,NA,14.35,102.93,0.07,1.94904,90.75,NA,NA,1.5485799701046339,0,3.12,6.25,1845.1600341796875
2014-02-27,13.3066,NA,3.7917,NA,38912.9296875,60.54999923706055,NA,14.04,102.68,0.07,1.93125,89.15,NA,NA,2.385650224215247,0,3.12,6.25,1854.2900390625
2014-02-28,13.2379,NA,3.7919,NA,38782.890625,60.31999969482422,NA,14,102.88,0.06,1.94767,89.75,NA,NA,0,0,3.16,6.26,1859.449951171875
2014-03-01,NA,NA,NA,6.32,NA,NA,NA,NA,NA,0.06,1.94767,NA,2,2,0,0,3.2,6.28,NA
2014-03-02,NA,NA,NA,NA,NA,NA,NA,NA,NA,0.06,1.94767,NA,NA,NA,2.6309047237790235,2.504038772213247,NA,NA,NA
2014-03-03,13.3201,NA,3.7956,NA,38534.8203125,59.5,NA,16,105.34,0.07,1.99388,92.4,NA,NA,2.9287429943955163,2.8546042003231014,3.17,6.35,1845.72998046875
2014-03-04,13.2752,3.16,3.7987,NA,39084.359375,60.4900016784668,NA,14.1,103.64,0.07,1.87333,87.16,NA,NA,1.9359487590072058,2.303715670436187,3.13,6.24,1873.9100341796875
2014-03-05,13.2519,NA,3.8,NA,39021.0703125,60.560001373291016,NA,13.89,101.75,0.08,1.82306,85.8,NA,NA,2.7301841473178543,2.8546042003231014,3.11,6.2,1873.81005859375
2014-03-06,13.1476,NA,3.8012,NA,39176.30078125,61.29999923706055,NA,14.21,101.82,0.08,1.77683,83.47,NA,NA,2.77982385908727,0,3.16,6.25,1877.030029296875
2014-03-07,13.1795,NA,3.8006,NA,38913.0390625,61,NA,14.11,102.82,0.08,1.76819,85.61,NA,NA,2.6309047237790235,2.2536348949919223,3.16,6.23,1878.0400390625
2014-03-08,NA,NA,NA,NA,NA,NA,NA,NA,NA,0.08,1.76819,NA,NA,NA,0,0,3.2,6.27,NA
2014-03-09,NA,NA,NA,NA,NA,NA,NA,NA,NA,0.08,1.76819,NA,NA,NA,0,0,3.2,6.27,NA
2014-03-10,13.2248,NA,3.8025,NA,38671.01171875,60.54999923706055,NA,14.2,101.39,0.08,1.77532,85.95,NA,NA,2.6309047237790235,2.1033925686591273,3.15,6.23,1877.1700439453125
2014-03-11,13.243,3.14,3.7937,NA,38689.5703125,60.150001525878906,NA,14.8,100.29,0.08,1.82142,88.59,NA,NA,3.8718975180144115,2.8045234248788367,3.12,6.18,1867.6300048828125
2014-03-12,13.2659,NA,3.7918,NA,38634.828125,60.349998474121094,NA,14.47,98.29,0.08,1.85001,87.94,NA,NA,2.5316253002401923,4.45718901453958,3.12,6.18,1868.199951171875
2014-03-13,13.2456,NA,3.8,NA,38037.5,59.13999938964844,NA,16.22,98.57,0.08,1.94101,89.59,NA,NA,2.5316253002401923,2.704361873990307,3.11,6.19,1846.3399658203125
2014-03-14,13.234,NA,3.8075,NA,37950.96875,59.369998931884766,NA,17.82,99.23,0.08,1.95217,88.93,NA,NA,0,3.155088852988691,3.12,6.13,1841.1300048828125
2014-03-15,NA,NA,NA,NA,NA,NA,NA,NA,NA,0.08,1.95217,NA,NA,NA,4.517213771016814,3.054927302100161,3.14,6.15,NA
2014-03-16,NA,NA,NA,NA,NA,NA,NA,NA,NA,0.08,1.95217,NA,NA,NA,0,0,NA,NA,NA
2014-03-17,NA,NA,NA,NA,NA,59.84000015258789,NA,15.64,98.43,0.08,1.92521,86.61,NA,NA,0,2.8045234248788367,3.14,6.15,1858.8299560546875
2014-03-18,13.1675,3.19,3.795,NA,38814.69140625,60.959999084472656,NA,14.52,100.08,0.08,1.9123000000000001,84.14,NA,NA,3.077662129703763,0,3.16,6.09,1872.25
2014-03-19,13.1695,NA,3.8,NA,38811.94140625,60.4900016784668,NA,15.12,100.71,0.08,1.8944,86.09,NA,NA,2.6309047237790235,3.455573505654281,3.17,6.19,1860.77001953125
2014-03-20,13.2703,NA,3.8012,NA,39616.19140625,61.56999969482422,NA,14.52,99.68,0.08,1.93835,89.92,NA,NA,4.070456365092074,2.8546042003231014,3.2,6.26,1872.010009765625
2014-03-21,13.22,NA,3.8062,NA,40021.73046875,62.72999954223633,NA,15,99.97,0.08,1.94938,88.43,NA,NA,4.318654923939151,3.4054927302100158,3.22,6.27,1866.52001953125
2014-03-22,NA,NA,NA,NA,NA,NA,NA,NA,NA,0.08,1.94938,NA,NA,NA,0,0,3.26,6.29,NA
2014-03-23,NA,NA,NA,NA,NA,NA,NA,NA,NA,0.08,1.94938,NA,NA,NA,0,0,NA,NA,NA
2014-03-24,13.2019,NA,3.805,NA,39821.7109375,62.52000045776367,NA,15.09,100.05,0.09,1.96468,88.27,NA,NA,3.524419535628503,4.557350565428109,3.23,6.26,1857.43994140625
2014-03-25,13.1349,3.19,3.8125,NA,39793.01953125,62.650001525878906,NA,14.02,99.66,0.09,1.91247,86.13,NA,NA,2.6309047237790235,3.6058158319870754,3.16,6.18,1865.6199951171875
2014-03-26,13.1273,NA,3.8067,NA,39761.30078125,62.34000015258789,NA,14.93,100.61,0.08,1.86575,84.64,NA,NA,3.0280224179343476,2.9046849757673665,3.2,6.15,1852.56005859375
2014-03-27,13.0837,NA,3.8033,NA,39911.01171875,62.939998626708984,NA,14.62,101.25,0.08,1.84086,83.15,NA,NA,4.120096076861489,3.906300484652665,3.22,6.09,1849.0400390625
2014-03-28,13.0841,NA,3.8125,NA,40048.19921875,63.09000015258789,NA,14.41,101.73,0.08,1.82065,86.12,NA,NA,0,0,3.27,6.16,1857.6199951171875
2014-03-29,NA,NA,NA,NA,NA,NA,NA,NA,NA,0.08,1.82065,NA,NA,NA,0,0,3.31,6.18,NA
2014-03-30,NA,NA,NA,NA,NA,NA,NA,NA,NA,0.08,1.82065,NA,NA,NA,0,0,NA,NA,NA
2014-03-31,13.0549,NA,3.815,NA,40461.6015625,63.95000076293945,NA,13.88,101.57,0.06,1.82029,88.1,NA,NA,2.879103282626101,3.455573505654281,3.26,6.17,1872.3399658203125
2014-04-01,13.0313,3.22,3.8125,6.15,40470.01171875,63.95000076293945,NA,13.1,99.69,0.08,1.72951,87.67,2,2,2.8450465707027943,3.7837837837837833,3.19,6.187,1885.52001953125
2014-04-02,13.0991,NA,3.8157,NA,40900.53125,64.33000183105469,NA,13.09,99.6,0.09,1.71523,85.45,NA,NA,2.9974597798475866,3.7837837837837833,3.19,6.19,1890.9000244140625
2014-04-03,13.1324,NA,3.8125,NA,40563.05859375,63.65999984741211,NA,13.37,100.29,0.08,1.72618,86.46,NA,NA,2.489415749364945,4.729729729729729,3.24,6.27,1888.77001953125
2014-04-04,13.0345,NA,3.8012,NA,40598.33984375,64.37999725341797,NA,13.96,101.16,0.08,1.73666,83.16,NA,NA,2.8450465707027943,4.527027027027026,3.25,6.19,1865.0899658203125
2014-04-05,NA,NA,NA,NA,NA,NA,NA,NA,NA,0.08,1.73666,NA,NA,NA,3.5055038103302287,0,3.29,6.22,NA
2014-04-06,NA,NA,NA,NA,NA,NA,NA,NA,NA,0.08,1.73666,NA,NA,NA,0,0,NA,NA,NA
2014-04-07,13.0179,NA,3.8054,NA,40595.69921875,64.26000213623047,NA,15.57,100.43,0.09,1.74134,81.19,NA,NA,3.1498729889923793,4.324324324324324,3.24,6.14,1845.0400390625
2014-04-08,12.9642,3.2,3.8132,NA,40906.828125,64.73999786376953,NA,14.89,102.57,0.08,1.76704,82.49,NA,NA,3.2514817950889077,6.216216216216215,3.17,6.11,1851.9599609375
2014-04-09,13.0604,NA,3.8087,NA,40937.76953125,64.839996337890625,NA,13.82,103.55,0.08,1.75725,82.49,NA,NA,2.9974597798475866,4.7972972972972965,3.17,6.133,1872.1800537109375
2014-04-10,13.0453,NA,3.804,NA,40447.9609375,63.689998626708984,NA,15.89,103.37,0.08,1.7933,81.5,NA,NA,2.8958509737510583,3.6486486486486482,3.18,6.1,1833.0799560546875
2014-04-11,13.0788,NA,3.796,NA,40380.7890625,63.75,NA,17.03,103.68,0.09,1.83012,85.3,NA,NA,3.099068585944115,0,3.18,6.088,1815.68994140625
2014-04-12,NA,NA,NA,NA,NA,NA,NA,NA,NA,0.09,1.83012,NA,NA,NA,0,0,3.2,6.113,NA
2014-04-13,NA,NA,NA,NA,NA,NA,NA,NA,NA,0.09,1.83012,NA,NA,NA,0,0,NA,NA,NA
2014-04-14,13.0493,3.22,3.8,NA,40530.69140625,64.16999816894531,NA,16.11,104.05,0.09,1.81823,85.45,NA,NA,3.7595258255715494,0,3.19,6.12,1830.6099853515625
2014-04-15,13.0986,NA,3.8085,NA,40481.80078125,63.599998474121094,NA,15.61,103.7,0.1,1.85274,87.94,NA,NA,4.165961049957663,0,3.2,6.14,1842.97998046875
2014-04-16,13.0603,NA,3.795,NA,40890.53125,64.55000305175781,NA,14.18,103.71,0.09,1.84345,87.1,NA,NA,3.911939034716342,0,3.19,6.18,1862.31005859375
2014-04-17,NA,NA,NA,NA,NA,64.8499984741211,NA,13.36,104.33,0.09,1.75532,86.45,NA,NA,0,0,3.23,6.2,1864.8499755859375
2014-04-18,NA,NA,NA,NA,NA,NA,NA,NA,NA,0.1,1.75532,86.67,NA,NA,0,0,3.23,NA,NA
2014-04-19,NA,NA,NA,NA,NA,NA,NA,NA,NA,0.1,1.75532,NA,NA,NA,4.775613886536833,0,NA,NA,NA
2014-04-20,NA,NA,NA,NA,NA,NA,NA,NA,NA,0.1,1.75532,NA,NA,NA,0,0,NA,NA,NA
2014-04-21,13.0413,NA,3.811,NA,40654.0703125,64.0999984741211,NA,13.25,104.35,0.1,1.75917,86.12,NA,NA,0,0,3.2,6.18,1871.8900146484375
2014-04-22,13.0448,3.25,3.8075,NA,40468.19921875,63.7599983215332,NA,13.19,101.69,0.1,1.77688,86.12,NA,NA,2.5910245554614733,0,3.22,6.24,1879.550048828125
2014-04-23,13.0908,NA,3.8145,NA,40296.98046875,63.349998474121094,NA,13.27,101.47,0.1,1.81878,88.44,NA,NA,0,0,3.23,6.19,1875.3900146484375
2014-04-24,13.101,NA,3.8022,NA,40407.9296875,63.56999969482422,NA,13.32,102.2,0.1,1.81733,89.09,NA,NA,0,5.405405405405404,3.23,6.21,1878.6099853515625
2014-04-25,13.1371,NA,3.8152,NA,40198.3984375,63.08000183105469,NA,14.06,100.85,0.09,1.83394,91.86,NA,NA,3.5055038103302287,3.3108108108108105,3.24,6.23,1863.4000244140625
2014-04-26,NA,NA,NA,NA,NA,NA,NA,NA,NA,0.09,1.83394,NA,NA,NA,2.8958509737510583,0,3.28,6.25,NA
2014-04-27,NA,NA,NA,NA,NA,NA,NA,NA,NA,0.09,1.83394,NA,NA,NA,0,0,NA,NA,NA
2014-04-28,13.1356,3.25,3.7956,NA,40136.5703125,62.91999816894531,NA,13.97,101.13,0.09,1.8119,90.13,NA,NA,0,4.459459459459459,3.22,6.25,1869.4300537109375
2014-04-29,13.1039,NA,3.795,NA,40702.671875,64.06999969482422,NA,13.71,101.56,0.1,1.78401,86.43,NA,NA,4.318374259102455,6.5540540540540535,3.23,6.24,1878.3299560546875
2014-04-30,13.0901,NA,3.7905,NA,40711.55859375,63.880001068115234,NA,13.41,100.07,0.09,1.77266,83.22,NA,NA,0,4.459459459459459,3.23,6.14,1883.949951171875
2014-05-01,NA,NA,NA,5.87,NA,64.43000030517578,NA,13.25,99.69,0.09,1.80033,83.95,2,2,4.259541984732825,0,3.25,6.16,1883.6800537109375
2014-05-02,12.9981,NA,3.8,NA,40967.94921875,64.56999969482422,NA,12.91,100.09,0.09,1.80236,82.22,NA,NA,3.4076335877862594,0,3.23,6.08,1881.1400146484375
2014-05-03,NA,NA,NA,NA,NA,NA,NA,NA,NA,0.09,1.80236,NA,NA,NA,0,0,3.25,6.1,NA
2014-05-04,NA,NA,NA,NA,NA,NA,NA,NA,NA,0.09,1.80236,NA,NA,NA,3.596946564885496,0,NA,NA,NA
2014-05-05,13.0102,NA,3.805,NA,41047.87890625,64.56999969482422,NA,13.29,99.74,0.09,1.79226,83.21,NA,NA,2.8396946564885495,3.6404697380307134,3.27,6.124,1884.6600341796875
2014-05-06,13.0129,3.25,3.798,NA,41470.8203125,65.31999969482422,NA,13.8,99.81,0.09,1.74412,83.21,NA,NA,2.3190839694656487,5.376693766937669,3.22,6.06,1867.719970703125
2014-05-07,12.9876,NA,3.801,NA,41803.12890625,66.06999969482422,NA,13.4,101.06,0.08,1.7153,82.22,NA,NA,2.981679389312977,3.136404697380307,3.23,6.01,1878.2099609375
2014-05-08,12.9477,NA,3.8149,NA,41659.91015625,65.87000274658203,NA,13.43,100.52,0.08,1.67422,79.21,NA,NA,2.981679389312977,3.7524841915085814,3.23,5.89,1875.6300048828125
2014-05-09,12.9843,NA,3.7987,NA,41641.109375,65.87000274658203,NA,12.92,100.32,0.08,1.67558,81.15,NA,NA,2.5557251908396945,3.920505871725384,3.23,5.954,1878.47998046875
2014-05-10,NA,NA,NA,NA,NA,NA,NA,NA,NA,0.08,1.67558,NA,NA,NA,0,0,3.25,5.979,NA
2014-05-11,NA,NA,NA,NA,NA,NA,NA,NA,NA,0.08,1.67558,NA,NA,NA,3.833587786259542,0,NA,NA,NA
2014-05-12,12.9534,NA,3.7935,NA,42086.171875,66.55000305175781,NA,12.23,100.89,0.08,1.65444,79.1,NA,NA,2.697709923664122,3.5844625112917794,3.25,5.97,1896.6500244140625
2014-05-13,12.923400000000001,3.26,3.809,NA,42236.828125,66.970001220703125,NA,12.13,102.01,0.09,1.66741,78.61,NA,NA,0,2.8563685636856366,3.23,5.88,1897.449951171875
2014-05-14,12.8993,NA,3.8171,NA,42144.51171875,66.87999725341797,NA,12.17,102.63,0.08,1.68868,78.61,NA,NA,3.596946564885496,2.5203252032520322,3.2,5.83,1888.530029296875
2014-05-15,12.9755,NA,3.8075,NA,41561.828125,65.94000244140625,NA,13.17,101.74,0.09,1.73529,80.6,NA,NA,0,0,3.21,5.835,1870.8499755859375
2014-05-16,12.9193,NA,3.8084,NA,41898.83984375,66.70999908447266,NA,12.44,102.31,0.09,1.73633,79.1,NA,NA,0,0,3.22,5.81,1877.8599853515625
2014-05-17,NA,NA,NA,NA,NA,NA,NA,NA,NA,0.09,1.73633,NA,NA,NA,0,0,3.26,5.83,NA
2014-05-18,NA,NA,NA,NA,NA,NA,NA,NA,NA,0.09,1.73633,NA,NA,NA,0,0,NA,NA,NA
2014-05-19,12.8944,NA,3.7948,NA,41840.05078125,66.660003662109375,NA,12.42,102.95,0.09,1.70261,75.62,NA,NA,3.3603053435114503,0,3.27,5.85,1885.0799560546875
2014-05-20,12.9425,3.28,3.8,NA,41805.1015625,66.41999816894531,NA,12.96,102.8,0.09,1.74789,78.6,NA,NA,3.265648854961832,5.600722673893405,3.25,5.892,1872.8299560546875
2014-05-21,12.9132,NA,3.8085,NA,41828.98046875,66.55000305175781,NA,11.91,104.31,0.09,1.71819,77.61,NA,NA,3.502290076335878,3.5284552845528454,3.24,5.86,1888.030029296875
2014-05-22,12.8801,NA,3.8072,NA,41943.9609375,66.94000244140625,NA,12.03,104.03,0.09,1.71929,76.11,NA,NA,2.5083969465648854,4.984643179765131,3.26,5.87,1892.489990234375
2014-05-23,12.8656,NA,3.816,NA,41917.921875,66.910003662109375,NA,11.36,105.01,0.09,1.72519,75.12,NA,NA,3.265648854961832,3.6404697380307134,3.26,5.86,1900.530029296875
2014-05-24,NA,NA,NA,NA,NA,NA,NA,NA,NA,0.09,1.72519,NA,NA,NA,0,0,3.3,5.89,NA
2014-05-25,NA,NA,NA,NA,NA,NA,NA,NA,NA,0.09,1.72519,NA,NA,NA,0,4.536585365853658,3.3,5.89,NA
2014-05-26,12.8616,NA,3.7915,NA,42004.578125,NA,NA,NA,NA,0.09,1.72519,75.24,NA,NA,2.650381679389313,0,3.26,5.89,NA
2014-05-27,12.8772,3.31,3.8085,NA,41958.96875,66.98999786376953,NA,11.51,104.78,0.09,1.74083,75.12,NA,NA,2.6030534351145036,4.200542005420054,3.28,5.87,1911.9100341796875
2014-05-28,12.866,NA,3.7968,NA,41960.44921875,66.87999725341797,NA,11.68,103.37,0.09,1.73188,75.11,NA,NA,2.5557251908396945,2.8003613369467026,3.29,5.8,1909.780029296875
2014-05-29,12.8462,NA,3.7858,NA,42009.921875,67.0999984741211,NA,11.57,104.26,0.09,1.66032,73.13,NA,NA,3.218320610687023,3.920505871725384,3.29,5.79,1920.030029296875
2014-05-30,12.860900000000001,NA,3.7785,NA,41362.51171875,66.220001220703125,NA,11.4,103.4,0.08,1.64619,73.12,NA,NA,0,0,3.29,5.82,1923.5699462890625
2014-05-31,NA,NA,NA,NA,NA,NA,NA,NA,NA,0.08,1.64619,NA,NA,NA,0,0,3.33,5.84,NA
2014-06-01,NA,NA,NA,NA,NA,NA,NA,NA,NA,0.08,1.64619,NA,2,1,0,0,NA,NA,NA
2014-06-02,12.9108,NA,3.8043,NA,41936.7109375,66.5199966430664,NA,11.58,103.07,0.09,1.63142,74.24,NA,NA,0,3.651315789473684,3.32,5.88,1924.969970703125
2014-06-03,12.9447,3.29,3.8085,NA,42126.08984375,66.75,NA,11.87,103.34,0.1,1.62916,76.22,NA,NA,4.037780401416764,0,3.26,5.96,1924.239990234375
2014-06-04,12.9527,NA,3.8095,NA,41953.30078125,66.45999908447266,NA,12.08,103.27,0.09,1.62871,76.22,NA,NA,3.6127508854781576,3.305921052631579,3.27,5.98,1927.8800048828125
2014-06-05,12.8868,NA,3.8085,NA,42173.03125,67.1500015258789,NA,11.68,103.17,0.09,1.62276,75.24,NA,NA,3.32939787485242,3.75,3.38,5.93,1940.4599609375
2014-06-06,12.8981,NA,3.325,NA,42778.26171875,67.910003662109375,NA,10.73,103.32,0.09,1.52613,68.29,NA,NA,0,2.6151315789473686,2.92,5.59,1949.43994140625
2014-06-07,NA,NA,NA,NA,NA,NA,NA,NA,NA,0.09,1.52613,NA,NA,NA,0,0,2.96,5.62,NA
2014-06-08,NA,NA,NA,NA,NA,NA,NA,NA,NA,0.09,1.52613,NA,NA,NA,0,0,NA,NA,NA
2014-06-09,12.9912,NA,3.322,NA,43009.98828125,67.720001220703125,NA,11.15,105.09,0.09,1.51456,68.26,NA,NA,3.683589138134592,0,2.96,5.61,1951.27001953125
2014-06-10,13.0486,2.92,3.316,NA,43045.26953125,67.73999786376953,NA,10.99,105.02,0.09,1.53642,69.26,NA,NA,5.24203069657615,0,2.96,5.71,1950.7900390625
2014-06-11,13.0306,NA,3.3093,NA,42944.80859375,67.70999908447266,NA,11.6,105.04,0.09,1.59082,69.29,NA,NA,0,2.6644736842105265,2.94,5.66,1943.8900146484375
2014-06-12,12.9815,NA,3.3091,NA,42617.62109375,67.69000244140625,NA,12.56,107.2,0.09,1.64448,70.27,NA,NA,0,0,2.9,5.63,1930.1099853515625
2014-06-13,13.0164,NA,3.3118,NA,42485.66015625,67.33000183105469,NA,12.18,107.49,0.1,1.60788,68.25,NA,NA,0,0,2.92,5.69,1936.1600341796875
2014-06-14,NA,NA,NA,NA,NA,NA,NA,NA,NA,0.1,1.60788,NA,NA,NA,0,0,2.96,5.71,NA
2014-06-15,NA,NA,NA,NA,NA,NA,NA,NA,NA,0.1,1.60788,NA,NA,NA,0,2.960526315789474,NA,NA,NA
2014-06-16,13.0323,NA,3.3075,NA,42596.25,67.279998779296875,NA,12.65,107.52,0.1,1.64357,67.28,NA,NA,0,0,2.93,5.73,1937.780029296875
2014-06-17,13.1007,2.95,3.3095,NA,42612.640625,67.089996337890625,NA,12.06,106.95,0.1,1.62909,65.35,NA,NA,3.187721369539551,0,2.93,5.82,1941.989990234375
2014-06-18,13.0672,NA,3.31,NA,42802.6015625,68.12999725341797,NA,10.61,106.64,0.1,1.63618,64.4,NA,NA,4.391971664698937,0,2.92,5.76,1956.97998046875
2014-06-19,12.9885,NA,3.31,NA,42957.359375,68.05999755859375,NA,10.62,107.08,0.1,1.63133,65.4,NA,NA,5.029515938606847,2.911184210526316,2.91,5.72,1959.47998046875
2014-06-20,13.0124,NA,3.3184,NA,42865.71875,68.13999938964844,NA,10.85,107.95,0.1,1.63444,68.36,NA,NA,3.2585596221959854,2.023026315789474,2.92,5.69,1962.8699951171875
2014-06-21,NA,NA,NA,NA,NA,NA,NA,NA,NA,0.1,1.63444,NA,NA,NA,0,0,2.96,5.72,NA
2014-06-22,NA,NA,NA,NA,NA,NA,NA,NA,NA,0.1,1.63444,NA,NA,NA,0,0,NA,NA,NA
2014-06-23,13.0056,NA,3.31,NA,42916.73046875,67.95999908447266,NA,10.98,106.83,0.1,1.61869,67.13,NA,NA,4.675324675324675,0,2.92,5.67,1962.6099853515625
2014-06-24,13.0218,2.9,3.3075,NA,42884.76171875,67.73999786376953,NA,12.13,106.64,0.1,1.62466,67.12,NA,NA,4.321133412042503,0,2.87,5.67,1949.97998046875
2014-06-25,13.0174,NA,3.3125,NA,42854.19140625,67.61000061035156,NA,11.59,107.04,0.1,1.57177,64.17,NA,NA,3.046044864226682,3.2072368421052633,2.87,5.66,1959.530029296875
2014-06-26,13.0323,NA,3.3087,NA,42613.80078125,67.23999786376953,NA,11.63,106.49,0.1,1.58163,65.16,NA,NA,3.471074380165289,0,2.88,5.66,1957.219970703125
2014-06-27,13.0002,NA,3.305,NA,42493.859375,67.470001220703125,NA,11.26,106.46,0.1,1.59309,65.9,NA,NA,0,0,2.86,5.65,1960.9599609375
2014-06-28,NA,NA,NA,NA,NA,NA,NA,NA,NA,0.1,1.59309,NA,NA,NA,4.533648170011806,0,2.9,5.69,NA
2014-06-29,NA,NA,NA,NA,NA,NA,NA,NA,NA,0.1,1.59309,NA,NA,NA,0,0,NA,NA,NA
2014-06-30,12.9712,NA,3.3075,NA,42737.171875,67.80999755859375,NA,11.57,106.07,0.09,1.60114,66.38,NA,NA,4.179456906729634,2.911184210526316,2.84,5.66,1960.22998046875
2014-07-01,12.9605,2.85,3.3077,5.69,42872.83984375,68.20999908447266,NA,11.15,106.06,0.1,1.57563,66.12,2,1,0,7,2.82,5.72,1973.3199462890625
2014-07-02,12.9673,NA,3.3125,NA,43279.48046875,68.61000061035156,NA,10.82,105.18,0.1,1.5386,70.3,NA,NA,3.104851330203443,0,2.84,5.78,1974.6199951171875
2014-07-03,12.9829,NA,3.3068,NA,43660.69921875,69.1500015258789,NA,10.32,104.76,0.09,1.54449,68.3,NA,NA,3.2018779342723005,0,2.84,5.75,1985.43994140625
2014-07-04,12.9768,NA,3.3008,NA,43518.05859375,NA,NA,NA,NA,0.09,1.54449,68.32,NA,NA,2.2316118935837244,0,2.85,5.75,NA
2014-07-05,NA,NA,NA,NA,NA,NA,NA,NA,NA,0.09,1.54449,NA,NA,NA,2.8622848200312987,0,2.89,5.77,NA
2014-07-06,NA,NA,NA,NA,NA,NA,NA,NA,NA,0.09,1.54449,NA,NA,NA,0,0,NA,NA,NA
2014-07-07,12.9949,NA,3.296,NA,43452.55078125,68.80999755859375,NA,11.33,104.19,0.1,1.55918,68.59,NA,NA,3.2503912363067293,0,2.94,5.74,1977.6500244140625
2014-07-08,13.0006,2.85,3.2919,NA,43403.4296875,68.70999908447266,NA,11.98,104.06,0.09,1.60083,69.36,NA,NA,0,0,2.83,5.68,1963.7099609375
2014-07-09,12.978,NA,3.2945,NA,43686.75,69.4000015258789,NA,11.65,102.93,0.09,1.63212,67.35,NA,NA,0,0,2.83,5.69,1972.8299560546875
2014-07-10,13.0015,NA,3.294,NA,43474.2890625,68.94999694824219,NA,12.59,103.61,0.09,1.65471,70.36,NA,NA,3.2018779342723005,0,2.84,5.69,1964.6800537109375
2014-07-11,12.985,NA,3.3074,NA,43481.828125,69.08000183105469,NA,12.08,101.48,0.09,1.67233,72.33,NA,NA,3.395931142410016,0,2.81,5.68,1967.5699462890625
2014-07-12,NA,NA,NA,NA,NA,NA,NA,NA,NA,0.09,1.67233,NA,NA,NA,0,0,2.85,5.7,NA
2014-07-13,NA,NA,NA,NA,NA,NA,NA,NA,NA,0.09,1.67233,NA,NA,NA,3.492957746478873,0,NA,NA,NA
2014-07-14,12.9755,NA,3.3095,NA,43967.44140625,69.80000305175781,NA,11.82,101.73,0.09,1.671,72.3,NA,NA,2.619718309859155,0,2.8,5.68,1977.0999755859375
2014-07-15,12.9611,2.84,3.2972,NA,43960.4296875,69.87000274658203,NA,11.96,100.56,0.09,1.69234,74.28,NA,NA,2.5226917057902973,8,2.81,5.67,1973.280029296875
2014-07-16,12.939,NA,3.297,NA,44009.23046875,70.20999908447266,NA,11,101.88,0.09,1.70556,74.28,NA,NA,2.81377151799687,8.166666666666666,2.81,5.68,1981.5699462890625
2014-07-17,12.9454,NA,3.2932,NA,43920.76171875,69.55000305175781,NA,14.54,103.84,0.09,1.74944,77.26,NA,NA,3.104851330203443,0,2.81,5.6,1958.1199951171875
2014-07-18,12.9588,NA,3.2821,NA,44278.8984375,70.31999969482422,NA,12.06,103.83,0.09,1.67224,74.29,NA,NA,2.9107981220657275,7.833333333333333,2.83,5.62,1978.219970703125
2014-07-19,NA,NA,NA,NA,NA,NA,NA,NA,NA,0.09,1.67224,NA,NA,NA,0,0,2.87,5.64,NA
2014-07-20,NA,NA,NA,NA,NA,NA,NA,NA,NA,0.09,1.67224,NA,NA,NA,0,0,2.87,5.64,NA
2014-07-21,12.9751,NA,3.2891,NA,44125.73046875,70.08000183105469,NA,12.81,105.34,0.1,1.68202,75.03,NA,NA,3.1533646322378717,0,2.79,5.62,1973.6300048828125
2014-07-22,12.9393,2.82,3.285,NA,44257.08984375,70.2699966430664,NA,12.24,104.59,0.09,1.66813,71.58,NA,NA,3.298904538341158,0,2.79,5.6,1983.530029296875
2014-07-23,12.9286,NA,3.2875,NA,44199.01171875,70.2300033569336,NA,11.52,103.81,0.09,1.57945,71.33,NA,NA,0,0,2.8,5.59,1987.010009765625
2014-07-24,12.9572,NA,3.2936,NA,44420.37890625,70.779998779296875,NA,11.84,102.76,0.09,1.58253,72.29,NA,NA,2.0860719874804383,0,2.79,5.63,1987.97998046875
2014-07-25,12.9445,NA,3.291,NA,44386.62109375,70.93000030517578,NA,12.69,105.23,0.09,1.62353,75.53,NA,NA,3.347417840375587,0,2.81,5.57,1978.3399658203125
2014-07-26,NA,NA,NA,NA,NA,NA,NA,NA,NA,0.09,1.62353,NA,NA,NA,0,0,2.85,5.59,NA
2014-07-27,NA,NA,NA,NA,NA,NA,NA,NA,NA,0.09,1.62353,NA,NA,NA,0,0,2.85,5.59,NA
2014-07-28,12.9878,NA,3.2886,NA,44544.96875,70.80000305175781,NA,12.56,105.68,0.09,1.62582,79.23,NA,NA,2.668231611893584,0,2.83,5.6,1978.9100341796875
2014-07-29,13.0578,2.8,3.3023,NA,44481.2890625,70.410003662109375,NA,13.28,104.91,0.09,1.67489,79.98,NA,NA,2.5226917057902973,0,2.77,5.59,1969.949951171875
2014-07-30,13.1357,NA,3.3075,NA,44311.05859375,69.63999938964844,NA,13.33,104.29,0.09,1.61304,82.13,NA,NA,3.6384976525821595,0,2.78,5.67,1970.0699462890625
2014-07-31,13.2269,NA,3.31,NA,43817.69140625,68.38999938964844,NA,16.95,98.23,0.08,1.63514,85.91,NA,NA,2.571205007824726,0,2.85,5.78,1930.6700439453125
2014-08-01,13.1932,NA,3.3,5.65,43986.109375,68.87999725341797,NA,17.03,97.86,0.09,1.70986,84.95,2,1,3.820728291316527,0,2.85,5.77,1925.1500244140625
2014-08-02,NA,NA,NA,NA,NA,NA,NA,NA,NA,0.09,1.70986,NA,NA,NA,0,0,2.88,5.81,NA
2014-08-03,NA,NA,NA,NA,NA,NA,NA,NA,NA,0.09,1.70986,NA,NA,NA,0,0,NA,NA,NA
2014-08-04,13.1962,NA,3.3125,NA,44594.66015625,69.720001220703125,NA,15.12,98.26,0.09,1.72283,83.46,NA,NA,3.820728291316527,3.549618320610687,2.88,5.79,1938.989990234375
2014-08-05,13.2716,2.78,3.2965,NA,44481.6796875,69.1500015258789,NA,16.87,97.34,0.09,1.75047,85.41,NA,NA,3.357609710550887,0,2.76,5.85,1920.2099609375
2014-08-06,13.258,NA,3.297,NA,44425.76953125,69.25,NA,16.37,96.93,0.09,1.74352,83.94,NA,NA,2.6050420168067228,3.786259541984733,2.76,5.78,1920.239990234375
2014-08-07,13.2551,NA,3.2935,NA,44116.1484375,68.589996337890625,NA,16.66,97.34,0.09,1.78455,86.16,NA,NA,0,0,2.75,5.75,1909.5699462890625
2014-08-08,13.236,NA,3.298,NA,44105.94921875,68.86000061035156,NA,15.77,97.61,0.09,1.77784,84.16,NA,NA,3.357609710550887,4.259541984732825,2.76,5.74,1931.5899658203125
2014-08-09,NA,NA,NA,NA,NA,NA,NA,NA,NA,0.09,1.77784,NA,NA,NA,5.788982259570495,0,2.8,5.77,NA
2014-08-10,NA,NA,NA,NA,NA,NA,NA,NA,NA,0.09,1.77784,NA,NA,NA,0,0,2.8,5.77,NA
2014-08-11,13.1998,NA,3.2972,NA,44679.16015625,70.11000061035156,NA,14.23,98.09,0.09,1.75686,80.24,NA,NA,3.0681605975723625,0,2.8,5.7,1936.9200439453125
2014-08-12,13.159,2.77,3.301,NA,44734.0390625,70.33000183105469,NA,14.13,97.36,0.09,1.72632,77.03,NA,NA,2.315592903828198,3.786259541984733,2.76,5.7,1933.75
2014-08-13,13.1113,NA,3.2941,NA,44723.9609375,70.589996337890625,NA,12.9,97.57,0.09,1.72124,72.35,NA,NA,0,4.180661577608142,2.76,5.69,1946.719970703125
2014-08-14,13.0717,NA,3.3025,NA,44793.01953125,70.76000213623047,NA,12.42,95.54,0.09,1.7050399999999999,71.33,NA,NA,0,0,2.78,5.68,1955.1800537109375
2014-08-15,13.0748,NA,3.2983,NA,44629.328125,70.529998779296875,NA,13.15,97.3,0.09,1.72479,71.33,NA,NA,3.589169000933707,0,2.75,5.63,1955.06005859375
2014-08-16,NA,NA,NA,NA,NA,NA,NA,NA,NA,0.09,1.72479,NA,NA,NA,3.820728291316527,0,2.79,5.65,NA
2014-08-17,NA,NA,NA,NA,NA,NA,NA,NA,NA,0.09,1.72479,NA,NA,NA,0,0,NA,NA,NA
2014-08-18,13.0505,NA,3.2925,NA,44854.80859375,71.12999725341797,NA,12.32,96.44,0.09,1.69354,67.58,NA,NA,3.1260504201680672,0,2.78,5.64,1971.739990234375
2014-08-19,13.0532,2.76,3.2864,NA,44962.87890625,71.31999969482422,NA,12.21,94.35,0.09,1.6546400000000001,67.35,NA,NA,2.431372549019608,0,2.74,5.67,1981.5999755859375
2014-08-20,13.0814,NA,3.3025,NA,45248.05078125,71.1500015258789,NA,11.78,96.4,0.09,1.63234,69.07,NA,NA,0,3.628498727735369,2.73,5.72,1986.510009765625
2014-08-21,13.0963,NA,3.3025,NA,45410.359375,71.5999984741211,NA,11.76,93.97,0.09,1.64136,68.6,NA,NA,2.315592903828198,4.259541984732825,2.73,5.74,1992.3699951171875
2014-08-22,13.1328,NA,3.2975,NA,45374.98828125,71.2300033569336,NA,11.47,93.61,0.09,1.63283,69.33,NA,NA,2.373482726423903,0,2.73,5.78,1988.4000244140625
2014-08-23,NA,NA,NA,NA,NA,NA,NA,NA,NA,0.09,1.63283,NA,NA,NA,0,0,2.77,5.81,NA
2014-08-24,NA,NA,NA,NA,NA,NA,NA,NA,NA,0.09,1.63283,NA,NA,NA,0,0,NA,NA,NA
2014-08-25,13.1383,NA,3.3025,NA,45504.33984375,71.410003662109375,NA,11.7,95.39,0.09,1.62213,68.34,NA,NA,3.8786181139122315,0,2.78,5.78,1997.9200439453125
2014-08-26,13.1059,2.76,3.2925,NA,45464.75,71.51000213623047,NA,11.63,95.78,0.09,1.6149,67.36,NA,NA,0,0,2.73,5.79,2000.02001953125
2014-08-27,13.0811,NA,3.2951,NA,45601,71.68000030517578,NA,11.78,95.82,0.09,1.62939,68.11,NA,NA,2.1998132586367882,3.549618320610687,2.73,5.74,2000.1199951171875
2014-08-28,13.110900000000001,NA,3.2975,NA,45501.28125,71.61000061035156,NA,12.05,96.44,0.09,1.62893,69.08,NA,NA,2.6050420168067228,0,2.73,5.69,1996.739990234375
2014-08-29,13.0763,NA,3.286,NA,45628.08984375,71.779998779296875,NA,11.98,97.86,0.07,1.61235,69.83,NA,NA,0,0,2.72,5.69,2003.3699951171875
2014-08-30,NA,NA,NA,NA,NA,NA,NA,NA,NA,0.07,1.61235,NA,NA,NA,3.8786181139122315,0,2.82,5.71,NA
2014-08-31,NA,NA,NA,NA,NA,NA,NA,NA,NA,0.07,1.61235,NA,NA,NA,3.647058823529412,0,2.82,5.71,NA
2014-09-01,13.0833,NA,3.291,NA,45438.0390625,NA,NA,NA,NA,0.07,1.61235,69.83,2,2,0,3.3994334277620393,2.72,5.7,NA
2014-09-02,13.1299,2.76,3.291,NA,45825.05859375,71.62999725341797,NA,12.25,92.92,0.09,1.57469,69.32,NA,NA,3.986013986013986,4.4192634560906505,2.73,5.73,2002.280029296875
2014-09-03,13.0892,NA,3.295,NA,46049.328125,72.0999984741211,NA,12.36,95.5,0.09,1.5844,69.07,NA,NA,4.300699300699301,3.48441926345609,2.7,5.73,2000.719970703125
2014-09-04,13.0959,NA,3.2826,NA,46313.3984375,72.38999938964844,NA,12.64,94.51,0.09,1.57513,71.04,NA,NA,0,3.3994334277620393,2.71,5.76,1997.6500244140625
2014-09-05,13.0788,NA,3.2925,NA,46231.44140625,73,NA,12.09,93.32,0.09,1.57197,68.35,NA,NA,4.72027972027972,4.164305949008498,2.81,5.72,2007.7099609375
2014-09-06,NA,NA,NA,NA,NA,NA,NA,NA,NA,0.09,1.57197,NA,NA,NA,0,0,2.85,5.76,NA
2014-09-07,NA,NA,NA,NA,NA,NA,NA,NA,NA,0.09,1.57197,NA,NA,NA,0,5.0141643059490075,NA,NA,NA
2014-09-08,13.0813,NA,3.2925,NA,46357.23828125,72.589996337890625,NA,12.66,92.64,0.09,1.57025,71.56,NA,NA,2.832167832167832,0,2.85,5.79,2001.5400390625
2014-09-09,13.2162,2.84,3.2926,NA,45915.171875,71.4800033569336,NA,13.5,92.73,0.09,1.63154,76.48,NA,NA,0,2.8045325779036823,2.77,5.85,1988.43994140625
2014-09-10,13.2144,NA,3.2818,NA,45894.05078125,71.30000305175781,NA,12.88,91.71,0.09,1.65862,75.75,NA,NA,3.7762237762237763,2.6345609065155804,2.83,5.83,1995.68994140625
2014-09-11,13.2144,NA,3.293,NA,45672.6015625,70.839996337890625,NA,12.8,92.89,0.09,1.67703,75.27,NA,NA,0,3.3994334277620393,2.83,5.85,1997.449951171875
2014-09-12,13.2644,NA,3.2926,NA,45799.69921875,70.86000061035156,NA,13.31,92.18,0.09,1.67625,79.27,NA,NA,3.6713286713286712,2.4645892351274785,2.86,5.93,1985.5400390625
2014-09-13,NA,NA,NA,NA,NA,NA,NA,NA,NA,0.09,1.67625,NA,NA,NA,0,0,2.9,5.95,NA
2014-09-14,NA,NA,NA,NA,NA,NA,NA,NA,NA,0.09,1.67625,NA,NA,NA,0,0,NA,NA,NA
2014-09-15,13.2223,2.86,3.3065,NA,45861.83984375,70.910003662109375,NA,14.12,92.86,0.09,1.73371,77.76,NA,NA,3.8811188811188813,0,2.83,5.94,1984.1300048828125
2014-09-16,NA,NA,NA,NA,NA,71.5,NA,12.73,94.91,0.09,1.72482,75.77,NA,NA,0,0,2.86,5.96,1998.97998046875
2014-09-17,13.1762,NA,3.29,NA,46043.62109375,71.2699966430664,NA,12.65,94.33,0.09,1.67062,77,NA,NA,0,2.7195467422096313,2.84,5.88,2001.5699462890625
2014-09-18,13.2402,NA,3.2975,NA,46168.640625,71.37000274658203,NA,12.03,93.07,0.09,1.66153,76.01,NA,NA,0,3.3994334277620393,2.84,5.92,2011.3599853515625
2014-09-19,13.2369,NA,3.2975,NA,45761.8984375,71,NA,12.11,92.43,0.09,1.6847,75.52,NA,NA,4.405594405594406,0,2.84,5.89,2010.4000244140625
2014-09-20,NA,NA,NA,NA,NA,NA,NA,NA,NA,0.09,1.6847,NA,NA,NA,0,0,2.86,5.92,NA
2014-09-21,NA,NA,NA,NA,NA,NA,NA,NA,NA,0.09,1.6847,NA,NA,NA,0,0,NA,NA,NA
2014-09-22,13.2566,NA,3.2865,NA,45302,69.8499984741211,NA,13.69,91.46,0.09,1.70476,85.18,NA,NA,4.090909090909091,3.059490084985835,0,5.92,1994.2900390625
2014-09-23,13.2768,2.86,3.282,NA,45015.171875,69.2300033569336,NA,14.93,91.55,0.09,1.72538,85.18,NA,NA,0,2.1246458923512743,2.84,5.93,1982.77001953125
2014-09-24,13.3015,NA,3.2825,NA,45116.94140625,69.68000030517578,NA,13.27,93.6,0.09,1.70432,81.72,NA,NA,3.3566433566433567,2.3796033994334276,2.83,5.99,1998.300048828125
2014-09-25,13.3848,NA,3.2768,NA,44781.12109375,68.6500015258789,NA,15.64,93.59,0.09,1.77383,85.92,NA,NA,4.825174825174825,0,2.84,5.98,1965.989990234375
2014-09-26,13.4541,NA,3.2741,NA,44884.328125,68.410003662109375,NA,14.85,95.55,0.09,1.76936,88.64,NA,NA,0,3.144475920679886,2.92,6.09,1982.8499755859375
2014-09-27,NA,NA,NA,NA,NA,NA,NA,NA,NA,0.09,1.76936,NA,NA,NA,8.916083916083917,2.8045325779036823,2.96,6.11,NA
2014-09-28,NA,NA,NA,NA,NA,NA,NA,NA,NA,0.09,1.76936,NA,NA,NA,0,0,NA,NA,NA
2014-09-29,13.4891,NA,3.2916,NA,44898.19140625,68.12999725341797,NA,15.98,94.53,0.08,1.86922,93.58,NA,NA,3.8811188811188813,3.059490084985835,2.84,6.15,1977.800048828125
2014-09-30,13.433,2.85,3.2793,NA,44985.66015625,68.7300033569336,NA,16.31,91.17,0.07,1.85863,87.65,NA,NA,3.3566433566433567,2.1246458923512743,2.83,6.07,1972.2900390625
2014-10-01,13.4455,NA,3.2896,6.08,44364.9609375,67.62999725341797,NA,16.71,90.74,0.09,1.89332,87.17,2,1,1.933025404157044,0,2.82,6.06,1946.1600341796875
2014-10-02,13.4026,NA,3.3,NA,44254.4296875,67.87000274658203,NA,16.16,91.02,0.09,1.84573,87.15,NA,NA,1.7898383371824482,3.672176308539945,2.82,5.99,1946.1700439453125
2014-10-03,13.4835,NA,3.295,NA,44678.140625,67.779998779296875,NA,14.55,89.76,0.09,1.83028,88.88,NA,NA,2.863741339491917,0,2.82,6.03,1967.9000244140625
2014-10-04,NA,NA,NA,NA,NA,NA,NA,NA,NA,0.09,1.83028,NA,NA,NA,2.5057736720554273,0,2.86,6.05,NA
2014-10-05,NA,NA,NA,NA,NA,NA,NA,NA,NA,0.09,1.83028,NA,NA,NA,4.295612009237876,0,NA,NA,NA
2014-10-06,13.4089,NA,3.295,NA,44820.8515625,68.5999984741211,NA,15.46,90.33,0.09,1.852,85.19,NA,NA,2.004618937644342,2.4765840220385678,2.88,5.99,1964.8199462890625
2014-10-07,13.4332,2.86,3.305,NA,44536.62109375,67.73999786376953,NA,17.2,88.89,0.09,1.91605,83.75,NA,NA,1.7898383371824482,0,2.84,5.99,1935.0999755859375
2014-10-08,13.4786,NA,3.2975,NA,44487.96875,68.45999908447266,NA,15.11,87.29,0.09,1.90543,84.23,NA,NA,2.720554272517321,0,2.84,5.91,1968.8900146484375
2014-10-09,13.3789,NA,3.2996,NA,44082.171875,67.529998779296875,NA,18.76,85.76,0.08,1.87081,85.94,NA,NA,0,3.4159779614325068,2.83,5.88,1928.2099609375
2014-10-10,13.4331,NA,3.29,NA,43435.73046875,66.31999969482422,NA,21.24,85.87,0.09,1.90376,85.94,NA,NA,2.720554272517321,0,2.9,5.9,1906.1300048828125
2014-10-11,NA,NA,NA,NA,NA,NA,NA,NA,NA,0.09,1.90376,NA,NA,NA,0,0,2.94,5.92,NA
2014-10-12,NA,NA,NA,NA,NA,NA,NA,NA,NA,0.09,1.90376,NA,NA,NA,0,0,NA,NA,NA
2014-10-13,13.4203,NA,3.3031,NA,43088.671875,66,NA,24.64,85.73,0.09,1.90376,85.94,NA,NA,3.2933025404157044,2.56198347107438,2.9,5.85,1874.739990234375
2014-10-14,13.4094,2.96,3.2965,NA,43179.8515625,66.06999969482422,NA,22.79,81.72,0.09,1.9763,88.17,NA,NA,2.792147806004619,2.4765840220385678,2.91,5.79,1877.699951171875
2014-10-15,13.5423,NA,3.2886,NA,42984.94921875,65.11000061035156,NA,26.25,81.82,0.09,2.02219,94.82,NA,NA,2.2193995381062357,0,2.91,5.72,1862.489990234375
2014-10-16,13.5616,NA,3.2835,NA,42907.62109375,65.06999969482422,NA,25.2,82.33,0.09,1.95417,92.11,NA,NA,4.438799076212471,0,2.94,5.81,1862.760009765625
2014-10-17,13.5231,NA,3.285,NA,43273.5,65.69999694824219,NA,21.99,82.8,0.09,1.86604,83.2,NA,NA,0,0,2.93,5.84,1886.760009765625
2014-10-18,NA,NA,NA,NA,NA,NA,NA,NA,NA,0.09,1.86604,NA,NA,NA,0,0,2.97,5.88,NA
2014-10-19,NA,NA,NA,NA,NA,NA,NA,NA,NA,0.09,1.86604,NA,NA,NA,0,3.4159779614325068,NA,NA,NA
2014-10-20,13.5357,NA,3.2975,NA,43213.8984375,65.660003662109375,NA,18.57,82.76,0.09,1.87953,82.96,NA,NA,0,0,2.93,5.83,1904.010009765625
2014-10-21,13.4989,2.93,3.3,NA,43630.578125,66.160003662109375,NA,16.08,83.25,0.09,1.86441,80.48,NA,NA,2.863741339491917,2.56198347107438,2.93,5.87,1941.280029296875
2014-10-22,13.5559,NA,3.295,NA,43450.75,65.87999725341797,NA,17.87,80.52,0.09,1.88292,83.19,NA,NA,3.2933025404157044,2.1349862258953167,2.93,5.91,1927.1099853515625
2014-10-23,13.5288,NA,3.2875,NA,43691.05859375,66.33000183105469,NA,16.53,82.81,0.09,1.87045,83.18,NA,NA,2.2193995381062357,0,2.93,5.89,1950.8199462890625
2014-10-24,13.5263,NA,3.2838,NA,43665.5390625,66.29000091552734,NA,16.11,81.27,0.09,1.91111,81.23,NA,NA,3.5080831408775985,2.391184573002755,2.92,5.84,1964.5799560546875
2014-10-25,NA,NA,NA,NA,NA,NA,NA,NA,NA,0.09,1.91111,NA,NA,NA,0,0,2.96,5.87,NA
2014-10-26,NA,NA,NA,NA,NA,NA,NA,NA,NA,0.09,1.91111,NA,NA,NA,0,0,NA,5.87,NA
2014-10-27,13.5701,NA,3.295,NA,43810.51171875,66.41999816894531,NA,16.04,81.26,0.09,1.9371,83.45,NA,NA,3.2217090069284064,0,2.91,5.83,1961.6300048828125
2014-10-28,13.4843,2.9,3.2903,NA,44039.640625,67.4000015258789,NA,14.39,81.36,0.09,1.89497,80.98,NA,NA,3.5080831408775985,2.2203856749311295,2.91,5.78,1985.050048828125
2014-10-29,13.4239,NA,3.2762,NA,44238.94140625,67.410003662109375,NA,15.15,82.25,0.09,1.901,81.2,NA,NA,2.5057736720554273,3.672176308539945,2.87,5.79,1982.300048828125
2014-10-30,13.4316,NA,3.281,NA,44599.26953125,68.11000061035156,NA,14.52,81.06,0.09,1.91063,79.23,NA,NA,2.720554272517321,0,2.85,5.87,1994.6500244140625
2014-10-31,13.4773,NA,3.28,NA,45027.51953125,68.44999694824219,NA,14.03,80.53,0.07,1.87687,77.75,NA,NA,2.792147806004619,0,2.94,5.87,2018.050048828125
2014-11-01,NA,NA,NA,5.98,NA,NA,NA,NA,NA,0.07,1.87687,NA,2,2,0,0,2.98,5.89,NA
2014-11-02,NA,NA,NA,NA,NA,NA,NA,NA,NA,0.07,1.87687,NA,NA,NA,0,4.483306836248013,NA,NA,NA
2014-11-03,13.5503,NA,3.2938,NA,45184.76171875,67.94999694824219,NA,14.73,78.77,0.09,1.85804,78.49,NA,NA,1.834319526627219,3.5294117647058827,2.94,5.9,2017.81005859375
2014-11-04,13.5925,2.91,3.2819,NA,44884.4296875,67.80999755859375,NA,14.89,77.15,0.1,1.91894,81.22,NA,NA,2.307692307692308,5.151033386327504,2.94,5.87,2012.0999755859375
2014-11-05,13.607,NA,3.2755,NA,45071.98046875,67.839996337890625,NA,14.17,78.71,0.09,1.91274,79.98,NA,NA,2.544378698224852,0,2.96,5.91,2023.5699462890625
2014-11-06,13.6173,NA,3.2798,NA,44849.859375,67.26000213623047,NA,13.67,77.87,0.09,1.89598,82.45,NA,NA,2.1301775147928996,2.957074721780604,2.96,5.91,2031.2099609375
2014-11-07,13.5573,NA,3.2762,NA,44614.66015625,67.5199966430664,NA,13.12,78.71,0.09,1.94643,84.44,NA,NA,2.4852071005917162,4.483306836248013,2.94,5.88,2031.9200439453125
2014-11-08,NA,NA,NA,NA,NA,NA,NA,NA,NA,0.09,1.94643,NA,NA,NA,0,0,2.98,5.91,NA
2014-11-09,NA,NA,NA,NA,NA,NA,NA,NA,NA,0.09,1.94643,NA,NA,NA,2.42603550295858,0,NA,NA,NA
2014-11-10,13.5528,NA,3.2746,NA,44523,66.93000030517578,NA,12.67,77.43,0.09,1.89142,82.7,NA,NA,3.7278106508875744,2.575516693163752,2.94,5.92,2038.260009765625
2014-11-11,13.5874,2.9,3.295,NA,44300.828125,66.62999725341797,NA,12.92,77.85,0.09,1.89142,82.7,NA,NA,2.544378698224852,5.246422893481717,2.94,5.97,2039.6800537109375
2014-11-12,13.5613,NA,3.295,NA,43744.5703125,66.029998779296875,NA,13.02,77.16,0.09,1.88216,85.17,NA,NA,1.775147928994083,3.2432432432432434,2.94,5.95,2038.25
2014-11-13,13.5995,NA,3.28,NA,43743.80078125,65.839996337890625,NA,13.79,74.13,0.09,1.86831,86.16,NA,NA,2.7218934911242605,6.104928457869635,2.86,5.9,2039.3299560546875
2014-11-14,13.5348,NA,3.28,NA,43372.01171875,65.73999786376953,NA,13.31,75.91,0.09,1.91868,86.41,NA,NA,1.775147928994083,0,2.94,5.9,2039.8199462890625
2014-11-15,NA,NA,NA,NA,NA,NA,NA,NA,NA,0.09,1.91868,NA,NA,NA,0,0,2.98,5.93,NA
2014-11-16,NA,NA,NA,NA,NA,NA,NA,NA,NA,0.09,1.91868,NA,NA,NA,0,0,2.98,5.93,NA
2014-11-17,NA,NA,NA,NA,NA,65.88999938964844,NA,13.99,75.64,0.1,1.91504,86.65,NA,NA,2.42603550295858,0,2.88,5.93,2041.3199462890625
2014-11-18,13.5445,2.83,3.2775,NA,43491.44921875,65.70999908447266,NA,13.86,74.55,0.11,1.95846,85.67,NA,NA,2.840236686390533,3.6248012718600955,2.94,5.85,2051.800048828125
2014-11-19,13.6146,NA,3.2775,NA,44118.12890625,66.410003662109375,NA,13.96,74.55,0.1,1.93498,86.9,NA,NA,1.9526627218934913,3.4340222575516695,2.81,5.9,2048.719970703125
2014-11-20,13.6115,NA,3.2977,NA,44209.421875,66.31999969482422,NA,13.58,75.63,0.1,1.97775,89.13,NA,NA,1.7159763313609468,3.3386327503974567,2.81,5.89,2052.75
2014-11-21,13.6152,NA,3.3025,NA,44633.28125,67.25,NA,12.9,76.52,0.1,1.94722,86.16,NA,NA,2.0118343195266273,0,2.8,5.82,2063.5
2014-11-22,NA,NA,NA,NA,NA,NA,NA,NA,NA,0.1,1.94722,NA,NA,NA,2.840236686390533,0,2.84,5.85,NA
2014-11-23,NA,NA,NA,NA,NA,NA,NA,NA,NA,0.1,1.94722,NA,NA,NA,2.42603550295858,0,NA,NA,NA
2014-11-24,13.6374,NA,3.2975,NA,44621.0703125,66.88999938964844,NA,12.62,75.74,0.1,1.92677,86.41,NA,NA,2.0710059171597632,2.4801271860095393,2.8,5.78,2069.409912109375
2014-11-25,13.642,2.76,3.2904,NA,44441.01953125,66.5999984741211,NA,12.25,74.04,0.1,1.9846,83.19,NA,NA,1.5384615384615385,2.4801271860095393,2.73,5.76,2067.030029296875
2014-11-26,13.7219,NA,3.2957,NA,44672.19921875,66.58000183105469,NA,12.07,73.7,0.1,1.95308,82.21,NA,NA,3.3727810650887577,3.9109697933227348,2.75,5.75,2072.830078125
2014-11-27,13.7667,NA,3.3085,NA,44689.2109375,NA,NA,NA,NA,0.1,1.95308,82.21,NA,NA,3.9644970414201186,2.957074721780604,3.02,5.77,NA
2014-11-28,13.8965,NA,3.2965,NA,44190.46875,65.33000183105469,NA,13.33,65.94,0.08,1.95308,82.2,NA,NA,4.201183431952663,0,2.75,5.74,2067.56005859375
2014-11-29,NA,NA,NA,NA,NA,NA,NA,NA,NA,0.08,1.95308,NA,NA,NA,2.366863905325444,0,2.79,5.77,NA
2014-11-30,NA,NA,NA,NA,NA,NA,NA,NA,NA,0.08,1.95308,NA,NA,NA,0,0,2.79,5.77,NA
2014-12-01,13.9262,NA,3.3025,5.9,43392.0703125,63.75,NA,14.29,68.98,0.13,1.98539,87.4,5,1,4.814713896457765,0,2.97,5.76,2053.43994140625
2014-12-02,14.076,2.84,3.2941,NA,43008.0703125,62.52000045776367,NA,12.85,66.99,0.12,1.94305,88.38,NA,NA,6.2506811989100814,0,2.83,5.9,2066.550048828125
2014-12-03,14.0918,NA,3.2875,NA,43112.2890625,62.47999954223633,NA,12.47,67.3,0.12,1.95268,85.41,NA,NA,6.6730245231607626,4.605714285714285,2.82,5.91,2074.330078125
2014-12-04,14.1165,NA,3.285,NA,42816.1484375,61.959999084472656,NA,12.38,66.73,0.12,1.98421,85.16,NA,NA,5.574931880108991,8.325714285714286,2.83,5.9,2071.919921875
2014-12-05,14.3045,NA,3.2975,NA,43230.33984375,61.5099983215332,NA,11.82,65.89,0.12,1.98975,90.59,NA,NA,8.446866485013624,6.731428571428571,2.85,6,2075.3701171875
2014-12-06,NA,NA,NA,NA,NA,NA,NA,NA,NA,0.12,1.98975,NA,NA,NA,4.138964577656676,0,2.89,6.02,NA
2014-12-07,NA,NA,NA,NA,NA,NA,NA,NA,NA,0.12,1.98975,NA,NA,NA,3.1253405994550407,0,NA,NA,NA
2014-12-08,14.4042,NA,3.2975,NA,42941.828125,60.970001220703125,NA,14.21,63.13,0.12,2.12852,97.26,NA,NA,3.1253405994550407,0,2.9,6.07,2060.31005859375
2014-12-09,14.3674,2.85,3.3007,NA,42339.62890625,60.220001220703125,NA,14.89,63.74,0.12,2.17916,96.53,NA,NA,4.392370572207084,3.011428571428571,2.9,6.04,2059.820068359375
2014-12-10,14.5181,NA,3.2928,NA,41372.66015625,58.279998779296875,NA,18.53,60.99,0.12,2.27237,100.98,NA,NA,5.405994550408719,3.011428571428571,2.87,6.08,2026.1400146484375
2014-12-11,14.6648,NA,3.2975,NA,41714.5703125,57.779998779296875,NA,20.08,60.01,0.12,2.28292,104.43,NA,NA,6.081743869209809,0,2.85,6.07,2035.3299560546875
2014-12-12,NA,NA,NA,NA,NA,56.43000030517578,NA,21.08,57.81,0.12,2.44563,112.82,NA,NA,8.446866485013624,0,2.89,6.1,2002.3299560546875
2014-12-13,NA,NA,NA,NA,NA,NA,NA,NA,NA,0.12,2.44563,NA,NA,NA,5.405994550408719,0,NA,NA,NA
2014-12-14,NA,NA,NA,NA,NA,NA,NA,NA,NA,0.12,2.44563,NA,NA,NA,4.983651226158038,0,2.89,6.1,NA
2014-12-15,14.7853,NA,3.2975,NA,40334.58984375,56.029998779296875,NA,20.42,55.96,0.11,2.52141,126.2,NA,NA,6.8419618528610355,0,2.85,6.13,1989.6300048828125
2014-12-16,14.7499,2.84,3.2996,NA,40225.078125,55.84000015258789,NA,23.57,55.97,0.12,2.61385,114.81,NA,NA,6.6730245231607626,0,2.87,6.15,1972.739990234375
2014-12-17,14.6028,NA,3.2996,NA,41004.44140625,56.88999938964844,NA,19.44,56.43,0.13,2.37091,96.53,NA,NA,4.730245231607629,0,2.8,6.04,2012.8900146484375
2014-12-18,14.5562,NA,3.2996,NA,42475.671875,59.060001373291016,NA,16.81,54.18,0.13,2.25181,99.01,NA,NA,5.15258855585831,0,2.81,5.93,2061.22998046875
2014-12-19,14.6378,NA,3.2975,NA,42529.890625,59.16999816894531,NA,16.49,56.91,0.13,2.21704,91.1,NA,NA,5.743869209809264,0,2.85,5.85,2070.64990234375
2014-12-20,NA,NA,NA,NA,NA,NA,NA,NA,NA,0.13,2.21704,NA,NA,NA,4.814713896457765,0,2.89,5.87,NA
2014-12-21,NA,NA,NA,NA,NA,NA,NA,NA,NA,0.13,2.21704,NA,NA,NA,4.645776566757493,0,NA,NA,NA
2014-12-22,14.6359,2.78,3.3112,NA,42873.01171875,59.279998779296875,NA,15.25,55.25,0.13,2.16581,93.58,NA,NA,5.490463215258855,0,2.82,5.84,2078.5400390625
2014-12-23,14.7008,NA,3.312,NA,43122.73046875,59.130001068115234,NA,14.8,56.78,0.13,2.03981,96.04,NA,NA,6.5040871934604905,0,2.74,5.88,2082.169921875
2014-12-24,14.7429,NA,3.306,NA,43002.87109375,59.279998779296875,NA,14.37,55.7,0.13,2.06735,96.05,NA,NA,3.6321525885558583,0,2.74,5.92,2081.8798828125
2014-12-25,NA,NA,NA,NA,NA,NA,NA,NA,NA,0.13,2.06735,96.05,NA,NA,3.209809264305177,0,2.78,5.96,NA
2014-12-26,14.6955,NA,3.302,NA,NA,59.2599983215332,NA,14.5,54.59,0.13,2.11155,96.05,NA,NA,3.547683923705722,0,2.7,5.87,2088.77001953125
2014-12-27,NA,NA,NA,NA,NA,NA,NA,NA,NA,0.13,2.11155,NA,NA,NA,3.2942779291553133,0,2.74,5.9,NA
2014-12-28,NA,NA,NA,NA,NA,NA,NA,NA,NA,0.13,2.11155,NA,NA,NA,3.463215258855586,0,2.74,5.9,NA
2014-12-29,14.718,2.74,3.3066,NA,43187.640625,59.29999923706055,NA,15.06,53.46,0.13,2.0944,99.5,NA,NA,4.561307901907357,5.314285714285714,2.69,5.9,2090.570068359375
2014-12-30,14.7348,NA,3.311,NA,43018.75,59.290000915527344,NA,15.92,54.14,0.13,2.12107,101.97,NA,NA,4.054495912806539,0,2.46,5.85,2080.35009765625
2014-12-31,14.7414,NA,3.3205,NA,43145.66015625,59.38999938964844,NA,19.2,53.45,0.06,2.12772,103.45,NA,NA,1.773841961852861,0,2.69,5.8,2058.89990234375
2015-01-01,NA,NA,NA,NA,NA,NA,NA,NA,NA,0.06,2.12772,103.45,4,2,4.84812030075188,0,2.5,5.83,NA
2015-01-02,14.829,NA,3.324,NA,42115.46875,57.880001068115234,NA,17.79,52.72,0.12,2.1827,107.89,NA,NA,4.195488721804511,3.6872246696035242,2.68,5.81,2058.199951171875
2015-01-03,NA,NA,NA,NA,NA,NA,NA,NA,NA,0.12,2.1827,NA,NA,NA,5.034586466165414,0,2.72,5.83,NA
2015-01-04,NA,NA,NA,NA,NA,NA,NA,NA,NA,0.12,2.1827,NA,NA,NA,4.195488721804511,0,NA,NA,NA
2015-01-05,14.9469,NA,3.3225,NA,41099.37109375,56.16999816894531,NA,19.92,50.05,0.12,2.32631,117.76,NA,NA,3.9157894736842107,2.8678414096916303,2.68,5.81,2020.5799560546875
2015-01-06,14.8479,2.43,3.305,NA,41329.41015625,56.70000076293945,NA,21.12,47.98,0.12,2.37482,116.28,NA,NA,4.009022556390978,4.096916299559472,2.68,5.74,2002.6099853515625
2015-01-07,14.7936,NA,3.3,NA,41813.9296875,58.04999923706055,NA,19.31,48.69,0.12,2.31413,109.38,NA,NA,5.314285714285714,3.9603524229074893,2.42,5.66,2025.9000244140625
2015-01-08,14.6274,NA,3.3075,NA,42402.30859375,58.939998626708984,NA,17.01,48.8,0.12,2.25927,106.42,NA,NA,4.381954887218045,4.370044052863436,2.38,5.59,2062.139892578125
2015-01-09,14.5804,NA,3.3,NA,42382.41015625,59.209999084472656,NA,17.55,48.35,0.12,2.29342,105.91,NA,NA,7.272180451127819,3.0044052863436126,2.69,5.6,2044.81005859375
2015-01-10,NA,NA,NA,NA,NA,NA,NA,NA,NA,0.12,2.29342,NA,NA,NA,3.263157894736842,0,2.73,5.63,NA
2015-01-11,NA,NA,NA,NA,NA,NA,NA,NA,NA,0.12,2.29342,NA,NA,NA,4.4751879699248125,0,NA,NA,NA
2015-01-12,14.6398,NA,3.2885,NA,41780.78125,58.36000061035156,NA,19.6,46.06,0.12,2.36933,110.85,NA,NA,4.381954887218045,4.916299559471366,2.77,5.62,2028.260009765625
2015-01-13,14.5559,2.79,3.2991,NA,41478.26171875,58.099998474121094,NA,20.56,45.92,0.12,2.38969,111.85,NA,NA,6.33984962406015,0,2.78,5.64,2023.030029296875
2015-01-14,14.5644,NA,3.2975,NA,40984.21875,58.029998779296875,NA,21.48,48.49,0.12,2.42738,110.84,NA,NA,4.381954887218045,3.140969162995595,2.77,5.57,2011.27001953125
2015-01-15,14.5821,NA,3.3025,NA,40998.76953125,57.470001220703125,NA,22.39,46.37,0.12,2.53711,114.79,NA,NA,4.381954887218045,3.4140969162995596,2.77,5.48,1992.6700439453125
2015-01-16,14.6223,NA,3.2962,NA,41402.01171875,58.16999816894531,NA,20.95,48.49,0.13,2.56827,111.86,NA,NA,3.6360902255639096,0,2.74,5.38,2019.4200439453125
2015-01-17,NA,NA,NA,NA,NA,NA,NA,NA,NA,0.13,2.56827,NA,NA,NA,3.7293233082706765,0,2.78,5.4,NA
2015-01-18,NA,NA,NA,NA,NA,NA,NA,NA,NA,0.13,2.56827,NA,NA,NA,2.2375939849624062,0,NA,NA,NA
2015-01-19,14.6524,NA,3.3017,NA,41285.578125,NA,NA,NA,NA,0.13,2.56827,111.85,NA,NA,4.009022556390978,2.7312775330396475,2.72,5.37,NA
2015-01-20,14.6484,2.72,3.29,NA,41752.671875,58.349998474121094,NA,19.89,46.79,0.12,2.55033,114.31,NA,NA,2.610526315789474,2.3215859030837005,2.69,5.38,2022.550048828125
2015-01-21,14.6983,NA,3.295,NA,42488.73046875,58.880001068115234,NA,18.85,47.85,0.12,2.49727,120.24,NA,NA,3.449624060150376,2.3215859030837005,2.7,5.44,2032.1199951171875
2015-01-22,14.612,NA,3.2925,NA,43121.28125,60.2599983215332,NA,16.4,45.93,0.12,2.46352,113.83,NA,NA,3.7293233082706765,3.4140969162995596,2.67,5.36,2063.14990234375
2015-01-23,14.6499,NA,3.2975,NA,42649.71875,59.70000076293945,NA,16.66,45.26,0.12,2.43849,111.84,NA,NA,2.610526315789474,3.2775330396475773,2.85,5.3,2051.820068359375
2015-01-24,NA,NA,NA,NA,NA,NA,NA,NA,NA,0.12,2.43849,NA,NA,NA,3.263157894736842,0,2.88,5.32,NA
2015-01-25,NA,NA,NA,NA,NA,NA,NA,NA,NA,0.12,2.43849,NA,NA,NA,3.169924812030075,0,NA,NA,NA
2015-01-26,14.5887,NA,3.3039,NA,42737.8515625,59.93000030517578,NA,15.52,44.8,0.12,2.42794,112.84,NA,NA,3.6360902255639096,3.2775330396475773,2.85,5.29,2057.090087890625
2015-01-27,14.5872,2.75,3.2977,NA,42627.8203125,59.65999984741211,NA,17.22,45.84,0.11,2.4151,113.81,NA,NA,2.144360902255639,3.6872246696035242,2.85,5.25,2029.550048828125
2015-01-28,14.6878,NA,3.305,NA,42158.0703125,58.56999969482422,NA,20.44,44.08,0.12,2.55251,116.05,NA,NA,3.7293233082706765,2.7312775330396475,2.72,5.18,2002.1600341796875
2015-01-29,14.8414,NA,3.2875,NA,41862.328125,57.9900016784668,NA,18.76,44.12,0.11,2.47926,114.33,NA,NA,2.8902255639097745,2.594713656387665,2.72,5.18,2021.25
2015-01-30,14.9885,NA,3.295,NA,40950.578125,56.25,NA,20.97,47.79,0.06,2.51633,115.29,NA,NA,4.009022556390978,2.185022026431718,2.74,5.22,1994.989990234375
2015-01-31,NA,NA,NA,NA,NA,NA,NA,NA,NA,0.06,2.51633,NA,NA,NA,4.754887218045113,0,NA,NA,NA
2015-02-01,NA,NA,NA,5.31,NA,NA,NA,NA,NA,0.06,2.51633,NA,4,2,2.791625124626122,0,2.78,5.24,NA
2015-02-02,NA,NA,NA,NA,NA,57.040000915527344,NA,19.43,49.25,0.12,2.43003,115.31,NA,NA,3.573280159521436,2.707692307692308,2.72,5.23,2020.8499755859375
2015-02-03,14.7566,2.74,3.301,NA,41572.23828125,57.90999984741211,NA,17.33,53.04,0.12,2.36719,112.83,NA,NA,4.019940179461615,3.2,2.72,5.32,2050.030029296875
2015-02-04,14.8011,NA,3.3,NA,41710.8203125,57.5099983215332,NA,18.33,48.45,0.11,2.41391,114.33,NA,NA,3.684945164506481,2.707692307692308,2.73,5.36,2041.510009765625
2015-02-05,14.7548,NA,3.2925,NA,42453.640625,58.54999923706055,NA,16.85,50.48,0.12,2.3809,109.88,NA,NA,4.466600199401795,4.184615384615385,2.71,5.4,2062.52001953125
2015-02-06,14.9024,NA,3.291,NA,42715.4296875,58.5,NA,17.29,51.66,0.11,2.31308,107.92,NA,NA,3.1266201395812567,0,2.86,5.61,2055.469970703125
2015-02-07,NA,NA,NA,NA,NA,NA,NA,NA,NA,0.11,2.31308,NA,NA,NA,3.573280159521436,3.2,2.9,5.63,NA
2015-02-08,NA,NA,NA,NA,NA,NA,NA,NA,NA,0.11,2.31308,NA,NA,NA,3.9082751744765707,0,NA,NA,NA
2015-02-09,14.8014,NA,3.2975,NA,42810.2890625,58.77000045776367,NA,18.55,52.99,0.12,2.31069,107.89,NA,NA,4.019940179461615,2.3384615384615386,2.71,5.61,2046.739990234375
2015-02-10,14.9309,2.78,3.2955,NA,42635.19140625,58.08000183105469,NA,17.23,50.06,0.12,2.33872,112.59,NA,NA,5.359920239282154,3.9384615384615387,2.71,5.67,2068.590087890625
2015-02-11,15.1099,NA,3.2891,NA,41933.26171875,56.63999938964844,NA,16.96,48.8,0.12,2.35151,114.8,NA,NA,6.029910269192423,3.4461538461538463,2.83,5.71,2068.530029296875
2015-02-12,14.9167,NA,3.3029,NA,43045.51171875,58.779998779296875,NA,15.34,51.17,0.12,2.32901,108.38,NA,NA,5.248255234297109,2.953846153846154,2.76,5.64,2088.47998046875
2015-02-13,14.8605,NA,3.2961,NA,43072.421875,59.099998474121094,NA,14.69,52.66,0.12,2.22416,107.65,NA,NA,5.471585244267199,2.0923076923076924,2.83,5.63,2096.989990234375
2015-02-14,NA,NA,NA,NA,NA,NA,NA,NA,NA,0.12,2.22416,NA,NA,NA,3.4616151545363913,0,2.87,5.67,NA
2015-02-15,NA,NA,NA,NA,NA,NA,NA,NA,NA,0.12,2.22416,NA,NA,NA,4.019940179461615,0,NA,NA,NA
2015-02-16,14.8979,NA,3.2975,NA,42959.55859375,NA,NA,NA,NA,0.12,2.22416,107.65,NA,NA,3.2382851445663015,1.9692307692307693,2.76,5.65,NA
2015-02-17,14.8971,2.83,3.3,NA,43251.7890625,59.189998626708984,NA,15.8,53.56,0.12,2.14449,107.65,NA,NA,3.796610169491526,2.953846153846154,2.81,5.72,2100.340087890625
2015-02-18,14.9473,NA,3.3,NA,43053.6484375,59.099998474121094,NA,15.45,52.13,0.12,2.20037,107.9,NA,NA,3.4616151545363913,0,2.81,5.61,2099.679931640625
2015-02-19,14.9583,NA,3.295,NA,43231.421875,58.7400016784668,NA,15.29,51.12,0.12,2.19087,108.63,NA,NA,4.3549351944167505,3.4461538461538463,2.82,5.65,2097.449951171875
2015-02-20,15.0757,NA,3.2925,NA,43551.26171875,59.04999923706055,NA,14.3,49.95,0.12,2.15711,109.62,NA,NA,4.57826520438684,2.4615384615384617,2.82,5.59,2110.300048828125
2015-02-21,NA,NA,NA,NA,NA,NA,NA,NA,NA,0.12,2.15711,NA,NA,NA,4.019940179461615,0,2.86,5.63,NA
2015-02-22,NA,NA,NA,NA,NA,NA,NA,NA,NA,0.12,2.15711,NA,NA,NA,3.1266201395812567,0,NA,NA,NA
2015-02-23,15.0832,NA,3.3,NA,43675.87109375,58.939998626708984,NA,14.56,49.56,0.11,2.22526,111.34,NA,NA,4.57826520438684,2.0923076923076924,2.82,5.53,2109.659912109375
2015-02-24,14.9712,2.9,3.3025,NA,43921.55078125,59.790000915527344,NA,13.69,48.48,0.11,2.225,105.67,NA,NA,4.019940179461615,3.6923076923076925,2.82,5.53,2115.47998046875
2015-02-25,14.9228,NA,3.3041,NA,43802.0703125,59.630001068115234,NA,13.84,50.25,0.11,2.18674,101.97,NA,NA,4.801595214356929,3.2,2.71,5.57,2113.860107421875
2015-02-26,14.9624,NA,3.2925,NA,44416.48828125,60.02000045776367,NA,13.91,47.65,0.11,2.14218,103.95,NA,NA,3.1266201395812567,2.2153846153846155,2.89,5.58,2110.739990234375
2015-02-27,14.9553,NA,3.2987,NA,44190.171875,60.209999084472656,NA,13.34,49.84,0.06,2.15176,100.49,NA,NA,2.679960119641077,3.2,2.89,5.62,2104.5
2015-02-28,NA,NA,NA,NA,NA,NA,NA,NA,NA,0.06,2.15176,NA,NA,NA,3.4616151545363913,0,2.93,5.64,NA
2015-03-01,NA,NA,NA,6.04,NA,NA,NA,NA,NA,0.06,2.15176,NA,4,2,1.7222222222222223,0,NA,NA,NA
2015-03-02,14.9862,NA,3.29,NA,43882.7109375,59.52000045776367,NA,13.04,49.59,0.12,2.07907,101.48,NA,NA,1.5376984126984128,0,2.9,5.71,2117.389892578125
2015-03-03,14.9544,3.01,3.2934,NA,43600.37109375,59.11000061035156,NA,13.86,50.43,0.12,2.09334,102.22,NA,NA,2.2142857142857144,1.8962765957446808,2.88,5.81,2107.780029296875
2015-03-04,15.0756,NA,3.2953,NA,43296.55078125,58.349998474121094,NA,14.23,51.53,0.11,2.142,105.92,NA,NA,2.3988095238095237,2.1436170212765955,2.88,5.8,2098.530029296875
2015-03-05,15.1686,NA,3.2875,NA,43517.7890625,57.9900016784668,NA,14.04,50.76,0.11,2.20916,111.36,NA,NA,1.5376984126984128,2.226063829787234,2.99,5.81,2101.0400390625
2015-03-06,15.4445,NA,3.3037,NA,43280.80859375,56.619998931884766,NA,15.2,49.61,0.12,2.23089,117.81,NA,NA,4.182539682539683,0,2.88,5.98,2071.260009765625
2015-03-07,NA,NA,NA,NA,NA,NA,NA,NA,NA,0.12,2.23089,NA,NA,NA,4.305555555555555,2.8856382978723403,2.92,6.02,NA
2015-03-08,NA,NA,NA,NA,NA,NA,NA,NA,NA,0.12,2.23089,NA,NA,NA,3.6904761904761907,0,NA,NA,NA
2015-03-09,15.4544,NA,3.305,NA,43251.3984375,56.59000015258789,NA,15.06,49.95,0.12,2.31017,127.88,NA,NA,3.9365079365079367,3.957446808510638,3.05,6.09,2079.429931640625
2015-03-10,15.5837,3.05,3.3075,NA,42972.1484375,55.75,NA,16.69,48.42,0.12,2.43278,136.51,NA,NA,4.7976190476190474,4.781914893617021,3.02,6.06,2044.1600341796875
2015-03-11,15.4455,NA,3.31,NA,43227.19921875,56.47999954223633,NA,16.87,48.06,0.11,2.46366,132.59,NA,NA,5.966269841269842,3.462765957446808,3.03,5.94,2040.239990234375
2015-03-12,15.4003,NA,3.3025,NA,44055.890625,57.4900016784668,NA,15.42,47.12,0.11,2.36572,129.61,NA,NA,4.7976190476190474,3.627659574468085,3.03,5.99,2065.949951171875
2015-03-13,15.4892,NA,3.3112,NA,44002.2890625,57.27000045776367,NA,16,44.88,0.11,2.43117,135.55,NA,NA,5.351190476190476,3.215425531914893,3.03,6.1,2053.39990234375
2015-03-14,NA,NA,NA,NA,NA,NA,NA,NA,NA,0.11,2.43117,NA,NA,NA,5.966269841269842,0,3.07,6.12,NA
2015-03-15,NA,NA,NA,NA,NA,NA,NA,NA,NA,0.11,2.43117,NA,NA,NA,3.9980158730158735,0,NA,NA,NA
2015-03-16,NA,NA,NA,NA,NA,57.77000045776367,NA,15.61,43.93,0.12,2.49473,134.54,NA,NA,6.150793650793651,0,3.07,6.12,2081.18994140625
2015-03-17,15.4271,3.04,3.314,NA,43761.359375,57.470001220703125,NA,15.66,43.39,0.12,2.54783,132.84,NA,NA,4.982142857142858,2.3909574468085104,3.05,6.02,2074.280029296875
2015-03-18,15.4192,NA,3.309,NA,44360.87109375,59.279998779296875,NA,13.97,44.63,0.11,2.57241,125.63,NA,NA,4.736111111111112,3.0505319148936167,3.05,5.84,2099.5
2015-03-19,15.296,NA,3.299,NA,44118.171875,58.400001525878906,NA,14.07,44.02,0.12,2.47228,131.9,NA,NA,4.2440476190476195,2.226063829787234,2.97,5.87,2089.27001953125
2015-03-20,15.0317,NA,3.303,NA,43968.1484375,59.31999969482422,NA,13.02,46,0.12,2.41905,128.36,NA,NA,4.367063492063492,3.7925531914893615,2.91,5.74,2108.10009765625
2015-03-21,NA,NA,NA,NA,NA,NA,NA,NA,NA,0.12,2.41905,NA,NA,NA,3.2599206349206353,0,2.95,5.76,NA
2015-03-22,NA,NA,NA,NA,NA,NA,NA,NA,NA,0.12,2.41905,NA,NA,NA,3.9365079365079367,2.720744680851064,NA,NA,NA
2015-03-23,14.9644,NA,3.305,NA,43952.7109375,59.58000183105469,NA,13.41,47.4,0.12,2.35427,129.86,NA,NA,4.305555555555555,2.1436170212765955,3.03,5.68,2104.419921875
2015-03-24,14.9347,3.05,3.3083,NA,44051.2109375,59.779998779296875,NA,13.62,47.03,0.11,2.34624,124.43,NA,NA,5.043650793650794,3.5452127659574466,3.04,5.69,2091.5
2015-03-25,14.9524,NA,3.3075,NA,43630.9609375,58.90999984741211,NA,15.44,48.75,0.12,2.32925,126.67,NA,NA,2.8293650793650795,3.957446808510638,3.04,5.76,2061.050048828125
2015-03-26,15.1056,NA,3.31,NA,43229.16015625,57.95000076293945,NA,15.8,51.41,0.11,2.29268,125.67,NA,NA,6.027777777777779,3.0505319148936167,3.04,5.83,2056.14990234375
2015-03-27,15.1542,NA,3.305,NA,43637.96875,58.15999984741211,NA,15.07,48.83,0.12,2.31818,125.66,NA,NA,2.8293650793650795,4.204787234042553,3.06,5.87,2061.02001953125
2015-03-28,NA,NA,NA,NA,NA,NA,NA,NA,NA,0.12,2.31818,NA,NA,NA,3.5059523809523814,0,3.1,5.89,NA
2015-03-29,NA,NA,NA,NA,NA,NA,NA,NA,NA,0.12,2.31818,NA,NA,NA,4.490079365079366,0,NA,NA,NA
2015-03-30,15.2427,3.02,3.2955,NA,43922.828125,58.130001068115234,NA,14.51,48.66,0.12,2.27215,124.67,NA,NA,3.9365079365079367,2.720744680851064,3,5.95,2086.239990234375
2015-03-31,15.2647,NA,3.299,NA,43724.78125,57.959999084472656,NA,15.29,47.72,0.06,2.2759,124.67,NA,NA,2.9523809523809526,0,3.01,5.88,2067.889892578125
2015-04-01,15.1206,NA,3.295,5.83,44202.94140625,58.939998626708984,NA,15.11,50.12,0.12,2.32191,122.21,3,2,1.836734693877551,0,3.04,5.84,2059.68994140625
2015-04-02,NA,NA,NA,NA,NA,59.779998779296875,NA,14.67,49.13,0.12,2.25113,119.25,NA,NA,3.620991253644315,0,3.08,5.88,2066.9599609375
2015-04-03,NA,NA,NA,NA,NA,NA,NA,NA,NA,0.12,2.25113,118.75,NA,NA,2.1516034985422743,0,NA,NA,NA
2015-04-04,NA,NA,NA,NA,NA,NA,NA,NA,NA,0.12,2.25113,NA,NA,NA,2.7813411078717203,0,NA,NA,NA
2015-04-05,NA,NA,NA,NA,NA,NA,NA,NA,NA,0.12,2.25113,NA,NA,NA,2.623906705539359,0,NA,NA,NA
2015-04-06,14.8003,NA,3.3,NA,44850.05859375,60.9900016784668,NA,14.74,52.08,0.13,2.20149,113.84,NA,NA,4.250728862973761,3.5621521335807054,3.06,5.72,2080.6201171875
2015-04-07,14.9039,3.02,3.29,NA,44987.87109375,60.93000030517578,NA,14.78,53.95,0.12,2.24989,116.54,NA,NA,3.2011661807580176,0,3,5.67,2076.330078125
2015-04-08,14.9072,NA,3.305,NA,44980.55859375,60.95000076293945,NA,13.98,50.44,0.12,2.26798,112.84,NA,NA,3.2011661807580176,3.2282003710575142,3.01,5.65,2081.89990234375
2015-04-09,15.0554,NA,3.31,NA,44913.26953125,60.150001525878906,NA,13.09,50.79,0.12,2.23379,117.53,NA,NA,4.040816326530613,4.230055658627087,2.99,5.7,2091.179931640625
2015-04-10,15.1706,NA,3.3082,NA,44882.01171875,59.75,NA,12.58,51.63,0.12,2.25331,123.94,NA,NA,3.4110787172011663,3.450834879406308,2.98,5.74,2102.06005859375
2015-04-11,NA,NA,NA,NA,NA,NA,NA,NA,NA,0.12,2.25331,NA,NA,NA,2.41399416909621,0,3.02,5.76,NA
2015-04-12,NA,NA,NA,NA,NA,NA,NA,NA,NA,0.12,2.25331,NA,NA,NA,3.253644314868805,0,NA,NA,NA
2015-04-13,15.2947,NA,3.3,NA,44994.55859375,59.119998931884766,NA,13.94,51.95,0.13,2.25395,121.72,NA,NA,3.883381924198251,4.230055658627087,3.02,5.73,2092.429931640625
2015-04-14,15.2339,3,3.3,NA,45004.51953125,59.560001373291016,NA,13.67,53.3,0.13,2.26605,118.98,NA,NA,3.7259475218658893,0,2.98,5.71,2095.840087890625
2015-04-15,15.3891,NA,3.278,NA,45262.94140625,59.9900016784668,NA,12.84,56.25,0.13,2.25252,114.81,NA,NA,3.253644314868805,3.8961038961038965,2.93,5.7,2106.6298828125
2015-04-16,15.2455,NA,3.285,NA,45480.23046875,60.52000045776367,NA,12.6,56.69,0.13,2.26989,116.79,NA,NA,2.361516034985423,4.230055658627087,2.95,5.68,2104.989990234375
2015-04-17,15.3128,NA,3.295,NA,45012.37109375,59.599998474121094,NA,13.89,55.71,0.13,2.32618,120.74,NA,NA,3.5160349854227406,0,2.9,5.71,2081.179931640625
2015-04-18,NA,NA,NA,NA,NA,NA,NA,NA,NA,0.13,2.32618,NA,NA,NA,2.8338192419825075,0,2.94,5.74,NA
2015-04-19,NA,NA,NA,NA,NA,NA,NA,NA,NA,0.13,2.32618,NA,NA,NA,3.1486880466472305,0,NA,NA,NA
2015-04-20,15.3973,NA,3.2955,NA,45077.80859375,59.18000030517578,NA,13.3,56.37,0.13,2.28783,117.28,NA,NA,3.1486880466472305,3.6734693877551026,2.9,5.78,2100.39990234375
2015-04-21,15.3837,2.96,3.297,NA,45296.91015625,59.34000015258789,NA,13.25,55.58,0.13,2.23886,117.77,NA,NA,2.099125364431487,0,2.94,5.8,2097.2900390625
2015-04-22,15.4518,NA,3.293,NA,45232.0390625,59.2400016784668,NA,12.71,56.17,0.13,2.19328,117.28,NA,NA,3.4110787172011663,4.8979591836734695,3.01,5.83,2107.9599609375
2015-04-23,15.3539,NA,3.3046,NA,45418.828125,59.939998626708984,NA,12.48,56.59,0.13,2.21659,112.83,NA,NA,1.9416909620991254,3.8961038961038965,2.92,5.78,2112.929931640625
2015-04-24,15.3834,NA,3.3,NA,45773.30859375,60.29999923706055,NA,12.29,55.98,0.13,2.20805,113.81,NA,NA,3.1486880466472305,3.3395176252319114,2.93,5.76,2117.68994140625
2015-04-25,NA,NA,NA,NA,NA,NA,NA,NA,NA,0.13,2.20805,NA,NA,NA,2.7813411078717203,0,2.97,5.79,NA
2015-04-26,NA,NA,NA,NA,NA,NA,NA,NA,NA,0.13,2.20805,NA,NA,NA,2.0466472303207,0,NA,NA,NA
2015-04-27,15.3213,NA,3.29,NA,45512.37890625,60.18000030517578,NA,13.12,55.56,0.13,2.21931,113.82,NA,NA,2.623906705539359,4.1187384044526905,2.95,5.79,2108.919921875
2015-04-28,15.2225,2.85,3.2875,NA,45338.359375,60.290000915527344,NA,12.41,57.05,0.13,2.18022,116.29,NA,NA,1.9941690962099126,6.122448979591837,2.83,5.83,2114.760009765625
2015-04-29,15.2043,NA,3.2975,NA,44942.23046875,59.83000183105469,NA,13.39,58.55,0.13,2.1886,116.79,NA,NA,3.673469387755102,3.450834879406308,2.76,5.85,2106.85009765625
2015-04-30,15.3714,NA,3.3062,NA,44582.390625,58.619998931884766,NA,14.55,59.62,0.08,2.23654,120.76,NA,NA,3.620991253644315,3.6734693877551026,2.96,5.89,2085.510009765625
2015-05-01,NA,NA,NA,NA,NA,58.33000183105469,NA,12.7,59.1,0.13,2.21532,123.97,3,2,4.224175824175824,0,3,5.92,2108.2900390625
2015-05-02,NA,NA,NA,NA,NA,NA,NA,NA,NA,0.13,2.21532,NA,NA,NA,0,0,3,NA,NA
2015-05-03,NA,NA,NA,NA,NA,NA,NA,NA,NA,0.13,2.21532,NA,NA,NA,0,0,NA,NA,NA
2015-05-04,15.494,NA,3.3,NA,45238.46875,59.02000045776367,NA,12.85,58.92,0.13,2.18765,122.95,NA,NA,2.92967032967033,2.622100954979536,3.03,6,2114.489990234375
2015-05-05,15.3225,2.98,3.295,NA,45091.328125,59.209999084472656,NA,14.31,60.38,0.13,2.17358,121.97,NA,NA,2.6571428571428575,4.398362892223738,2.99,6.06,2089.4599609375
2015-05-06,15.2825,NA,3.3075,NA,44853.26171875,59.02000045776367,NA,15.15,60.93,0.13,2.14134,121.73,NA,NA,4.156043956043956,0,2.98,6.1,2080.14990234375
2015-05-07,15.3397,NA,3.3,NA,44768.80078125,58.880001068115234,NA,15.13,58.99,0.13,2.23252,122.96,NA,NA,4.428571428571429,4.482946793997272,2.99,6.02,2088
2015-05-08,15.1424,NA,3.3,NA,45125.94921875,59.970001220703125,NA,12.86,59.41,0.13,2.17746,116.77,NA,NA,3.7472527472527477,0,2.94,5.88,2116.10009765625
2015-05-09,NA,NA,NA,NA,NA,NA,NA,NA,NA,0.13,2.17746,NA,NA,NA,5.654945054945055,0,2.98,5.92,NA
2015-05-10,NA,NA,NA,NA,NA,NA,NA,NA,NA,0.13,2.17746,NA,NA,NA,3.4747252747252753,0,NA,NA,NA
2015-05-11,15.2624,NA,3.3,NA,45179.96875,59.380001068115234,NA,13.85,59.23,0.13,2.10299,118.53,NA,NA,3.6109890109890115,2.7066848567530695,2.92,5.97,2105.330078125
2015-05-12,15.3211,2.97,3.3065,NA,44950.48828125,59.040000915527344,NA,13.86,60.72,0.13,2.18967,119.25,NA,NA,2.384615384615385,4.9904502046384716,2.93,6.02,2099.1201171875
2015-05-13,15.2213,NA,3.302,NA,45038.140625,59.29999923706055,NA,13.76,60.5,0.13,2.14943,119.74,NA,NA,5.927472527472528,3.4679399727148703,2.95,6.04,2098.47998046875
2015-05-14,15.1235,NA,3.3,NA,45271.4609375,60.45000076293945,NA,12.74,59.89,0.13,2.18925,118.75,NA,NA,0,3.21418826739427,2.93,5.97,2121.10009765625
2015-05-15,15.0225,NA,3.2935,NA,45332.80078125,60.869998931884766,NA,12.38,59.73,0.13,2.20737,117.76,NA,NA,3.406593406593407,0,2.96,5.89,2122.72998046875
2015-05-16,NA,NA,NA,NA,NA,NA,NA,NA,NA,0.13,2.20737,NA,NA,NA,0,0,3,5.92,NA
2015-05-17,NA,NA,NA,NA,NA,NA,NA,NA,NA,0.13,2.20737,NA,NA,NA,3.9516483516483523,0,NA,NA,NA
2015-05-18,15.12,NA,3.2995,NA,45408.33984375,60.529998779296875,NA,12.73,59.44,0.13,2.11528,114.82,NA,NA,2.9978021978021983,3.7216916780354703,2.98,5.9,2129.199951171875
2015-05-19,15.2008,2.99,3.2945,NA,45311.75,60.0099983215332,NA,12.85,57.3,0.12,2.1323,116.3,NA,NA,3.9516483516483523,4.313778990450205,2.97,5.9,2127.830078125
2015-05-20,15.212,NA,3.31,NA,45283.46875,60,NA,12.88,58.96,0.12,2.12202,114.31,NA,NA,0,4.144611186903138,2.97,5.87,2125.85009765625
2015-05-21,15.2326,NA,3.299,NA,45097.390625,59.66999816894531,NA,12.11,60.18,0.12,2.1318,112.83,NA,NA,4.837362637362638,2.622100954979536,2.97,5.89,2130.820068359375
2015-05-22,15.2918,NA,3.3072,NA,44874.0390625,59.27000045776367,NA,12.13,58.88,0.13,2.11413,111.85,NA,NA,4.632967032967033,3.21418826739427,2.97,5.91,2126.06005859375
2015-05-23,NA,NA,NA,NA,NA,NA,NA,NA,NA,0.13,2.11413,NA,NA,NA,2.589010989010989,0,3.01,5.93,NA
2015-05-24,NA,NA,NA,NA,NA,NA,NA,NA,NA,0.13,2.11413,NA,NA,NA,2.9978021978021983,0,NA,NA,NA
2015-05-25,15.2635,NA,3.305,NA,44852.2890625,NA,NA,NA,NA,0.13,2.11413,111.84,NA,NA,2.3164835164835167,3.0450204638472034,2.97,5.93,NA
2015-05-26,15.3235,2.99,3.3,NA,44401.3984375,58.560001373291016,NA,14.06,57.29,0.12,2.19416,114.07,NA,NA,3.338461538461539,2.96043656207367,2.97,5.9,2104.199951171875
2015-05-27,15.3581,NA,3.3025,NA,44682.58984375,58.90999984741211,NA,13.27,57.51,0.12,2.20812,112.84,NA,NA,3.2703296703296707,4.313778990450205,2.97,5.93,2123.47998046875
2015-05-28,15.3737,NA,3.295,NA,44807.30859375,58.900001525878906,NA,13.31,57.69,0.12,2.21852,114.32,NA,NA,2.92967032967033,4.905866302864938,2.98,5.96,2120.7900390625
2015-05-29,15.3815,NA,3.3,NA,44703.62109375,58.5099983215332,NA,13.84,60.25,0.08,2.25273,114.33,NA,NA,3.406593406593407,0,3,5.95,2107.389892578125
2015-05-30,NA,NA,NA,NA,NA,NA,NA,NA,NA,0.08,2.25273,NA,NA,NA,2.7252747252747254,2.8758526603001364,3.04,5.99,NA
2015-05-31,NA,NA,NA,NA,NA,NA,NA,NA,NA,0.08,2.25273,NA,NA,NA,2.452747252747253,0,NA,NA,NA
2015-06-01,15.4845,NA,3.3089,6.25,44760.1015625,58.18000030517578,NA,13.97,60.24,0.12,2.22302,117.04,3,2,4.562624254473161,9.433962264150944,3,6.04,2111.72998046875
2015-06-02,15.4128,2.97,3.3075,NA,44931.48046875,58.540000915527344,NA,14.24,61.3,0.12,2.20978,118.76,NA,NA,5.546719681908549,5.283018867924529,2.95,6.07,2109.60009765625
2015-06-03,15.4833,NA,3.3,NA,44732.71875,58.08000183105469,NA,13.66,59.67,0.13,2.17761,123.23,NA,NA,5.099403578528827,9.056603773584907,2.95,6.12,2114.070068359375
2015-06-04,15.5347,NA,3.31,NA,44561.109375,57.70000076293945,NA,14.71,58,0.13,2.2643,125.65,NA,NA,1.6103379721669981,0,3.03,6.12,2095.840087890625
2015-06-05,15.6958,NA,3.3105,NA,44561.94140625,57.040000915527344,NA,14.21,59.11,0.13,2.24729,130.18,NA,NA,2.9522862823061633,3.3962264150943398,3,6.27,2092.830078125
2015-06-06,NA,NA,NA,NA,NA,NA,NA,NA,NA,0.13,2.24729,NA,NA,NA,3.8469184890656067,0,3.04,6.29,NA
2015-06-07,NA,NA,NA,NA,NA,NA,NA,NA,NA,0.13,2.24729,NA,NA,NA,3.2206759443339963,0,3.04,6.29,NA
2015-06-08,15.6715,NA,3.3094,NA,44544.05078125,57.34000015258789,NA,15.29,58.15,0.13,2.30714,130.59,NA,NA,2.9522862823061633,3.3962264150943398,3,6.23,2079.280029296875
2015-06-09,15.5645,2.96,3.3,NA,44519.2109375,57.45000076293945,NA,14.47,60.15,0.13,2.34876,129.16,NA,NA,4.025844930417495,0,3,6.24,2080.14990234375
2015-06-10,15.4779,NA,3.295,NA,44578.28125,57.939998626708984,NA,13.22,61.36,0.13,2.37017,130.37,NA,NA,3.2206759443339963,4.528301886792454,3,6.25,2105.199951171875
2015-06-11,15.4409,NA,3.3145,NA,44624.73828125,58.380001068115234,NA,12.85,60.74,0.13,2.37901,125.17,NA,NA,2.862823061630219,0,3.02,6.17,2108.860107421875
2015-06-12,15.4129,NA,3.3025,NA,44692.5,58.279998779296875,NA,13.78,59.96,0.13,2.32526,124.69,NA,NA,2.2365805168986084,0,3,6.17,2094.110107421875
2015-06-13,NA,NA,NA,NA,NA,NA,NA,NA,NA,0.13,2.32526,NA,NA,NA,2.9522862823061633,0,3.04,6.21,NA
2015-06-14,NA,NA,NA,NA,NA,NA,NA,NA,NA,0.13,2.32526,NA,NA,NA,0,0,NA,NA,NA
2015-06-15,15.4327,NA,3.305,NA,44395.76171875,57.83000183105469,NA,15.39,59.53,0.13,2.37271,126.65,NA,NA,2.9522862823061633,3.018867924528302,3,6.16,2084.429931640625
2015-06-16,15.4192,2.94,3.308,NA,44722.28125,58.2400016784668,NA,14.81,60.01,0.14,2.43721,129.61,NA,NA,2.6838966202783303,0,3,6.15,2096.2900390625
2015-06-17,15.4199,NA,3.31,NA,44792.0390625,58.79999923706055,NA,14.5,59.89,0.14,2.44302,129.89,NA,NA,3.0417495029821073,0,2.91,6.15,2100.43994140625
2015-06-18,15.2828,NA,3.31,NA,45120.7890625,59.099998474121094,NA,13.19,60.41,0.14,2.31144,123.7,NA,NA,3.0417495029821073,2.8301886792452833,3.02,6.07,2121.239990234375
2015-06-19,15.3274,NA,3.3025,NA,44973.41015625,58.84000015258789,NA,13.96,59.62,0.13,2.33259,125.41,NA,NA,3.399602385685885,3.018867924528302,3,6.04,2109.989990234375
2015-06-20,NA,NA,NA,NA,NA,NA,NA,NA,NA,0.13,2.33259,NA,NA,NA,3.0417495029821073,0,3.04,6.06,NA
2015-06-21,NA,NA,NA,NA,NA,NA,NA,NA,NA,0.13,2.33259,NA,NA,NA,0,0,NA,NA,NA
2015-06-22,15.3072,NA,3.3088,NA,45224.98046875,59.20000076293945,NA,12.74,60.01,0.13,2.25386,127.66,NA,NA,1.5208747514910537,0,3,6.09,2122.85009765625
2015-06-23,15.4088,2.98,3.3025,NA,45454.1484375,59.220001220703125,NA,12.11,61.05,0.13,2.20928,124.91,NA,NA,2.2365805168986084,2.8301886792452833,3,6.11,2124.199951171875
2015-06-24,15.4555,NA,3.2975,NA,45424.94140625,58.79999923706055,NA,13.26,60.01,0.13,2.26239,127.87,NA,NA,1.8787276341948311,3.018867924528302,2.97,6.074,2108.580078125
2015-06-25,15.4816,NA,3.295,NA,45377.12109375,58.36000061035156,NA,14.01,59.59,0.13,2.2898,127.89,NA,NA,2.9522862823061633,3.5849056603773586,3,6.1,2102.31005859375
2015-06-26,15.5676,NA,3.3025,NA,45566.328125,58.369998931884766,NA,14.02,59.41,0.13,2.24167,128.38,NA,NA,2.594433399602386,0,2.96,6.14,2101.489990234375
2015-06-27,NA,NA,NA,NA,NA,NA,NA,NA,NA,0.13,2.24167,NA,NA,NA,3.399602385685885,0,3,6.17,NA
2015-06-28,NA,NA,NA,NA,NA,NA,NA,NA,NA,0.13,2.24167,NA,NA,NA,1.9681908548707754,3.207547169811321,NA,6.178,NA
2015-06-29,15.6599,NA,3.3025,NA,44710.3515625,56.91999816894531,NA,18.85,58.34,0.14,2.36976,132.48,NA,NA,6.172962226640159,0,2.96,6.06,2057.639892578125
2015-06-30,15.6854,3,3.31,NA,45053.69921875,57.11000061035156,NA,18.23,59.48,0.08,2.32314,131.54,NA,NA,4.025844930417495,3.3962264150943398,2.98,6.03,2063.110107421875
2015-07-01,15.7829,NA,3.3025,6.07,44928.51953125,56.75,NA,16.09,56.94,0.13,2.25239,129.57,6,1,7.249840255591054,2.883720930232558,3,6.12,2077.419921875
2015-07-02,15.6821,NA,3.3037,NA,45175.578125,57.65999984741211,NA,16.79,56.93,0.13,2.24366,127.32,NA,NA,5.229392971246006,3.4244186046511627,2.98,6.069,2076.780029296875
2015-07-03,15.6918,NA,3.3,NA,45065.46875,NA,NA,NA,NA,0.13,2.24366,127.34,NA,NA,4.278594249201277,0,2.98,6.04,NA
2015-07-04,NA,NA,NA,NA,NA,NA,NA,NA,NA,0.13,2.24366,NA,NA,NA,2.733546325878594,0,3.02,6.078,NA
2015-07-05,NA,NA,NA,NA,NA,NA,NA,NA,NA,0.13,2.24366,NA,NA,NA,4.278594249201277,5.406976744186046,NA,NA,NA
2015-07-06,15.753,NA,3.2988,NA,44794.01171875,57.040000915527344,NA,17.01,52.48,0.13,2.36472,130.52,NA,NA,7.130990415335463,3.0639534883720927,2.98,6,2068.760009765625
2015-07-07,15.8281,2.96,3.2925,NA,45017.75,57.18000030517578,NA,16.09,52.33,0.13,2.36671,136.39,NA,NA,7.130990415335463,0,2.94,5.9,2081.340087890625
2015-07-08,15.8174,NA,3.2966,NA,44497.73828125,56.34000015258789,NA,19.66,51.61,0.13,2.3968,135.93,NA,NA,4.040894568690096,0,2.94,5.93,2046.6800537109375
2015-07-09,15.7856,NA,3.296,NA,44564.3203125,56.68000030517578,NA,19.97,52.76,0.13,2.32043,131.55,NA,NA,6.299041533546325,4.145348837209302,2.94,5.98,2051.31005859375
2015-07-10,15.7329,NA,3.2956,NA,44915.98046875,57.40999984741211,NA,16.83,52.74,0.13,2.22634,126.11,NA,NA,7.249840255591054,0,3.03,6.01,2076.6201171875
2015-07-11,NA,NA,NA,NA,NA,NA,NA,NA,NA,0.13,2.22634,NA,NA,NA,5.229392971246006,0,3.07,6.036,NA
2015-07-12,NA,NA,NA,NA,NA,NA,NA,NA,NA,0.13,2.22634,NA,NA,NA,6.536741214057508,0,NA,NA,NA
2015-07-13,15.7404,NA,3.2987,NA,44990.390625,57.619998931884766,NA,13.9,52.19,0.13,2.21584,124.16,NA,NA,5.467092651757188,0,3,5.97,2099.60009765625
2015-07-14,15.6728,2.96,3.3075,NA,45136.69140625,57.970001220703125,NA,13.37,53.05,0.13,2.25436,124.6,NA,NA,4.278594249201277,0,2.94,5.96,2108.949951171875
2015-07-15,15.747,NA,3.3095,NA,45107.12890625,57.58000183105469,NA,13.23,51.4,0.13,2.32462,130.05,NA,NA,6.655591054313098,0,2.95,5.93,2107.39990234375
2015-07-16,15.8014,NA,3.3025,NA,45344.8984375,57.7599983215332,NA,12.11,50.9,0.14,2.3259,126.62,NA,NA,5.585942492012779,0,2.95,5.97,2124.2900390625
2015-07-17,15.9121,NA,3.3,NA,45325.37890625,57.33000183105469,NA,11.95,50.88,0.13,2.35159,126.61,NA,NA,5.7047923322683705,0,2.95,5.98,2126.639892578125
2015-07-18,NA,NA,NA,NA,NA,NA,NA,NA,NA,0.13,2.35159,NA,NA,NA,6.180191693290735,0,2.99,6.01,NA
2015-07-19,NA,NA,NA,NA,NA,NA,NA,NA,NA,0.13,2.35159,NA,NA,NA,2.733546325878594,0,NA,NA,NA
2015-07-20,15.9856,NA,3.3042,NA,45567.98828125,57.29999923706055,NA,12.25,50.11,0.14,2.34017,128.59,NA,NA,5.229392971246006,0,3.01,6,2128.280029296875
2015-07-21,15.9728,3.01,3.3087,NA,45401.23046875,57.25,NA,12.22,50.59,0.13,2.36384,124.88,NA,NA,6.0613418530351435,2.703488372093023,2.97,6.046,2119.2099609375
2015-07-22,16.095,NA,3.305,NA,44670.421875,55.90999984741211,NA,12.12,49.27,0.13,2.40178,128.05,NA,NA,6.893290734824281,0,2.97,6.085,2114.14990234375
2015-07-23,16.0988,NA,3.3075,NA,44836.328125,55.959999084472656,NA,12.64,48.11,0.13,2.49695,133.51,NA,NA,6.77444089456869,0,2.97,6.061,2102.14990234375
2015-07-24,16.2364,NA,3.31,NA,44249.48828125,54.9900016784668,NA,13.74,47.98,0.13,2.53989,141.35,NA,NA,7.368690095846645,0,2.95,6.09,2079.64990234375
2015-07-25,NA,NA,NA,NA,NA,NA,NA,NA,NA,0.13,2.53989,NA,NA,NA,6.77444089456869,0,2.97,6.12,NA
2015-07-26,NA,NA,NA,NA,NA,NA,NA,NA,NA,0.13,2.53989,NA,NA,NA,5.585942492012779,0,NA,NA,NA
2015-07-27,16.2681,NA,3.313,NA,43713.71875,54.31999969482422,NA,15.6,47.17,0.14,2.60818,143.05,NA,NA,6.180191693290735,3.6046511627906974,3,6.07,2067.639892578125
2015-07-28,16.2638,3.01,3.305,NA,44222.96875,54.849998474121094,NA,13.44,47.97,0.14,2.57735,135.96,NA,NA,5.467092651757188,0,2.99,6.07,2093.25
2015-07-29,16.214,NA,3.3025,NA,44471.2890625,55.18000030517578,NA,12.5,48.77,0.14,2.46576,131.53,NA,NA,6.655591054313098,0,3,6.06,2108.570068359375
2015-07-30,16.4512,NA,3.3112,NA,44373.30859375,55.08000183105469,NA,12.13,48.53,0.14,2.4183,131.55,NA,NA,9.2702875399361009,3.2441860465116275,2.97,6.06,2108.6298828125
2015-07-31,16.0772,NA,3.314,NA,44752.9296875,56.34000015258789,NA,12.12,47.11,0.08,2.44,135.15,NA,NA,9.745686900958466,2.5232558139534884,3.01,6.03,2103.840087890625
2015-08-01,NA,NA,NA,NA,NA,NA,NA,NA,NA,0.08,2.44,NA,7,1,4.803995680345572,0,3.05,6.05,NA
2015-08-02,NA,NA,NA,NA,NA,NA,NA,NA,NA,0.08,2.44,NA,NA,NA,5.389848812095032,0,NA,NA,NA
2015-08-03,16.1129,NA,3.3075,NA,44903.94921875,56.33000183105469,NA,12.56,45.25,0.14,2.48528,138.4,NA,NA,7.3817494600431965,0,3.01,6,2098.0400390625
2015-08-04,16.1736,3.02,3.31,NA,45177.98046875,56.43000030517578,NA,13,45.75,0.14,2.45466,137.69,NA,NA,6.561555075593953,2.4238683127572016,3.03,6.05,2093.320068359375
2015-08-05,16.3762,NA,3.3132,NA,44937.609375,55.70000076293945,NA,12.51,45.13,0.14,2.39638,134.99,NA,NA,8.7877969762419,0,3.02,6.071,2099.840087890625
2015-08-06,16.3533,NA,3.31,NA,44921.21875,55.779998779296875,NA,13.77,44.69,0.14,2.4443,137.4,NA,NA,5.975701943844492,0,3.03,6.05,2083.56005859375
2015-08-07,16.1645,NA,3.3134,NA,44862.140625,56.290000915527344,NA,13.39,43.87,0.14,2.4882,136.19,NA,NA,6.795896328293736,0,3.04,6.03,2077.570068359375
2015-08-08,NA,NA,NA,NA,NA,NA,NA,NA,NA,0.14,2.4882,NA,NA,NA,4.921166306695464,2.551440329218107,3.08,6.025,NA
2015-08-09,NA,NA,NA,NA,NA,NA,NA,NA,NA,0.14,2.4882,NA,NA,NA,5.038336933045356,0,NA,NA,NA
2015-08-10,16.1652,NA,3.3095,NA,45320.69140625,56.84000015258789,NA,12.23,44.94,0.14,2.46333,130.54,NA,NA,5.8585313174946005,0,3.04,6.045,2104.179931640625
2015-08-11,16.3241,3.01,3.3075,NA,44379.7890625,55.400001525878906,NA,13.71,43.11,0.15,2.56173,134.41,NA,NA,7.0302375809935205,0,3.08,5.999,2084.070068359375
2015-08-12,16.2976,NA,3.3075,NA,44032.37890625,54.97999954223633,NA,13.61,43.22,0.15,2.52154,135.4,NA,NA,5.624190064794816,2.4238683127572016,2.98,5.963,2086.050048828125
2015-08-13,16.3541,NA,3.3116,NA,43870.53125,54.310001373291016,NA,13.49,42.27,0.15,2.48152,137.94,NA,NA,5.624190064794816,1.6584362139917697,2.99,6,2083.389892578125
2015-08-14,16.3658,NA,3.31,NA,43746.71875,54.290000915527344,NA,12.83,42.45,0.14,2.50662,136.67,NA,NA,6.913066954643628,0,2.96,5.98,2091.5400390625
2015-08-15,NA,NA,NA,NA,NA,NA,NA,NA,NA,0.14,2.50662,NA,NA,NA,3.397948164146868,0,3,6.01,NA
2015-08-16,NA,NA,NA,NA,NA,NA,NA,NA,NA,0.14,2.50662,NA,NA,NA,4.218142548596112,0,NA,NA,NA
2015-08-17,16.3993,NA,3.313,NA,43953.48046875,54.38999938964844,NA,13.02,41.93,0.15,2.52906,138.13,NA,NA,5.624190064794816,2.8065843621399176,3.01,5.99,2102.43994140625
2015-08-18,16.4317,3.02,3.31,NA,43872.12109375,54.22999954223633,NA,13.79,42.58,0.15,2.53477,137.88,NA,NA,4.569654427645788,1.6584362139917697,3,6.04,2096.919921875
2015-08-19,16.4908,NA,3.3173,NA,43473.73828125,53.22999954223633,NA,15.25,40.75,0.15,2.65484,144.8,NA,NA,4.3353131749460045,2.8065843621399176,2.92,6.02,2079.610107421875
2015-08-20,16.7182,NA,3.321,NA,43036.58984375,52.36000061035156,NA,19.14,41,0.15,2.73252,145.74,NA,NA,9.725161987041036,2.168724279835391,2.94,5.99,2035.72998046875
2015-08-21,16.9171,NA,3.3199,NA,42163.8203125,50.529998779296875,NA,28.03,40.45,0.15,2.7982,155.04,NA,NA,11.014038876889849,0,3.12,6.03,1970.8900146484375
2015-08-22,NA,NA,NA,NA,NA,NA,NA,NA,NA,0.15,2.7982,NA,NA,NA,9.256479481641469,0,3.16,6.061,NA
2015-08-23,NA,NA,NA,NA,NA,NA,NA,NA,NA,0.15,2.7982,NA,NA,NA,6.795896328293736,0,NA,NA,NA
2015-08-24,17.0975,NA,3.3321,NA,41471.46875,48.90999984741211,NA,40.74,38.22,0.15,2.93309,159.86,NA,NA,11.717062634989201,2.168724279835391,2.94,6.05,1893.2099609375
2015-08-25,16.9859,3.12,3.326,NA,42010.890625,49.439998626708984,NA,36.02,39.15,0.15,2.79703,155.53,NA,NA,11.482721382289416,2.551440329218107,3.23,6.08,1867.6099853515625
2015-08-26,17.1065,NA,3.33,NA,42323.0390625,50.47999954223633,NA,30.32,38.5,0.14,2.84066,150.6,NA,NA,11.365550755939525,3.8271604938271606,3.13,6.11,1940.510009765625
2015-08-27,16.8863,NA,3.326,NA,43452.359375,52.439998626708984,NA,26.1,42.47,0.14,2.76284,141.52,NA,NA,8.20194384449244,0,3.15,6.06,1987.6600341796875
2015-08-28,16.7684,NA,3.33,NA,43290.859375,52.43000030517578,NA,26.05,45.29,0.14,2.73469,143.23,NA,NA,7.733261339092873,0,2.99,6.03,1988.8699951171875
2015-08-29,NA,NA,NA,NA,NA,NA,NA,NA,NA,0.14,2.73469,NA,NA,NA,7.733261339092873,2.0411522633744856,3.18,6.072,NA
2015-08-30,NA,NA,NA,NA,NA,NA,NA,NA,NA,0.14,2.73469,NA,NA,NA,5.741360691144708,0,NA,NA,NA
2015-08-31,16.7829,NA,3.335,NA,43721.9609375,52.849998474121094,NA,28.43,49.2,0.08,2.70281,145.01,NA,NA,7.3817494600431965,1.9135802469135803,3.16,6.04,1972.1800537109375
2015-09-01,16.8692,3.09,3.335,6.07,42911.51171875,51.25,NA,31.4,45.38,0.14,2.75733,152.63,5,2,3.794848206071757,2.3263327948303716,3.09,6.06,1913.8499755859375
2015-09-02,16.9444,NA,3.3358,NA,42969.9296875,51.880001068115234,NA,26.09,46.3,0.14,2.71365,152.22,NA,NA,6.416743330266789,2.132471728594507,3.1,6.13,1948.8599853515625
2015-09-03,16.7918,NA,3.335,NA,43283.46875,52.16999816894531,NA,25.61,46.75,0.14,2.72942,146.03,NA,NA,4.139834406623735,2.7140549273021,3.11,6.11,1951.1300048828125
2015-09-04,16.8454,NA,3.334,NA,42742.859375,51.25,NA,27.8,46.02,0.14,2.76388,151.22,NA,NA,5.381784728610856,0,3.1,6.089,1921.219970703125
2015-09-05,NA,NA,NA,NA,NA,NA,NA,NA,NA,0.14,2.76388,NA,NA,NA,5.450781968721251,0,3.14,6.129,NA
2015-09-06,NA,NA,NA,NA,NA,NA,NA,NA,NA,0.14,2.76388,NA,NA,NA,5.243790248390065,0,NA,NA,NA
2015-09-07,16.988,NA,3.339,NA,42756.26171875,NA,NA,NA,NA,0.14,2.76388,151.23,NA,NA,6.899724011039559,2.7140549273021,3.2,6.12,NA
2015-09-08,16.7979,3.11,3.342,NA,43083.94140625,52.04999923706055,NA,24.9,45.92,0.14,2.68475,145.58,NA,NA,5.519779208831647,3.780290791599354,3.1,6.15,1969.4100341796875
2015-09-09,16.7773,NA,3.3425,NA,42754.6796875,51.63999938964844,NA,26.23,44.13,0.14,2.63539,146.31,NA,NA,5.795768169273229,3.392568659127625,3.1,6.1,1942.0400390625
2015-09-10,16.8103,NA,3.3436,NA,42888.51171875,52.04999923706055,NA,24.37,45.85,0.14,2.61722,146.31,NA,NA,6.416743330266789,2.9079159935379644,3.18,6.083,1952.2900390625
2015-09-11,16.8261,NA,3.3444,NA,42780.73046875,51.900001525878906,NA,23.2,44.75,0.14,2.65731,147.99,NA,NA,4.8298068077276906,2.2294022617124396,3.16,6.079,1961.050048828125
2015-09-12,NA,NA,NA,NA,NA,NA,NA,NA,NA,0.14,2.65731,NA,NA,NA,3.7258509659613614,0,3.2,6.119,NA
2015-09-13,NA,NA,NA,NA,NA,NA,NA,NA,NA,0.14,2.65731,NA,NA,NA,4.070837166513339,0,NA,NA,NA
2015-09-14,16.8168,3.18,3.3439,NA,42827.3515625,52.18000030517578,NA,24.25,44.07,0.14,2.66089,144.81,NA,NA,6.209751609935602,2.2294022617124396,3.15,6.129,1953.030029296875
2015-09-15,16.7716,NA,3.3465,NA,43269.62109375,52.68000030517578,NA,22.54,44.58,0.14,2.5451,140.51,NA,NA,5.93376264949402,3.295638126009693,3.14,6.16,1978.0899658203125
2015-09-16,NA,NA,NA,NA,NA,54.11000061035156,NA,21.35,47.12,0.14,2.50285,134.95,NA,NA,4.553817847286108,0,3.18,6.2,1995.31005859375
2015-09-17,16.568,NA,3.3415,NA,43790.9296875,53.790000915527344,NA,21.14,46.93,0.14,2.55147,130.04,NA,NA,5.174793008279669,3.295638126009693,3.17,6.07,1990.199951171875
2015-09-18,16.539,NA,3.3257,NA,43565.05078125,53.25,NA,22.28,44.71,0.14,2.60871,134.96,NA,NA,4.7608095676172955,0,3.15,5.98,1958.030029296875
2015-09-19,NA,NA,NA,NA,NA,NA,NA,NA,NA,0.14,2.60871,NA,NA,NA,4.7608095676172955,2.520193861066236,3.19,6,NA
2015-09-20,NA,NA,NA,NA,NA,NA,NA,NA,NA,0.14,2.60871,NA,NA,NA,2.8978840846366145,3.6833602584814216,NA,NA,NA
2015-09-21,16.6865,NA,3.33,NA,43618.140625,53.2400016784668,NA,20.14,46.67,0.14,2.59429,142.58,NA,NA,4.484820607175713,3.392568659127625,3.12,6.007,1966.969970703125
2015-09-22,16.8713,3.02,3.3289,NA,43232.05859375,52.25,NA,22.44,46.17,0.14,2.73624,150.11,NA,NA,5.243790248390065,3.1987075928917608,2.98,5.981,1942.739990234375
2015-09-23,17.0453,NA,3.32,NA,43042.359375,51.310001373291016,NA,22.13,44.53,0.14,2.7662,156.55,NA,NA,5.864765409383624,2.617124394184168,3.02,6.03,1938.760009765625
2015-09-24,17.1149,NA,3.3225,NA,42596.55859375,51.4900016784668,NA,23.47,44.94,0.14,2.90391,162.36,NA,NA,5.174793008279669,0,3.02,6.02,1932.239990234375
2015-09-25,16.9595,NA,3.325,NA,42435.23046875,50.970001220703125,NA,23.62,45.55,0.13,2.97008,171.8,NA,NA,4.967801287948482,3.1987075928917608,3.08,6.066,1931.3399658203125
2015-09-26,NA,NA,NA,NA,NA,NA,NA,NA,NA,0.13,2.97008,NA,NA,NA,3.794848206071757,3.004846526655897,3.06,6.106,NA
2015-09-27,NA,NA,NA,NA,NA,NA,NA,NA,NA,0.13,2.97008,NA,NA,NA,4.001839926402944,0,3.06,6.106,NA
2015-09-28,17.0073,NA,3.325,NA,41893.51171875,50.060001373291016,NA,27.63,44.4,0.13,3.2212,171.28,NA,NA,4.20883164673413,2.2294022617124396,3.15,6.09,1881.77001953125
2015-09-29,17.0771,3.02,3.325,NA,42121.51171875,50.560001373291016,NA,26.83,45.24,0.13,3.22063,184.74,NA,NA,5.105795768169273,1.938610662358643,3.11,6.06,1884.0899658203125
2015-09-30,16.9053,NA,3.3225,NA,42632.5390625,51.560001373291016,NA,24.5,45.06,0.07,3.1291,174.89,NA,NA,5.174793008279669,3.1987075928917608,3,6.04,1920.030029296875
2015-10-01,16.8566,NA,3.3247,NA,42695.73828125,51.470001220703125,NA,22.55,44.75,0.13,3.05482,184.74,5,2,6.142367906066536,3.689059500959693,3.02,6.01,1923.8199462890625
2015-10-02,16.8162,NA,3.3125,NA,42735.1484375,52.060001373291016,NA,20.94,45.54,0.13,2.96823,184.74,NA,NA,5.384050880626223,3.213051823416507,2.98,5.94,1951.3599853515625
2015-10-03,NA,NA,NA,NA,NA,NA,NA,NA,NA,0.13,2.96823,NA,NA,NA,5.535714285714286,0,3.02,5.96,NA
2015-10-04,NA,NA,NA,NA,NA,NA,NA,NA,NA,0.13,2.96823,NA,NA,NA,3.6399217221135025,0,NA,NA,NA
2015-10-05,16.6941,NA,3.31,NA,43566.3203125,53.060001373291016,NA,19.54,46.28,0.13,2.75204,171.81,NA,NA,4.701565557729941,3.570057581573897,2.99,5.95,1987.050048828125
2015-10-06,16.6878,2.98,3.3134,NA,43561.421875,53.38999938964844,NA,19.4,48.53,0.13,2.73638,150.09,NA,NA,4.3224070450097845,3.80806142034549,2.97,5.9,1979.9200439453125
2015-10-07,16.5762,NA,3.305,NA,43832.03125,53.83000183105469,NA,18.4,47.86,0.13,2.74833,158.98,NA,NA,3.8674168297455966,4.046065259117083,2.93,5.89,1995.8299560546875
2015-10-08,16.5464,NA,3.3106,NA,44076.94140625,54.61000061035156,NA,17.42,49.46,0.13,2.71614,146.21,NA,NA,5.156555772994129,5.712092130518235,2.94,5.88,2013.4300537109375
2015-10-09,16.418,NA,3.31,NA,44375.62109375,54.97999954223633,NA,17.08,49.67,0.13,2.6953,146.2,NA,NA,5.080724070450097,3.4510556621881,2.97,5.91,2014.8900146484375
2015-10-10,NA,NA,NA,NA,NA,NA,NA,NA,NA,0.13,2.6953,NA,NA,NA,5.308219178082192,0,3.01,5.943,NA
2015-10-11,NA,NA,NA,NA,NA,NA,NA,NA,NA,0.13,2.6953,NA,NA,NA,5.308219178082192,0,NA,NA,NA
2015-10-12,16.4219,NA,3.3025,NA,44314.25,54.65999984741211,NA,16.17,47.09,0.13,2.6953,146.2,NA,NA,4.474070450097847,0,2.95,5.93,2017.4599609375
2015-10-13,16.5848,3,3.305,NA,44318.19140625,54.16999816894531,NA,17.67,46.7,0.13,2.80528,157.46,NA,NA,4.019080234833659,0,2.96,5.93,2003.68994140625
2015-10-14,16.5804,NA,3.3,NA,44064.4296875,54.38999938964844,NA,18.03,46.63,0.13,2.82914,158.86,NA,NA,5.535714285714286,3.9270633397312866,2.96,5.885,1994.239990234375
2015-10-15,16.425,NA,3.3,NA,44087.58984375,54.869998931884766,NA,16.05,46.38,0.13,2.72839,150.17,NA,NA,6.2181996086105675,2.975047984644914,2.97,5.86,2023.8599853515625
2015-10-16,16.3959,NA,3.308,NA,44364.16015625,55.150001525878906,NA,15.05,47.3,0.13,2.6933,149.15,NA,NA,5.384050880626223,0,2.98,5.85,2033.1099853515625
2015-10-17,NA,NA,NA,NA,NA,NA,NA,NA,NA,0.13,2.6933,NA,NA,NA,5.156555772994129,0,3.02,5.876,NA
2015-10-18,NA,NA,NA,NA,NA,NA,NA,NA,NA,0.13,2.6933,NA,NA,NA,3.48825831702544,0,3.02,5.876,NA
2015-10-19,16.4899,NA,3.31,NA,44523.01171875,54.95000076293945,NA,14.98,45.91,0.13,2.74247,150.61,NA,NA,5.459882583170254,2.8560460652591173,2.98,5.841,2033.6600341796875
2015-10-20,16.5618,3.04,3.3,NA,44653.859375,54.880001068115234,NA,15.75,45.84,0.13,2.77783,155.07,NA,NA,5.459882583170254,3.689059500959693,3,5.872,2030.77001953125
2015-10-21,16.66,NA,3.3,NA,44426.0703125,54.34000015258789,NA,16.7,45.22,0.13,2.8607,156.96,NA,NA,4.777397260273973,2.975047984644914,3.01,5.859,2018.93994140625
2015-10-22,16.5284,NA,3.2925,NA,44627.96875,55.22999954223633,NA,14.45,44.9,0.12,2.8418,151.81,NA,NA,3.8674168297455966,3.332053742802304,3.02,5.83,2052.510009765625
2015-10-23,16.5138,NA,3.29,NA,45010.23828125,55.099998474121094,NA,14.46,43.91,0.12,2.74691,146.24,NA,NA,4.929060665362035,3.4510556621881,3,5.87,2075.14990234375
2015-10-24,NA,NA,NA,NA,NA,NA,NA,NA,NA,0.12,2.74691,NA,NA,NA,6.142367906066536,0,3.03,5.9,NA
2015-10-25,NA,NA,NA,NA,NA,NA,NA,NA,NA,0.12,2.74691,NA,NA,NA,4.019080234833659,0,NA,NA,NA
2015-10-26,16.4998,NA,3.29,NA,45036.51953125,55.369998931884766,NA,15.29,43.19,0.12,2.73164,145.19,NA,NA,5.384050880626223,2.975047984644914,3.01,5.85,2071.179931640625
2015-10-27,16.5545,3.05,3.3037,NA,44698.01171875,54.93000030517578,NA,15.43,43.21,0.12,2.80147,147.64,NA,NA,5.990704500978473,2.975047984644914,3.02,5.86,2065.889892578125
2015-10-28,16.4503,NA,3.3,NA,44741.6796875,54.66999816894531,NA,14.33,45.93,0.12,2.73109,147.24,NA,NA,6.369863013698629,0,3.04,5.89,2090.35009765625
2015-10-29,16.6219,NA,3.3,NA,44634.80859375,54.400001525878906,NA,14.61,46.02,0.12,2.7161,151.18,NA,NA,6.369863013698629,2.4990403071017275,3.01,5.981,2089.409912109375
2015-10-30,16.5244,NA,3.3025,NA,44542.76171875,54.720001220703125,NA,15.07,46.6,0.07,2.75291,150.62,NA,NA,3.5640900195694716,2.8560460652591173,3.04,5.99,2079.360107421875
2015-10-31,NA,NA,NA,NA,NA,NA,NA,NA,NA,0.07,2.75291,NA,NA,NA,3.943248532289628,0,3.08,6.021,NA
2015-11-01,NA,NA,NA,6.18,NA,NA,NA,NA,NA,0.07,2.75291,NA,6,2,4.384712305753885,0,NA,NA,NA
2015-11-02,NA,NA,NA,NA,NA,55.2599983215332,NA,14.15,46.12,0.12,2.69213,144.75,NA,NA,4.989500209995801,2.976190476190476,3.07,NA,2104.050048828125
2015-11-03,16.4196,3.03,3.3,NA,45354.58984375,56.11000061035156,NA,14.54,47.88,0.12,2.59873,142.29,NA,NA,5.443091138177237,2.976190476190476,3.01,6.02,2109.7900390625
2015-11-04,16.5147,NA,3.3005,NA,45373.171875,55.70000076293945,NA,15.51,46.32,0.12,2.61462,140.34,NA,NA,6.5014699706005885,2.738095238095238,3.01,6.02,2102.31005859375
2015-11-05,16.5959,NA,3.3025,NA,45195.6484375,55.150001525878906,NA,15.05,45.27,0.12,2.62208,143.75,NA,NA,5.594288114237716,3.571428571428571,2.99,6.01,2099.929931640625
2015-11-06,16.8382,NA,3.3025,NA,45243.8515625,54.529998779296875,NA,14.33,44.32,0.12,2.63457,147.32,NA,NA,6.047879042419152,3.571428571428571,3.01,6.07,2099.199951171875
2015-11-07,NA,NA,NA,NA,NA,NA,NA,NA,NA,0.12,2.63457,NA,NA,NA,6.7282654346913064,0,3.05,6.1,NA
2015-11-08,NA,NA,NA,NA,NA,NA,NA,NA,NA,0.12,2.63457,NA,NA,NA,5.443091138177237,2.976190476190476,NA,NA,NA
2015-11-09,16.87,NA,3.3099,NA,44479.23046875,53.56999969482422,NA,16.52,43.87,0.12,2.67585,152.16,NA,NA,5.896682066358673,0,3,6.111,2078.580078125
2015-11-10,16.7658,3,3.315,NA,44359.890625,53.70000076293945,NA,15.29,44.23,0.12,2.73095,147.32,NA,NA,5.745485090298194,4.642857142857142,2.97,6.1,2081.719970703125
2015-11-11,16.7173,NA,3.31,NA,44347.91015625,53.900001525878906,NA,16.06,42.95,0.12,2.73095,149.15,NA,NA,6.652666946661067,3.095238095238095,2.97,6.14,2075
2015-11-12,16.7406,NA,3.32,NA,44120.51953125,53.40999984741211,NA,18.37,41.74,0.12,2.76153,154.59,NA,NA,5.972280554388912,3.095238095238095,2.95,6.115,2045.969970703125
2015-11-13,16.7395,NA,3.326,NA,43617.73046875,52.9900016784668,NA,20.08,40.69,0.12,2.83255,158.94,NA,NA,7.55984880302394,3.214285714285714,2.96,6.09,2023.0400390625
2015-11-14,NA,NA,NA,NA,NA,NA,NA,NA,NA,0.12,2.83255,NA,NA,NA,5.140697186056279,2.8571428571428568,3,6.11,NA
2015-11-15,NA,NA,NA,NA,NA,NA,NA,NA,NA,0.12,2.83255,NA,NA,NA,6.577068458630828,0,NA,NA,NA
2015-11-16,NA,NA,NA,NA,NA,53.540000915527344,NA,18.16,41.68,0.13,2.81055,151.11,NA,NA,6.7282654346913064,0,3.01,6.119,2053.18994140625
2015-11-17,16.757,3,3.3225,NA,44184.6484375,53.540000915527344,NA,18.84,40.73,0.13,2.82248,151.91,NA,NA,6.199076018479631,3.333333333333333,3,6.062,2050.43994140625
2015-11-18,16.7636,NA,3.3318,NA,44505.58984375,54.060001373291016,NA,16.85,40.75,0.12,2.83115,149.45,NA,NA,6.7282654346913064,3.6904761904761902,2.98,6.06,2083.580078125
2015-11-19,16.5748,NA,3.3225,NA,44620.6015625,54.880001068115234,NA,16.99,40.55,0.12,2.80771,150.12,NA,NA,5.669886602267955,2.142857142857143,2.97,6.04,2081.239990234375
2015-11-20,16.512,NA,3.3325,NA,44895.01953125,55.5,NA,15.47,39.39,0.12,2.77782,147.69,NA,NA,5.0650986980260395,3.214285714285714,2.97,6.02,2089.169921875
2015-11-21,NA,NA,NA,NA,NA,NA,NA,NA,NA,0.12,2.77782,NA,NA,NA,6.577068458630828,0,3.01,6.05,NA
2015-11-22,NA,NA,NA,NA,NA,NA,NA,NA,NA,0.12,2.77782,NA,NA,NA,6.425871482570349,0,3.01,6.05,NA
2015-11-23,16.5306,NA,3.326,NA,44779.140625,55.20000076293945,NA,15.62,39.27,0.12,2.77032,149.66,NA,NA,5.216295674086519,0,3.01,6.011,2086.590087890625
2015-11-24,16.4705,3.03,3.33,NA,44576.23046875,55.130001068115234,NA,15.93,40.89,0.12,2.74768,149.16,NA,NA,6.652666946661067,2.738095238095238,2.97,6.16,2089.139892578125
2015-11-25,16.5548,NA,3.323,NA,44138.75,54.66999816894531,NA,15.19,41.22,0.12,2.77194,151.14,NA,NA,7.181856362872743,4.285714285714286,3.02,6.22,2088.8701171875
2015-11-26,16.5492,NA,3.315,NA,44374.51953125,NA,NA,NA,NA,0.12,2.77194,151.14,NA,NA,5.972280554388912,2.5,2.97,6.22,NA
2015-11-27,16.5784,NA,3.3175,NA,44247.98046875,54.2599983215332,NA,15.12,40.57,0.12,2.77937,151.14,NA,NA,6.577068458630828,2.380952380952381,3.01,6.22,2090.110107421875
2015-11-28,NA,NA,NA,NA,NA,NA,NA,NA,NA,0.12,2.77937,NA,NA,NA,6.955060898782024,0,3.05,6.24,NA
2015-11-29,NA,NA,NA,NA,NA,NA,NA,NA,NA,0.12,2.77937,NA,NA,NA,5.0650986980260395,0,NA,NA,NA
2015-11-30,16.5856,NA,3.3116,NA,43418.55078125,53.59000015258789,NA,16.13,40.43,0.08,2.80206,153.11,NA,NA,4.309113817723646,0,3.05,6.2,2080.409912109375
2015-12-01,16.5104,3.11,3.325,NA,43984.8984375,54.400001525878906,NA,14.67,40.58,0.13,2.87478,149.15,7,1,6.011080332409973,2.198581560283688,3.1,6.18,2102.6298828125
2015-12-02,16.5933,NA,3.3358,NA,43417.05078125,53.43000030517578,NA,15.91,39.93,0.13,2.8743,151.68,NA,NA,6.161357340720222,3.078014184397163,3.08,6.18,2079.510009765625
2015-12-03,16.7095,NA,3.34,NA,43027.30078125,52.5099983215332,NA,18.11,41.08,0.13,2.88227,159.09,NA,NA,5.109418282548477,2.198581560283688,3.14,6.3,2049.6201171875
2015-12-04,16.6757,NA,3.33,NA,42994.23046875,52.79999923706055,NA,14.81,40,0.13,2.92315,157.75,NA,NA,5.109418282548477,2.198581560283688,3.07,6.26,2091.68994140625
2015-12-05,NA,NA,NA,NA,NA,NA,NA,NA,NA,0.13,2.92315,NA,NA,NA,5.259695290858726,0,3.11,6.28,NA
2015-12-06,NA,NA,NA,NA,NA,NA,NA,NA,NA,0.13,2.92315,NA,NA,NA,6.161357340720222,0,NA,NA,NA
2015-12-07,16.9044,NA,3.34,NA,42655.23828125,51.68000030517578,NA,15.84,37.64,0.13,3.01058,165.86,NA,NA,6.762465373961219,2.4184397163120566,3.1,6.26,2077.070068359375
2015-12-08,17.0164,3.2,3.35,NA,42236.73828125,50.81999969482422,NA,17.6,37.46,0.13,3.08699,167.83,NA,NA,6.762465373961219,1.978723404255319,3.18,6.31,2063.590087890625
2015-12-09,17.016,NA,3.36,NA,42398.05859375,50.849998474121094,NA,19.61,37.16,0.14,3.07056,168.34,NA,NA,5.409972299168976,2.858156028368794,3.17,6.28,2047.6199951171875
2015-12-10,17.075,NA,3.3525,NA,42447.76953125,50.5,NA,19.34,36.76,0.14,3.11766,174.74,NA,NA,6.912742382271468,0,3.21,6.35,2052.22998046875
2015-12-11,17.3592,NA,3.3555,NA,42000.62890625,49.279998779296875,NA,24.39,35.65,0.14,3.31985,186.38,NA,NA,7.3635734072022165,3.5177304964539005,3.21,6.4,2012.3699951171875
2015-12-12,NA,NA,NA,NA,NA,NA,NA,NA,NA,0.14,3.31985,NA,NA,NA,8.86634349030471,0,3.25,6.42,NA
2015-12-13,NA,NA,NA,NA,NA,NA,NA,NA,NA,0.14,3.31985,NA,NA,NA,6.61218836565097,0,NA,NA,NA
2015-12-14,17.3776,NA,3.34,NA,41901.9609375,49.5,NA,22.73,36.31,0.15,3.29296,182.06,NA,NA,8.86634349030471,2.4184397163120566,3.24,6.38,2021.93994140625
2015-12-15,17.1529,3.2,3.3621,NA,42905.19921875,51.130001068115234,NA,20.95,37.32,0.15,3.14342,170.24,NA,NA,9.467451523545707,0,3.19,6.32,2043.4100341796875
2015-12-16,17.136,NA,3.3825,NA,43429.71875,52.13999938964844,NA,17.86,35.55,0.15,3.12638,166.82,NA,NA,7.513850415512466,2.6382978723404253,3.17,6.26,2073.070068359375
2015-12-17,17.1,NA,3.425,NA,43503.51953125,52.119998931884766,NA,18.94,34.98,0.37,3.12645,167.78,NA,NA,9.467451523545707,0,3.24,6.18,2041.8900146484375
2015-12-18,17.0139,NA,3.4715,NA,42936.62890625,51.310001373291016,NA,20.7,34.72,0.37,3.21379,173.18,NA,NA,8.114958448753463,0,3.23,6.17,2005.550048828125
2015-12-19,NA,NA,NA,NA,NA,NA,NA,NA,NA,0.37,3.21379,NA,NA,NA,9.467451523545707,3.078014184397163,3.27,6.19,NA
2015-12-20,NA,NA,NA,NA,NA,NA,NA,NA,NA,0.37,3.21379,NA,NA,NA,6.46191135734072,0,NA,NA,NA
2015-12-21,17.1034,NA,3.5042,NA,43160.609375,50.90999984741211,NA,18.7,34.55,0.36,3.23651,175.17,NA,NA,8.114958448753463,0,3.24,6.14,2021.1500244140625
2015-12-22,17.1847,3.15,3.53,NA,43328.71875,51.08000183105469,NA,16.6,36.12,0.36,3.20017,172.69,NA,NA,8.114958448753463,0,3.12,6.2,2038.969970703125
2015-12-23,17.1953,NA,3.5316,NA,43579.671875,51.16999816894531,NA,15.57,36.76,0.36,3.1694,167.28,NA,NA,5.560249307479225,0,3.09,6.21,2064.2900390625
2015-12-24,17.276,NA,3.535,NA,43528.26953125,50.939998626708984,NA,15.74,37.62,0.36,3.18804,167.29,NA,NA,5.409972299168976,0,3.19,6.21,2060.989990234375
2015-12-25,NA,NA,NA,NA,NA,NA,NA,NA,NA,0.36,3.18804,167.29,NA,NA,6.161357340720222,0,3.21,NA,NA
2015-12-26,NA,NA,NA,NA,NA,NA,NA,NA,NA,0.36,3.18804,NA,NA,NA,5.860803324099724,0,3.21,NA,NA
2015-12-27,NA,NA,NA,NA,NA,NA,NA,NA,NA,0.36,3.18804,NA,NA,NA,5.109418282548477,0,NA,NA,NA
2015-12-28,17.271,NA,3.5505,NA,43396.16015625,50.86000061035156,NA,16.91,36.36,0.36,3.19768,167.8,NA,NA,8.56578947368421,0,3.11,6.21,2056.5
2015-12-29,17.2065,3.05,3.5525,NA,43391.78125,50.540000915527344,NA,16.08,37.88,0.36,3.08981,167.29,NA,NA,7.664127423822715,2.4184397163120566,2.94,6.23,2078.360107421875
2015-12-30,17.3398,NA,3.5475,NA,43012.37109375,49.75,NA,17.29,36.59,0.35,3.10722,167.3,NA,NA,6.61218836565097,0,2.98,6.28,2063.360107421875
2015-12-31,17.2487,NA,3.555,NA,42977.5,49.83000183105469,NA,18.21,37.13,0.2,3.1497,169.3,NA,NA,7.964681440443214,0,3.01,6.25,2043.93994140625
2016-01-01,NA,NA,NA,6.23,NA,NA,NA,NA,NA,0.2,3.1497,169.3,8,2,3.779047619047619,0,3.03,6.27,NA
2016-01-02,NA,NA,NA,NA,NA,NA,NA,NA,NA,0.2,3.1497,NA,NA,NA,4.093968253968254,0,3.03,NA,NA
2016-01-03,NA,NA,NA,NA,NA,NA,NA,NA,NA,0.2,3.1497,NA,NA,NA,5.668571428571429,0,NA,NA,NA
2016-01-04,17.3529,NA,3.5575,NA,42113.69921875,49.06999969482422,NA,20.7,36.81,0.36,3.1778,172.65,NA,NA,5.511111111111111,3.983935742971887,3.15,6.2,2012.6600341796875
2016-01-05,17.3456,3.05,3.554,NA,42041.6796875,48.91999816894531,NA,19.34,35.97,0.36,3.09393,169.25,NA,NA,6.298412698412699,0,3.04,6.21,2016.7099609375
2016-01-06,17.4411,NA,3.56,NA,41691.19140625,47.91999816894531,NA,20.59,33.97,0.36,3.16891,175.07,NA,NA,2.361904761904762,3.485943775100401,3.06,6.2,1990.260009765625
2016-01-07,17.6568,NA,3.56,NA,40661.5703125,46.04999923706055,NA,24.99,33.29,0.36,3.2678,181.49,NA,NA,9.132698412698414,3.485943775100401,3.04,6.22,1943.0899658203125
2016-01-08,17.9283,NA,3.5545,NA,40265.37109375,45.369998931884766,NA,27.01,33.2,0.36,3.37351,185.42,NA,NA,15.746031746031747,2.987951807228915,2.98,6.18,1922.030029296875
2016-01-09,NA,NA,NA,NA,NA,NA,NA,NA,NA,0.36,3.37351,NA,NA,NA,14.171428571428573,3.236947791164658,3.02,6.2,NA
2016-01-10,NA,NA,NA,NA,NA,NA,NA,NA,NA,0.36,3.37351,NA,NA,NA,8.345396825396826,0,3.02,6.2,NA
2016-01-11,17.9304,NA,3.5539,NA,40706.890625,46.0099983215332,NA,24.3,31.42,0.36,3.37915,187.91,NA,NA,9.132698412698414,0,3.07,6.2,1923.6700439453125
2016-01-12,17.9119,3.05,3.5505,NA,41022.73828125,46.29999923706055,NA,22.47,30.42,0.36,3.46816,186.85,NA,NA,8.187936507936508,4.23293172690763,3.04,6.16,1938.6800537109375
2016-01-13,17.85,NA,3.5579,NA,41008.78125,46.0099983215332,NA,25.22,30.42,0.36,3.59506,192.22,NA,NA,7.558095238095238,3.734939759036144,3.2,6.13,1890.280029296875
2016-01-14,17.9121,NA,3.5543,NA,41352.75,46.459999084472656,NA,23.95,31.22,0.36,3.57594,188.25,NA,NA,8.030476190476191,5.228915662650602,3,6.14,1921.8399658203125
2016-01-15,18.2108,NA,3.5547,NA,40847.69921875,44.790000915527344,NA,27.02,29.45,0.36,3.80282,204.7,NA,NA,7.558095238095238,0,3.15,6.22,1880.3299560546875
2016-01-16,NA,NA,NA,NA,NA,NA,NA,NA,NA,0.36,3.80282,NA,NA,NA,5.353650793650794,0,3.19,6.24,NA
2016-01-17,NA,NA,NA,NA,NA,NA,NA,NA,NA,0.36,3.80282,NA,NA,NA,5.826031746031746,0,NA,NA,NA
2016-01-18,18.2327,NA,3.5598,NA,40604.7890625,NA,NA,NA,NA,0.36,3.80282,204.78,NA,NA,6.613333333333333,3.236947791164658,3.01,6.23,NA
2016-01-19,18.1947,3.09,3.5551,NA,40809.25,44.91999816894531,NA,26.05,28.47,0.36,3.80072,209.86,NA,NA,7.7155555555555555,3.734939759036144,3.06,6.21,1881.3299560546875
2016-01-20,18.608,NA,3.554,NA,40844.41015625,44.349998474121094,NA,27.59,26.68,0.37,3.95295,211.53,NA,NA,7.400634920634921,2.489959839357429,3.09,6.19,1859.3299560546875
2016-01-21,18.5084,NA,3.56,NA,41166.87890625,44.13999938964844,NA,26.69,29.55,0.37,3.80126,203.85,NA,NA,10.864761904761906,0,3.09,6.23,1868.989990234375
2016-01-22,18.428,NA,3.5545,NA,41621.30859375,45.4900016784668,NA,22.34,32.07,0.38,3.63234,193.71,NA,NA,14.013968253968255,3.983935742971887,3.06,6.2,1906.9000244140625
2016-01-23,NA,NA,NA,NA,NA,NA,NA,NA,NA,0.38,3.63234,NA,NA,NA,8.817777777777778,0,3.1,6.23,NA
2016-01-24,NA,NA,NA,NA,NA,NA,NA,NA,NA,0.38,3.63234,NA,NA,NA,7.558095238095238,0,NA,NA,NA
2016-01-25,18.5352,NA,3.56,NA,41476.3515625,44.619998931884766,NA,24.15,30.31,0.38,3.64154,205.83,NA,NA,8.660317460317462,2.240963855421686,3.23,6.23,1877.0799560546875
2016-01-26,18.4715,3.14,3.561,NA,41932.390625,45.720001220703125,NA,22.5,29.54,0.38,3.62275,199.97,NA,NA,8.975238095238096,4.23293172690763,3.12,6.21,1903.6300048828125
2016-01-27,18.453,NA,3.56,NA,42109.890625,45.630001068115234,NA,23.11,32.32,0.38,3.53467,198.59,NA,NA,6.770793650793651,4.23293172690763,3.12,6.18,1882.949951171875
2016-01-28,18.2906,NA,3.5551,NA,42393.01953125,46.4900016784668,NA,22.42,33.21,0.38,3.56882,193.1,NA,NA,7.558095238095238,2.987951807228915,3.19,6.12,1893.3599853515625
2016-01-29,18.1935,NA,3.557,NA,43630.76953125,48.38999938964844,NA,20.2,33.66,0.29,3.61633,193.51,NA,NA,10.234920634920636,4.481927710843372,3.12,6.02,1940.239990234375
2016-01-30,NA,NA,NA,NA,NA,NA,NA,NA,NA,0.29,3.61633,NA,NA,NA,10.392380952380952,0,3.16,6.04,NA
2016-01-31,NA,NA,NA,NA,NA,NA,NA,NA,NA,0.29,3.61633,NA,NA,NA,5.668571428571429,0,NA,NA,NA
2016-02-01,NA,NA,NA,6.07,NA,48.119998931884766,NA,19.98,31.62,0.38,3.64514,194.19,5,2,7.733333333333333,0,3.23,NA,1939.3800048828125
2016-02-02,18.4902,3.16,3.555,NA,43092.48828125,46.72999954223633,NA,21.98,29.9,0.38,3.77837,204.81,NA,NA,6.831111111111111,1.6893203883495145,3.15,5.88,1903.030029296875
2016-02-03,18.4537,NA,3.5588,NA,43257.5390625,47.81999969482422,NA,21.65,32.29,0.38,3.73756,197.87,NA,NA,5.928888888888888,2.440129449838188,3.11,5.96,1912.530029296875
2016-02-04,18.1891,NA,3.56,NA,43751.9296875,48.29999923706055,NA,21.84,31.63,0.38,3.69783,197.54,NA,NA,5.8,1.8770226537216828,3.19,5.99,1915.449951171875
2016-02-05,18.3748,NA,3.5616,NA,43229.671875,47.11000061035156,NA,23.38,30.86,0.38,3.65519,200.06,NA,NA,4.124444444444444,3.7540453074433655,3.21,6.06,1880.050048828125
2016-02-06,NA,NA,NA,NA,NA,NA,NA,NA,NA,0.38,3.65519,NA,NA,NA,3.48,0,3.23,6.07,NA
2016-02-07,NA,NA,NA,NA,NA,NA,NA,NA,NA,0.38,3.65519,NA,NA,NA,3.0933333333333333,2.440129449838188,NA,NA,NA
2016-02-08,18.6959,NA,3.558,NA,42774.8515625,46.119998931884766,NA,26,29.71,0.38,3.89005,211.97,NA,NA,3.2222222222222223,2.815533980582524,3.21,6.07,1853.43994140625
2016-02-09,18.7818,3.2,3.5598,NA,42399.19140625,45.33000183105469,NA,26.54,27.96,0.38,3.90674,216.87,NA,NA,6.444444444444445,3.941747572815534,3.18,6.12,1852.2099609375
2016-02-10,18.8089,NA,3.5541,NA,42535.73828125,45.349998474121094,NA,26.29,27.54,0.38,3.90234,219.92,NA,NA,6.315555555555555,2.440129449838188,3.2,6.04,1851.8599853515625
2016-02-11,19.1754,NA,3.555,NA,42359.26171875,44.150001525878906,NA,28.14,26.19,0.38,4.02407,229.46,NA,NA,4.3822222222222225,2.627831715210356,3.24,6.1,1829.0799560546875
2016-02-12,19.0392,NA,3.5476,NA,42416.44140625,45.189998626708984,NA,25.4,29.32,0.38,3.86599,219.29,NA,NA,5.928888888888888,0,3.25,6.07,1864.780029296875
2016-02-13,NA,NA,NA,NA,NA,NA,NA,NA,NA,0.38,3.86599,NA,NA,NA,3.7377777777777776,2.2524271844660193,3.27,6.09,NA
2016-02-14,NA,NA,NA,NA,NA,NA,NA,NA,NA,0.38,3.86599,NA,NA,NA,3.351111111111111,0,3.27,6.09,NA
2016-02-15,18.8471,NA,3.5483,NA,43205.91015625,NA,NA,NA,NA,0.38,3.86599,219.22,NA,NA,5.8,3.190938511326861,3.11,6.04,NA
2016-02-16,18.8148,3.23,3.5543,NA,43100.3203125,46.0099983215332,NA,24.11,29.05,0.38,3.81109,212.43,NA,NA,4.768888888888889,1.8770226537216828,3.28,6.07,1895.5799560546875
2016-02-17,18.3895,NA,4.035,NA,43585.23046875,47.7599983215332,NA,22.31,30.68,0.37,3.63706,200.62,NA,NA,5.413333333333333,1.8770226537216828,3.69,6.07,1926.8199462890625
2016-02-18,18.1439,NA,4.0303,NA,43516.66015625,47.849998474121094,NA,21.64,30.77,0.38,3.64887,203.23,NA,NA,6.1866666666666665,3.0032362459546924,3.75,6.06,1917.8299560546875
2016-02-19,18.2762,NA,4.035,NA,43375.30859375,47.810001373291016,NA,20.53,29.59,0.38,3.63765,198.39,NA,NA,5.155555555555555,2.440129449838188,3.74,6.1,1917.780029296875
2016-02-20,NA,NA,NA,NA,NA,NA,NA,NA,NA,0.38,3.63765,NA,NA,NA,3.608888888888889,0,3.76,6.12,NA
2016-02-21,NA,NA,NA,NA,NA,NA,NA,NA,NA,0.38,3.63765,NA,NA,NA,4.124444444444444,0,NA,NA,NA
2016-02-22,18.0568,NA,4.0316,NA,43546.71875,48.63999938964844,NA,19.38,31.37,0.38,3.60177,193.24,NA,NA,3.8666666666666667,3.7540453074433655,3.69,6.08,1945.5
2016-02-23,18.1948,3.85,4.0507,NA,43216.578125,47.72999954223633,NA,20.98,31.84,0.38,3.63229,195.89,NA,NA,5.8,2.064724919093851,3.83,6.13,1921.27001953125
2016-02-24,18.2893,NA,4.0547,NA,42744.91015625,47.810001373291016,NA,20.72,30.35,0.38,3.58524,193.82,NA,NA,3.8666666666666667,2.440129449838188,3.84,6.07,1929.800048828125
2016-02-25,18.168,NA,4.0555,NA,43434.55078125,48.349998474121094,NA,19.11,31.4,0.37,3.59681,193.39,NA,NA,4.124444444444444,2.440129449838188,3.82,6.05,1951.699951171875
2016-02-26,18.1706,NA,4.0501,NA,43473.37109375,47.849998474121094,NA,19.81,31.65,0.37,3.51575,196.09,NA,NA,3.2222222222222223,0,3.81,6.11,1948.050048828125
2016-02-27,NA,NA,NA,NA,NA,NA,NA,NA,NA,0.37,3.51575,NA,NA,NA,4.124444444444444,2.064724919093851,3.83,6.13,NA
2016-02-28,NA,NA,NA,NA,NA,NA,NA,NA,NA,0.37,3.51575,NA,NA,NA,2.964444444444444,0,NA,NA,NA
2016-02-29,18.102,NA,4.0594,NA,43714.9296875,48.47999954223633,NA,20.55,32.74,0.29,3.53292,195.45,NA,NA,11.6,6.569579288025889,3.85,6.09,1932.22998046875
2016-03-01,17.9432,3.88,4.0577,6.03,44214.5,49.900001525878906,NA,17.7,34.39,0.36,3.36485,183.8,4,2,3.8153846153846156,3.9663299663299667,3.86,6.12,1978.3499755859375
2016-03-02,17.8561,NA,4.06,NA,44615.75,50.650001525878906,NA,17.09,34.57,0.37,3.36135,181.84,NA,NA,5.0673076923076925,4.070707070707071,3.82,6.15,1986.449951171875
2016-03-03,17.8971,NA,4.0601,NA,44742.21875,50.43000030517578,NA,16.7,34.56,0.37,3.32566,175.44,NA,NA,4.173076923076923,4.488215488215489,3.84,6.16,1993.4000244140625
2016-03-04,17.7723,NA,4.064,NA,44849.01953125,50.9900016784668,NA,16.86,35.91,0.36,3.25277,172.3,NA,NA,4.173076923076923,3.1313131313131315,3.8,6.12,1999.989990234375
2016-03-05,NA,NA,NA,NA,NA,NA,NA,NA,NA,0.36,3.25277,NA,NA,NA,3.576923076923077,3.1313131313131315,3.82,6.13,NA
2016-03-06,NA,NA,NA,NA,NA,NA,NA,NA,NA,0.36,3.25277,NA,NA,NA,2.980769230769231,3.3400673400673404,NA,NA,NA
2016-03-07,17.7526,NA,4.0625,NA,44967.16015625,51.369998931884766,NA,17.35,37.9,0.36,3.24636,172.56,NA,NA,4.471153846153847,3.5488215488215493,3.81,6.11,2001.760009765625
2016-03-08,17.9044,3.78,4.0606,NA,44504.2890625,50.09000015258789,NA,18.67,36.67,0.36,3.28891,177.52,NA,NA,3.875,2.922558922558923,3.76,6.14,1979.260009765625
2016-03-09,17.7523,NA,4.0601,NA,44492.5,50.689998626708984,NA,18.34,37.62,0.36,3.21248,170.59,NA,NA,3.5173076923076927,5.114478114478115,3.79,6.16,1989.260009765625
2016-03-10,17.8601,NA,4.0606,NA,44337.0390625,50.380001068115234,NA,18.05,37.77,0.36,3.15564,168.66,NA,NA,4.411538461538462,3.5488215488215493,3.77,6.16,1989.5699462890625
2016-03-11,17.7002,NA,4.0613,NA,44617.73828125,51.27000045776367,NA,16.5,38.51,0.36,3.06866,160.83,NA,NA,4.65,4.175084175084176,3.81,6.17,2022.18994140625
2016-03-12,NA,NA,NA,NA,NA,NA,NA,NA,NA,0.36,3.06866,NA,NA,NA,4.530769230769231,0,3.83,6.19,NA
2016-03-13,NA,NA,NA,NA,NA,NA,NA,NA,NA,0.36,3.06866,NA,NA,NA,2.3846153846153846,0,NA,NA,NA
2016-03-14,17.7691,NA,4.0625,NA,44691.80078125,50.88999938964844,NA,16.92,37.2,0.36,3.07461,159.78,NA,NA,3.0403846153846157,2.8181818181818183,3.77,6.03,2019.6400146484375
2016-03-15,17.926,3.8,4.0645,NA,44210.44140625,50.060001373291016,NA,16.84,36.32,0.37,3.13706,167.65,NA,NA,5.305769230769231,0,3.78,6.19,2015.9300537109375
2016-03-16,17.9308,NA,4.0647,NA,44751.3984375,51.40999984741211,NA,14.99,38.43,0.37,3.13442,158.89,NA,NA,4.351923076923077,3.235690235690236,3.79,6.12,2027.219970703125
2016-03-17,17.4034,NA,4.0648,NA,45435.08984375,52.869998931884766,NA,14.44,40.17,0.37,3.01198,148.1,NA,NA,4.769230769230769,2.922558922558923,3.77,5.96,2040.5899658203125
2016-03-18,17.2995,3.78,4.066,NA,45482.390625,52.9900016784668,NA,14.02,39.47,0.37,2.9572600000000002,144.41,NA,NA,5.723076923076923,3.235690235690236,3.79,5.97,2049.580078125
2016-03-19,NA,NA,NA,NA,NA,NA,NA,NA,NA,0.37,2.9572600000000002,NA,NA,NA,5.305769230769231,0,3.81,5.99,NA
2016-03-20,NA,NA,NA,NA,NA,NA,NA,NA,NA,0.37,2.9572600000000002,NA,NA,NA,4.053846153846154,0,NA,NA,NA
2016-03-21,NA,NA,NA,NA,NA,53.0099983215332,NA,13.79,39.91,0.37,2.89999,156.78,NA,NA,2.8615384615384616,0,3.82,NA,2051.60009765625
2016-03-22,17.3361,NA,4.065,NA,45632.28125,53.18000030517578,NA,14.17,41.45,0.37,2.88727,156.72,NA,NA,4.828846153846154,2.922558922558923,3.79,6.03,2049.800048828125
2016-03-23,17.5273,NA,4.0674,NA,45647.5703125,52.470001220703125,NA,14.94,38.28,0.37,2.99104,166.96,NA,NA,4.292307692307692,0,3.78,6.05,2036.7099609375
2016-03-24,NA,NA,NA,NA,NA,52.34000015258789,NA,14.74,38.14,0.37,3.03181,168.51,NA,NA,4.232692307692308,0,3.82,6.08,2035.93994140625
2016-03-25,NA,NA,NA,NA,NA,NA,NA,NA,NA,0.37,3.03181,168.49,NA,NA,3.755769230769231,0,3.81,NA,NA
2016-03-26,NA,NA,NA,NA,NA,NA,NA,NA,NA,0.37,3.03181,NA,NA,NA,3.576923076923077,0,NA,NA,NA
2016-03-27,NA,NA,NA,NA,NA,NA,NA,NA,NA,0.37,3.03181,NA,NA,NA,2.980769230769231,0,NA,NA,NA
2016-03-28,17.461,NA,4.065,NA,45623.48046875,52.90999984741211,NA,15.24,37.99,0.37,3.06822,165.53,NA,NA,3.875,0,3.75,6.04,2037.050048828125
2016-03-29,17.4015,3.76,4.0625,NA,45897.6484375,53.65999984741211,NA,13.82,36.91,0.37,3.14801,161.12,NA,NA,4.471153846153847,2.713804713804714,3.75,6.02,2055.010009765625
2016-03-30,17.2509,NA,4.065,NA,46191.51171875,54.119998931884766,NA,13.56,36.91,0.37,3.07882,155.31,NA,NA,0,0,3.75,5.93,2063.949951171875
2016-03-31,17.237,NA,4.065,NA,45881.078125,53.70000076293945,NA,13.95,36.94,0.25,3.07854,160.71,NA,NA,4.948076923076924,2.713804713804714,3.74,5.94,2059.739990234375
2016-04-01,17.3338,NA,4.0625,NA,46062.921875,53.68000030517578,NA,13.1,35.36,0.37,3.09376,162.25,4,2,4.034229828850856,0,3.74,5.95,2072.780029296875
2016-04-02,NA,NA,NA,NA,NA,NA,NA,NA,NA,0.37,3.09376,NA,NA,NA,4.400977995110025,0,3.76,5.97,NA
2016-04-03,NA,NA,NA,NA,NA,NA,NA,NA,NA,0.37,3.09376,NA,NA,NA,4.327628361858191,0,NA,NA,NA
2016-04-04,17.4484,NA,4.065,NA,45678.1796875,52.959999084472656,NA,14.12,34.3,0.37,3.11449,161.7,NA,NA,5.061124694376528,0,3.74,5.86,2066.1298828125
2016-04-05,17.7252,3.73,4.0653,NA,45186.01171875,51.61000061035156,NA,15.42,34.52,0.37,3.22478,172.38,NA,NA,5.134474327628363,3.389830508474576,3.71,5.88,2045.1700439453125
2016-04-06,17.7286,NA,4.0661,NA,45281.96875,52.04999923706055,NA,14.09,37.74,0.37,3.15047,166.6,NA,NA,4.621026894865526,3.389830508474576,3.72,5.9,2066.659912109375
2016-04-07,17.893,NA,4.065,NA,45052.16015625,50.95000076293945,NA,16.16,37.3,0.37,3.26318,177.22,NA,NA,3.8141809290953548,4.067796610169491,3.74,5.93,2041.9100341796875
2016-04-08,17.7391,NA,4.0624,NA,44859.48828125,51.220001220703125,NA,15.36,39.74,0.37,3.19601,174.89,NA,NA,5.061124694376528,0,3.74,5.93,2047.5999755859375
2016-04-09,NA,NA,NA,NA,NA,NA,NA,NA,NA,0.37,3.19601,NA,NA,NA,3.4474327628361863,0,3.76,5.95,NA
2016-04-10,NA,NA,NA,NA,NA,NA,NA,NA,NA,0.37,3.19601,NA,NA,NA,3.6674816625916873,0,3.76,NA,NA
2016-04-11,17.6452,NA,4.0625,NA,44760.53125,51.529998779296875,NA,16.26,40.46,0.37,3.13329,169.98,NA,NA,5.647921760391198,3.9548022598870056,3.73,5.94,2041.989990234375
2016-04-12,17.5719,3.74,4.0625,NA,45090.671875,52.56999969482422,NA,14.85,42.12,0.37,3.03211,160.74,NA,NA,3.6674816625916873,4.519774011299435,3.72,5.84,2061.719970703125
2016-04-13,17.49,NA,4.0618,NA,45411.30078125,52.90999984741211,NA,13.84,41.7,0.37,2.94883,158.02,NA,NA,4.474327628361858,4.858757062146893,3.72,5.88,2082.419921875
2016-04-14,17.388,NA,4.065,NA,45403.5390625,53.02000045776367,NA,13.72,41.45,0.37,2.86945,155.83,NA,NA,3.5941320293398533,3.1638418079096047,3.72,5.86,2082.780029296875
2016-04-15,17.5669,NA,4.065,NA,45536.51953125,52.4900016784668,NA,13.62,40.4,0.37,2.93482,159.23,NA,NA,3.3740831295843523,2.598870056497175,3.73,5.79,2080.72998046875
2016-04-16,NA,NA,NA,NA,NA,NA,NA,NA,NA,0.37,2.93482,NA,NA,NA,4.987775061124695,0,3.75,5.81,NA
2016-04-17,NA,NA,NA,NA,NA,NA,NA,NA,NA,0.37,2.93482,NA,NA,NA,1.9804400977995111,0,NA,NA,NA
2016-04-18,17.4598,NA,4.0652,NA,45022.62890625,52.40999984741211,NA,13.35,39.74,0.37,2.9186,155.59,NA,NA,4.474327628361858,2.824858757062147,3.72,5.79,2094.340087890625
2016-04-19,17.2825,3.74,4.0626,NA,45780.1796875,53.84000015258789,NA,13.24,40.88,0.37,2.81435,151.21,NA,NA,1.9070904645476774,2.937853107344633,3.71,5.81,2100.800048828125
2016-04-20,17.3078,NA,4.065,NA,45650.3515625,53.7599983215332,NA,13.28,42.72,0.37,2.691,148.5,NA,NA,3.3740831295843523,2.598870056497175,3.71,5.82,2102.39990234375
2016-04-21,17.4202,NA,4.065,NA,45556.6484375,52.95000076293945,NA,13.95,43.18,0.37,2.72537,158.79,NA,NA,4.474327628361858,3.5028248587570623,3.73,5.91,2091.47998046875
2016-04-22,17.4359,NA,4.0625,NA,45613.2109375,53.029998779296875,NA,13.22,42.76,0.37,2.78565,157.77,NA,NA,6.308068459657703,2.937853107344633,3.73,5.91,2091.580078125
2016-04-23,NA,NA,NA,NA,NA,NA,NA,NA,NA,0.37,2.78565,NA,NA,NA,4.327628361858191,0,3.75,5.93,NA
2016-04-24,NA,NA,NA,NA,NA,NA,NA,NA,NA,0.37,2.78565,NA,NA,NA,3.4474327628361863,0,NA,NA,NA
2016-04-25,17.5866,NA,4.065,NA,45581.19921875,52.529998779296875,NA,14.08,41.67,0.37,2.80443,161.22,NA,NA,4.034229828850856,5.762711864406779,3.71,5.9,2087.7900390625
2016-04-26,17.4298,3.76,4.0655,NA,45416.8984375,53.33000183105469,NA,13.96,42.52,0.37,2.78443,155.86,NA,NA,3.0073349633251834,5.084745762711864,3.76,5.87,2091.699951171875
2016-04-27,17.3993,NA,4.065,NA,45941.51953125,54.060001373291016,NA,13.77,45.29,0.37,2.78115,151.66,NA,NA,3.227383863080685,0,3.76,5.89,2095.14990234375
2016-04-28,17.2125,NA,4.065,NA,45528.9296875,53.400001525878906,NA,15.22,46.03,0.37,2.76473,155.38,NA,NA,2.640586797066015,4.406779661016949,3.75,5.83,2075.81005859375
2016-04-29,17.1767,NA,4.0655,NA,45784.76953125,54.040000915527344,NA,15.7,45.98,0.3,2.86008,161.78,NA,NA,4.474327628361858,0,3.75,5.83,2065.300048828125
2016-04-30,NA,NA,NA,NA,NA,NA,NA,NA,NA,0.3,2.86008,NA,NA,NA,3.0073349633251834,0,3.77,5.85,NA
2016-05-01,NA,NA,NA,5.91,NA,NA,NA,NA,NA,0.3,2.86008,NA,4,2,3.1418918918918917,2.7611336032388665,NA,NA,NA
2016-05-02,17.2279,NA,4.065,NA,45707.87109375,53.97999954223633,NA,14.68,44.75,0.37,2.8398,158.82,NA,NA,3.2117117117117115,3.095816464237517,3.74,5.87,2081.429931640625
2016-05-03,17.5234,3.77,4.0625,NA,45647.8203125,52.5,NA,15.6,43.65,0.37,2.91293,167.01,NA,NA,3.351351351351351,3.6815114709851553,3.75,5.87,2063.3701171875
2016-05-04,17.7358,NA,4.0633,NA,45349,51.66999816894531,NA,16.05,43.77,0.37,2.9452,168.08,NA,NA,4.677927927927928,2.7611336032388665,3.75,5.89,2051.1201171875
2016-05-05,17.7866,NA,4.0638,NA,45147.96875,51.220001220703125,NA,15.91,44.33,0.37,2.9649,168.58,NA,NA,3.77027027027027,2.7611336032388665,3.77,5.92,2050.6298828125
2016-05-06,17.9204,NA,4.065,NA,45209.8515625,51.380001068115234,NA,14.72,44.58,0.37,2.94506,162.72,NA,NA,4.049549549549549,4.518218623481781,3.78,5.9,2057.139892578125
2016-05-07,NA,NA,NA,NA,NA,NA,NA,NA,NA,0.37,2.94506,NA,NA,NA,4.8175675675675675,0,3.8,5.91,NA
2016-05-08,NA,NA,NA,NA,NA,NA,NA,NA,NA,0.37,2.94506,NA,NA,NA,2.0247747747747744,0,NA,NA,NA
2016-05-09,18.1033,NA,4.0611,NA,45250.33984375,50.43000030517578,NA,14.57,43.45,0.37,2.94138,167.53,NA,NA,4.468468468468468,0,3.76,5.86,2058.68994140625
2016-05-10,18.0205,3.77,4.0599,NA,45676.41015625,51.529998779296875,NA,13.63,44.68,0.37,2.92202,163.44,NA,NA,6.981981981981981,2.342780026990553,3.76,5.89,2084.389892578125
2016-05-11,17.9549,NA,4.0603,NA,45506.87109375,51.310001373291016,NA,14.69,46.21,0.37,2.91948,162.69,NA,NA,4.538288288288288,3.095816464237517,3.76,5.9,2064.4599609375
2016-05-12,17.9915,NA,4.0607,NA,45685.8203125,51.5,2064.11,14.41,46.64,0.37,2.91155,162.95,NA,NA,6.283783783783783,3.1794871794871793,3.77,5.88,2064.110107421875
2016-05-13,18.1562,NA,4.065,NA,45402.46875,50.61000061035156,2046.61,15.04,46.22,0.37,2.97366,166.13,NA,NA,4.468468468468468,3.430499325236167,3.75,5.91,2046.6099853515625
2016-05-14,NA,NA,NA,NA,NA,NA,NA,NA,NA,0.37,2.97366,NA,NA,NA,4.328828828828828,0,3.79,5.93,NA
2016-05-15,NA,NA,NA,NA,NA,NA,NA,NA,NA,0.37,2.97366,NA,NA,NA,3.002252252252252,0,NA,5.93,NA
2016-05-16,18.1795,NA,4.066,NA,45843.140625,50.959999084472656,2066.66,14.68,47.72,0.37,2.91659,164.93,NA,NA,4.747747747747748,2.0917678812415654,3.79,5.97,2066.659912109375
2016-05-17,18.3217,3.81,4.065,NA,45872.1796875,50.79999923706055,2047.21,15.57,48.29,0.37,2.9261,168.56,NA,NA,5.725225225225225,3.263157894736842,3.8,6.01,2047.2099609375
2016-05-18,18.3761,NA,4.065,NA,45551.19921875,50.0099983215332,2047.63,15.95,48.12,0.37,2.88585,174.44,NA,NA,5.864864864864864,2.9284750337381915,3.8,6.08,2047.6300048828125
2016-05-19,18.5465,NA,4.0812,NA,45051.26953125,49.4900016784668,2040.04,16.33,48.16,0.37,3.04094,178.3,NA,NA,4.747747747747748,2.593792172739541,3.82,6.1,2040.0400390625
2016-05-20,18.3826,NA,4.0775,NA,45155.91015625,49.959999084472656,2052.32,15.2,47.67,0.37,3.02422,173.43,NA,NA,3.77027027027027,2.593792172739541,3.88,6.09,2052.320068359375
2016-05-21,NA,NA,NA,NA,NA,NA,NA,NA,NA,0.37,3.02422,NA,NA,NA,3.6306306306306304,2.2591093117408905,3.92,6.11,NA
2016-05-22,NA,NA,NA,NA,NA,NA,NA,NA,NA,0.37,3.02422,NA,NA,NA,3.77027027027027,0,NA,NA,NA
2016-05-23,18.4444,NA,4.0936,NA,45236.16015625,49.5099983215332,2048.04,15.82,48.12,0.37,3.078,180.32,NA,NA,5.027027027027026,2.5101214574898787,3.88,6.18,2048.0400390625
2016-05-24,18.4694,3.9,4.1081,NA,45497.4609375,49.84000015258789,2076.06,14.42,48.04,0.37,3.06765,176.42,NA,NA,4.538288288288288,2.593792172739541,3.84,6.16,2076.06005859375
2016-05-25,18.452,NA,4.1125,NA,45710.94140625,50.18000030517578,2090.54,13.9,49.1,0.37,3.0454,172.46,NA,NA,3.5608108108108105,3.263157894736842,3.88,6.13,2090.5400390625
2016-05-26,18.4572,NA,4.095,NA,46039.69140625,50.52000045776367,2090.1,13.43,49,0.37,3.0474,172.46,NA,NA,3.9797297297297294,3.6815114709851553,3.83,6.07,2090.10009765625
2016-05-27,18.4527,NA,4.0975,NA,46124.1484375,50.54999923706055,2099.06,13.12,49.36,0.37,2.99859,171.01,NA,NA,3.2815315315315314,0,3.76,6.08,2099.06005859375
2016-05-28,NA,NA,NA,NA,NA,NA,NA,NA,NA,0.37,2.99859,NA,NA,NA,3.4211711711711708,0,3.78,6.1,NA
2016-05-29,NA,NA,NA,NA,NA,NA,NA,NA,NA,0.37,2.99859,NA,NA,NA,1.3963963963963963,0,NA,NA,NA
2016-05-30,18.4777,NA,4.097,NA,46017.2109375,NA,NA,NA,NA,0.37,2.99859,170.98,NA,NA,2.0945945945945943,1.1713900134952766,3.77,6.08,NA
2016-05-31,18.4118,3.8,4.1,NA,45459.44921875,49.880001068115234,2096.96,14.19,49.1,0.29,3.03773,170.49,NA,NA,1.3265765765765765,1.4224021592442644,3.78,6.12,2096.949951171875
2016-06-01,18.5299,NA,4.0958,6.08,45557.609375,49.79999923706055,2099.33,14.2,49.07,0.37,3.01816,168.56,5,2,3.5512965050732808,3.9759036144578315,3.81,6.13,2099.330078125
2016-06-02,18.6097,NA,4.0965,NA,45508.30859375,49.36000061035156,2105.26,13.63,49.14,0.37,3.00551,165.61,NA,NA,3.382187147688839,4.337349397590361,3.79,6.16,2105.260009765625
2016-06-03,18.6283,NA,4.0926,NA,45928.23046875,49.81999969482422,2099.13,13.47,48.69,0.37,3.00788,162.6,NA,NA,4.904171364148816,6.506024096385542,3.7,6.1,2099.1298828125
2016-06-04,NA,NA,NA,NA,NA,NA,NA,NA,NA,0.37,3.00788,NA,NA,NA,3.043968432919955,0,3.8,6.13,NA
2016-06-05,NA,NA,NA,NA,NA,NA,NA,NA,NA,0.37,3.00788,NA,NA,NA,3.043968432919955,0,NA,NA,NA
2016-06-06,18.5889,NA,4.0915,NA,45857.73046875,49.810001373291016,2109.41,13.65,49.71,0.37,2.95311,156.85,NA,NA,3.382187147688839,5.0602409638554215,3.87,6.15,2109.409912109375
2016-06-07,18.5067,3.78,4.0886,NA,46124.62890625,50.79999923706055,2112.13,14.05,50.37,0.37,2.92769,156.36,NA,NA,5.580608793686584,3.9759036144578315,3.77,6.06,2112.1298828125
2016-06-08,18.1491,NA,4.0925,NA,46263.83984375,51.720001220703125,2119.12,14.08,51.23,0.37,2.89814,155.37,NA,NA,3.8895152198421648,3.9759036144578315,3.75,6,2119.1201171875
2016-06-09,18.2742,NA,4.0869,NA,45662.7109375,50.689998626708984,2115.48,14.64,50.52,0.37,2.92941,161.98,NA,NA,3.7204058624577225,5.0602409638554215,3.78,5.98,2115.47998046875
2016-06-10,18.5046,NA,4.095,NA,45177.5,49.11000061035156,2096.07,17.03,49.09,0.37,3.01266,167.83,NA,NA,3.2130777903043968,2.891566265060241,3.75,6.07,2096.070068359375
2016-06-11,NA,NA,NA,NA,NA,NA,NA,NA,NA,0.37,3.01266,NA,NA,NA,3.8895152198421648,0,3.79,6.09,NA
2016-06-12,NA,NA,NA,NA,NA,NA,NA,NA,NA,0.37,3.01266,NA,NA,NA,2.1984216459977453,0,NA,NA,NA
2016-06-13,18.7915,NA,4.0986,NA,44930.25,48.2599983215332,2079.06,20.97,48.89,0.37,3.07041,172.48,NA,NA,2.874859075535513,4.698795180722891,3.79,6.07,2079.06005859375
2016-06-14,18.9814,3.83,4.11,NA,44570.58984375,47.63999938964844,2075.32,20.5,48.49,0.37,3.15625,178.32,NA,NA,5.2423900789177,0,3.79,6.15,2075.320068359375
2016-06-15,18.8672,NA,4.1037,NA,45011.21875,48.18000030517578,2071.5,20.14,47.92,0.37,3.13713,177.33,NA,NA,5.411499436302142,4.698795180722891,3.86,6.11,2071.5
2016-06-16,18.9968,NA,4.1046,NA,45225.3984375,48.349998474121094,2077.99,19.37,46.14,0.38,3.19121,174.89,NA,NA,6.08793686583991,0,3.79,6.09,2077.989990234375
2016-06-17,18.8527,NA,4.105,NA,45306.21875,48.689998626708984,2071.22,19.41,48,0.38,3.14646,174.37,NA,NA,5.0732807215332585,4.337349397590361,3.79,6.06,2071.219970703125
2016-06-18,NA,NA,NA,NA,NA,NA,NA,NA,NA,0.38,3.14646,NA,NA,NA,4.3968432919954905,0,3.81,6.1,NA
2016-06-19,NA,NA,NA,NA,NA,NA,NA,NA,NA,0.38,3.14646,NA,NA,NA,3.5512965050732808,0,NA,NA,NA
2016-06-20,18.6559,NA,4.1091,NA,45779.66015625,49.529998779296875,2083.25,18.37,49.4,0.38,3.05789,167.12,NA,NA,6.595264937993235,0,3.79,6.02,2083.25
2016-06-21,18.6444,3.76,4.11,NA,45705.421875,49.59000015258789,2088.9,18.48,48.95,0.38,3.02947,164.64,NA,NA,3.8895152198421648,0,3.74,6.07,2088.89990234375
2016-06-22,18.5325,NA,4.0995,NA,45806.16015625,49.56999969482422,2085.45,21.17,49.16,0.38,3.00659,162.68,NA,NA,3.5512965050732808,0,3.75,6.07,2085.449951171875
2016-06-23,18.3207,NA,4.0995,NA,46145.921875,50.709999084472656,2113.32,17.25,49.34,0.39,2.91856,161.73,NA,NA,3.382187147688839,3.6144578313253013,3.7,6.07,2113.320068359375
2016-06-24,18.8716,NA,4.1042,NA,44885.8203125,47.33000183105469,2037.41,25.76,46.7,0.4,3.09214,181.06,NA,NA,16.910935738444195,0,3.84,6.01,2037.4100341796875
2016-06-25,NA,NA,NA,NA,NA,NA,NA,NA,NA,0.4,3.09214,NA,NA,NA,8.455467869222097,0,3.86,6.03,NA
2016-06-26,NA,NA,NA,NA,NA,NA,NA,NA,NA,0.4,3.09214,NA,NA,NA,5.918827508455468,0,NA,NA,NA
2016-06-27,19.1283,NA,4.1185,NA,44282.03125,46.310001373291016,2000.54,23.85,45.8,0.41,3.21724,185.26,NA,NA,6.595264937993235,0,3.83,6,2000.5400390625
2016-06-28,18.9113,3.86,4.1131,NA,44714.5390625,47.65999984741211,2036.09,18.75,47.93,0.41,3.14278,174.38,NA,NA,7.271702367531003,3.253012048192771,3.84,5.95,2036.0899658203125
2016-06-29,18.555,NA,4.1116,NA,45466.37109375,49.34000015258789,2070.77,16.64,49.85,0.41,2.96595,160.23,NA,NA,5.918827508455468,0,3.84,5.86,2070.77001953125
2016-06-30,18.4646,NA,4.1138,NA,45966.48828125,50.369998931884766,2098.86,15.63,48.27,0.3,2.92813,154.34,NA,NA,5.0732807215332585,3.6144578313253013,3.86,5.87,2098.860107421875
2016-07-01,18.309,NA,4.56,NA,46213.26953125,50.5099983215332,2102.95,14.77,49.02,0.41,2.86303,152.16,4,1,3.6990920881971467,0,4.2,5.9,2102.949951171875
2016-07-02,NA,NA,NA,NA,NA,NA,NA,NA,NA,0.41,2.86303,NA,NA,NA,4.503242542153048,0,4.22,5.92,NA
2016-07-03,NA,NA,NA,NA,NA,NA,NA,NA,NA,0.41,2.86303,NA,NA,NA,5.46822308690013,0,NA,NA,NA
2016-07-04,18.3858,NA,4.5605,NA,46201.328125,NA,NA,NA,NA,0.41,2.86303,151.94,NA,NA,4.181582360570688,0,4.24,6.03,NA
2016-07-05,18.7536,4.23,4.5715,NA,45819.6015625,48.79999923706055,2088.55,15.58,46.73,0.4,2.87413,156.81,NA,NA,5.62905317769131,0,4.22,6.04,2088.550048828125
2016-07-06,18.8161,NA,4.5775,NA,45304.75,48.5,2099.73,14.96,47.37,0.4,2.87284,151.95,NA,NA,4.664072632944229,8.08695652173913,4.22,5.91,2099.72998046875
2016-07-07,18.8607,NA,4.5821,NA,45394.37109375,48.40999984741211,2097.9,14.76,45.22,0.4,2.86439,152.45,NA,NA,4.664072632944229,7.413043478260869,4.18,5.92,2097.89990234375
2016-07-08,18.5991,NA,4.576,NA,45744.2890625,49.689998626708984,2129.9,13.2,45.37,0.4,2.826,143.64,NA,NA,4.664072632944229,6.739130434782608,4.2,5.85,2129.89990234375
2016-07-09,NA,NA,NA,NA,NA,NA,NA,NA,NA,0.4,2.826,NA,NA,NA,4.664072632944229,0,4.22,5.86,NA
2016-07-10,NA,NA,NA,NA,NA,NA,NA,NA,NA,0.4,2.826,NA,NA,NA,2.8949416342412455,0,NA,NA,NA
2016-07-11,18.4597,NA,4.5758,NA,46177.609375,50.060001373291016,2137.16,13.54,44.73,0.4,2.74003,142.18,NA,NA,4.342412451361868,0,4.2,5.85,2137.159912109375
2016-07-12,18.3006,4.19,4.5806,NA,46432.69921875,50.869998931884766,2152.14,13.55,46.82,0.4,2.67323,137.01,NA,NA,4.985732814526589,0,4.18,5.91,2152.139892578125
2016-07-13,18.3937,NA,4.585,NA,46271.96875,50.52000045776367,2152.43,13.04,44.87,0.4,2.72253,135.79,NA,NA,5.30739299610895,0,4.19,5.88,2152.429931640625
2016-07-14,18.3061,NA,4.589,NA,46498.51171875,50.83000183105469,2163.75,12.82,45.64,0.4,2.68786,137.3,NA,NA,4.342412451361868,0,4.12,5.91,2163.75
2016-07-15,18.492,NA,4.59,NA,46713.4296875,50.650001525878906,2161.74,12.67,45.93,0.4,2.67364,142.21,NA,NA,3.0557717250324257,0,4.22,5.99,2161.739990234375
2016-07-16,NA,NA,NA,NA,NA,NA,NA,NA,NA,0.4,2.67364,NA,NA,NA,3.3774319066147864,0,4.24,6.01,NA
2016-07-17,NA,NA,NA,NA,NA,NA,NA,NA,NA,0.4,2.67364,NA,NA,NA,0,0,NA,NA,NA
2016-07-18,18.4879,NA,4.59,NA,46961.25,51.31999969482422,2166.89,12.44,45.23,0.4,2.69191,142.19,NA,NA,3.8599221789883273,0,4.18,5.99,2166.889892578125
2016-07-19,18.5719,4.21,4.5875,NA,47060.5703125,50.90999984741211,2163.78,11.97,44.64,0.4,2.6787,141.68,NA,NA,3.3774319066147864,0,4.18,5.98,2163.780029296875
2016-07-20,18.5729,NA,4.5908,NA,47505.25,51.16999816894531,2173.02,11.77,44.96,0.4,2.6199,138.77,NA,NA,4.664072632944229,0,4.21,5.97,2173.02001953125
2016-07-21,18.6022,NA,4.5854,NA,47364.80859375,51.060001373291016,2165.17,12.74,43.96,0.4,2.66769,140.23,NA,NA,3.5382619974059666,0,4.2,5.94,2165.169921875
2016-07-22,18.6089,NA,4.5849,NA,47537.28125,51.36000061035156,2175.03,12.02,43.41,0.4,2.66855,137.28,NA,NA,3.6990920881971467,0,4.21,5.92,2175.030029296875
2016-07-23,NA,NA,NA,NA,NA,NA,NA,NA,NA,0.4,2.66855,NA,NA,NA,2.090791180285344,0,4.23,5.94,NA
2016-07-24,NA,NA,NA,NA,NA,NA,NA,NA,NA,0.4,2.66855,NA,NA,NA,3.216601815823606,0,NA,NA,NA
2016-07-25,18.7569,NA,4.5895,NA,47130.41015625,50.189998626708984,2168.48,12.87,42.4,0.4,2.70397,143.64,NA,NA,4.020752269779507,0,4.18,5.89,2168.47998046875
2016-07-26,18.8114,4.21,4.59,NA,46927,50.029998779296875,2169.18,13.05,42.16,0.4,2.76551,147.54,NA,NA,4.985732814526589,0,4.21,5.89,2169.179931640625
2016-07-27,18.8602,NA,4.5882,NA,46812.0703125,49.7599983215332,2166.58,12.83,41.9,0.4,2.83829,149.98,NA,NA,3.6990920881971467,0,4.24,5.91,2166.580078125
2016-07-28,18.8979,NA,4.5874,NA,46833.87109375,49.52000045776367,2170.06,12.72,41.13,0.4,2.90382,152.68,NA,NA,3.5382619974059666,0,4.26,5.92,2170.06005859375
2016-07-29,18.7837,NA,4.585,NA,46660.671875,49.68000030517578,2173.6,11.87,41.54,0.3,2.9432,149.96,NA,NA,5.46822308690013,0,4.19,5.92,2173.60009765625
2016-07-30,NA,NA,NA,NA,NA,NA,NA,NA,NA,0.3,2.9432,NA,NA,NA,3.6990920881971467,0,4.23,5.94,NA
2016-07-31,NA,NA,NA,NA,NA,NA,NA,NA,NA,0.3,2.9432,NA,NA,NA,3.6990920881971467,8.76086956521739,NA,NA,NA
2016-08-01,18.8504,NA,4.585,6.01,46807.23828125,49.540000915527344,2170.84,12.44,40.05,0.4,2.9012,153.91,3,1,3.3756805807622507,0,4.24,5.95,2170.840087890625
2016-08-02,18.8966,4.22,4.5836,NA,46558.359375,49.15999984741211,2157.03,13.37,39.5,0.4,2.8948,156.81,NA,NA,4.219600725952813,0,4.2,5.97,2157.030029296875
2016-08-03,18.9117,NA,4.5828,NA,46844.53125,49.63999938964844,2163.79,12.86,40.8,0.4,2.89175,151.92,NA,NA,3.2068965517241383,0,4.22,6,2163.7900390625
2016-08-04,18.8612,NA,4.5874,NA,46941.4609375,49.61000061035156,2164.25,12.42,41.92,0.4,2.79232,146.04,NA,NA,3.5444646098003636,0,NA,6.01,2164.25
2016-08-05,18.8691,NA,4.586,NA,47194.1484375,50.36000061035156,2182.87,11.39,41.83,0.4,2.70234,142.67,NA,NA,3.8820326678765884,0,NA,5.98,2182.8701171875
2016-08-06,NA,NA,NA,NA,NA,NA,NA,NA,NA,0.4,2.70234,NA,NA,NA,3.038112522686026,0,4.24,6.02,NA
2016-08-07,NA,NA,NA,NA,NA,NA,NA,NA,NA,0.4,2.70234,NA,NA,NA,2.869328493647913,0,NA,NA,NA
2016-08-08,18.5716,NA,4.5906,NA,47368.6484375,51.02000045776367,2180.89,11.5,43.06,0.4,2.68288,139.23,NA,NA,3.713248638838476,3.369565217391304,NA,5.88,2180.889892578125
2016-08-09,18.3842,4.22,4.59,NA,47630.37109375,51.7400016784668,2181.74,11.66,42.78,0.4,2.71177,136.77,NA,NA,3.8820326678765884,3.7065217391304346,NA,5.89,2181.739990234375
2016-08-10,18.3479,NA,4.59,NA,47797.69921875,51.9900016784668,2175.49,12.05,41.75,0.4,2.68605,137.51,NA,NA,3.8820326678765884,0,4.27,5.86,2175.489990234375
2016-08-11,18.2678,NA,4.5875,NA,48341.94921875,52.97999954223633,2185.79,11.68,43.51,0.4,2.63755,135.32,NA,NA,2.7005444646098007,3.369565217391304,4.25,5.86,2185.7900390625
2016-08-12,18.2455,NA,4.5916,NA,48363.890625,52.959999084472656,2184.05,11.55,44.47,0.4,2.63141,136.27,NA,NA,2.869328493647913,0,4.2,5.83,2184.050048828125
2016-08-13,NA,NA,NA,NA,NA,NA,NA,NA,NA,0.4,2.63141,NA,NA,NA,3.038112522686026,0,4.24,5.85,NA
2016-08-14,NA,NA,NA,NA,NA,NA,NA,NA,NA,0.4,2.63141,NA,NA,NA,2.3629764065335754,0,4.24,5.85,NA
2016-08-15,18.0363,NA,4.5912,NA,48694.8984375,53.79999923706055,2190.15,11.81,45.72,0.4,2.58984,132.14,NA,NA,4.388384754990926,0,4.25,5.81,2190.14990234375
2016-08-16,17.9869,4.27,4.5911,NA,48351.9609375,53.619998931884766,2178.15,12.64,46.57,0.4,2.58017,132.64,NA,NA,5.063520871143377,3.7065217391304346,4.25,5.79,2178.14990234375
2016-08-17,18.2598,NA,4.5937,NA,48258.9296875,53.04999923706055,2182.22,12.19,46.81,0.4,2.60315,131.91,NA,NA,3.713248638838476,0,4.26,5.82,2182.219970703125
2016-08-18,18.0832,NA,4.595,NA,48437.1015625,53.349998474121094,2187.02,11.43,48.2,0.4,2.56225,129.45,NA,NA,1.856624319419238,3.369565217391304,4.25,5.77,2187.02001953125
2016-08-19,18.2674,NA,4.595,NA,48297.4609375,52.90999984741211,2183.87,11.34,48.48,0.4,2.55224,131.44,NA,NA,3.2068965517241383,0,4.22,5.81,2183.8701171875
2016-08-20,NA,NA,NA,NA,NA,NA,NA,NA,NA,0.4,2.55224,NA,NA,NA,2.7005444646098007,0,4.24,5.84,NA
2016-08-21,NA,NA,NA,NA,NA,NA,NA,NA,NA,0.4,2.55224,NA,NA,NA,3.038112522686026,0,NA,NA,NA
2016-08-22,18.3023,NA,4.594,NA,48293.4609375,52.619998931884766,2182.64,12.27,46.8,0.4,2.61816,133.87,NA,NA,2.869328493647913,0,4.25,5.81,2182.639892578125
2016-08-23,18.3202,4.23,4.595,NA,47666.01953125,51.36000061035156,2186.9,12.38,47.54,0.4,2.6014,135.34,NA,NA,4.388384754990926,0,4.22,5.825,2186.89990234375
2016-08-24,18.4971,NA,4.5925,NA,47743.609375,51.70000076293945,2175.44,13.45,46.29,0.4,2.60028,138.79,NA,NA,4.388384754990926,5.054347826086956,4.22,5.875,2175.43994140625
2016-08-25,18.446,NA,4.5925,NA,47734.19921875,51.95000076293945,2172.47,13.63,46.97,0.4,2.64098,140.01,NA,NA,2.5317604355716883,3.7065217391304346,4.26,5.84,2172.469970703125
2016-08-26,18.283,NA,4.595,NA,47369.5703125,51.06999969482422,2169.04,13.65,47.64,0.4,2.55847,136.81,NA,NA,3.8820326678765884,0,4.27,5.8,2169.0400390625
2016-08-27,NA,NA,NA,NA,NA,NA,NA,NA,NA,0.4,2.55847,NA,NA,NA,0,0,4.29,5.83,NA
2016-08-28,NA,NA,NA,NA,NA,NA,NA,NA,NA,0.4,2.55847,NA,NA,NA,0.8439201451905627,0,NA,NA,NA
2016-08-29,18.5773,NA,4.595,NA,47599.12109375,51.2599983215332,2180.38,12.94,46.97,0.4,2.60286,133.87,NA,NA,1.1814882032667877,1.3478260869565217,4.28,5.82,2180.3798828125
2016-08-30,18.7953,4.29,4.595,NA,47650.5703125,50.7400016784668,2176.12,13.12,46.32,0.4,2.59263,136.08,NA,NA,1.0127041742286753,2.0217391304347827,4.27,5.8,2176.1201171875
2016-08-31,18.8611,NA,4.595,NA,47541.3203125,50.470001220703125,2170.95,13.42,44.68,0.3,2.57869,137.55,NA,NA,1.3502722323049003,1.3478260869565217,4.27,5.81,2170.949951171875
2016-09-01,18.8523,NA,4.5925,5.99,47563.33984375,50.720001220703125,2170.86,13.48,43.17,0.4,2.62468,138.03,5,2,3.994082840236686,2.7272727272727275,4.25,5.83,2170.860107421875
2016-09-02,18.6589,NA,4.5925,NA,47787.98828125,51.47999954223633,2179.98,11.98,44.39,0.4,2.59491,136.33,NA,NA,3.106508875739645,2.7272727272727275,4.28,5.82,2179.97998046875
2016-09-03,NA,NA,NA,NA,NA,NA,NA,NA,NA,0.4,2.59491,NA,NA,NA,3.994082840236686,0,4.3,5.85,NA
2016-09-04,NA,NA,NA,NA,NA,NA,NA,NA,NA,0.4,2.59491,NA,NA,NA,2.662721893491124,2.7272727272727275,NA,NA,NA
2016-09-05,18.5581,NA,4.595,NA,47842.23046875,NA,NA,NA,NA,0.4,2.59491,136.33,NA,NA,3.106508875739645,0,4.2,5.828,NA
2016-09-06,18.3524,4.23,4.595,NA,47626.98046875,52.0099983215332,2186.48,12.02,44.85,0.4,2.58526,132.14,NA,NA,5.769230769230769,3.409090909090909,4.22,5.8,2186.47998046875
2016-09-07,18.3689,NA,4.595,NA,47398.69921875,51.529998779296875,2186.16,11.94,45.47,0.4,2.54197,128.49,NA,NA,3.5502958579881656,3.409090909090909,4.24,5.73,2186.159912109375
2016-09-08,18.5427,NA,4.59,NA,47416.96875,50.72999954223633,2181.3,12.51,47.63,0.4,2.51324,130.71,NA,NA,3.5502958579881656,2.7272727272727275,4.24,5.79,2181.300048828125
2016-09-09,18.8451,NA,4.5906,NA,46459.171875,49.189998626708984,2127.81,17.5,45.88,0.4,2.60206,139.3,NA,NA,3.5502958579881656,2.7272727272727275,4.2,5.87,2127.81005859375
2016-09-10,NA,NA,NA,NA,NA,NA,NA,NA,NA,0.4,2.60206,NA,NA,NA,2.662721893491124,0,4.3,5.89,NA
2016-09-11,NA,NA,NA,NA,NA,NA,NA,NA,NA,0.4,2.60206,NA,NA,NA,2.662721893491124,3.409090909090909,NA,NA,NA
2016-09-12,19.0646,NA,4.591,NA,46720.9609375,49.459999084472656,2159.04,15.16,46.28,0.4,2.63288,136.83,NA,NA,3.5502958579881656,3.409090909090909,4.23,5.96,2159.0400390625
2016-09-13,19.152,4.22,4.595,NA,46154.19921875,48.310001373291016,2127.02,17.85,44.91,0.4,2.68312,147.14,NA,NA,3.5502958579881656,0,4.25,5.98,2127.02001953125
2016-09-14,19.2275,NA,4.595,NA,45767.5703125,47.68000030517578,2125.77,18.14,43.62,0.4,2.79401,151.99,NA,NA,4.437869822485207,0,4.31,5.985,2125.77001953125
2016-09-15,19.2514,NA,4.595,NA,45922.91015625,47.43000030517578,2147.26,16.3,43.85,0.4,2.75295,150.03,NA,NA,5.769230769230769,0,4.3,6.05,2147.260009765625
2016-09-16,NA,NA,NA,NA,NA,46.77000045776367,2139.16,15.37,43.04,0.4,2.86643,156.91,NA,NA,5.769230769230769,0,4.32,6.06,2139.159912109375
2016-09-17,NA,NA,NA,NA,NA,NA,NA,NA,NA,0.4,2.86643,NA,NA,NA,3.5502958579881656,0,4.32,6.06,NA
2016-09-18,NA,NA,NA,NA,NA,NA,NA,NA,NA,0.4,2.86643,NA,NA,NA,1.7751479289940828,0,NA,NA,NA
2016-09-19,19.6097,NA,4.5951,NA,45871.0390625,46.720001220703125,2139.12,15.53,43.34,0.4,2.84016,155.94,NA,NA,10.207100591715976,3.409090909090909,4.31,6.12,2139.1201171875
2016-09-20,19.777,4.27,4.625,NA,46341.328125,46.650001525878906,2139.76,15.92,43.85,0.4,2.84236,170.37,NA,NA,11.094674556213018,3.409090909090909,4.31,6.14,2139.760009765625
2016-09-21,19.8394,NA,4.6275,NA,46929.19140625,47.61000061035156,2163.12,13.3,45.33,0.4,2.77918,160.35,NA,NA,10.207100591715976,3.409090909090909,4.26,6.07,2163.1201171875
2016-09-22,19.5965,NA,4.6343,NA,47975.05078125,48.70000076293945,2177.18,12.02,46.1,0.4,2.74732,159.62,NA,NA,6.21301775147929,2.7272727272727275,4.31,6.04,2177.179931640625
2016-09-23,19.7211,NA,4.6389,NA,47778.48046875,47.900001525878906,2164.69,12.29,44.36,0.4,2.88713,167.91,NA,NA,7.544378698224852,3.409090909090909,4.42,6.13,2164.68994140625
2016-09-24,NA,NA,NA,NA,NA,NA,NA,NA,NA,0.4,2.88713,NA,NA,NA,4.881656804733728,0,4.44,6.14,NA
2016-09-25,NA,NA,NA,NA,NA,NA,NA,NA,NA,0.4,2.88713,NA,NA,NA,4.881656804733728,3.409090909090909,4.44,6.14,NA
2016-09-26,19.8322,NA,4.6369,NA,47252.5390625,47.15999984741211,2146.1,14.5,45.6,0.4,3.00757,170.84,NA,NA,6.21301775147929,2.7272727272727275,4.46,6.155,2146.10009765625
2016-09-27,19.5044,4.41,4.6399,NA,47731.83984375,48.95000076293945,2159.93,13.1,44.65,0.4,2.96607,164.25,NA,NA,6.21301775147929,3.409090909090909,4.4,6.03,2159.929931640625
2016-09-28,19.5002,NA,4.6439,NA,48046.55859375,49.470001220703125,2171.37,12.39,47.07,0.4,2.89023,159.62,NA,NA,5.325443786982248,0,4.37,6.04,2171.3701171875
2016-09-29,19.4086,NA,4.6683,NA,47672.0703125,48.650001525878906,2151.13,14.02,47.72,0.4,2.92523,170.8,NA,NA,3.994082840236686,3.409090909090909,4.47,6,2151.1298828125
2016-09-30,19.3776,NA,5.0725,NA,47245.80078125,48.47999954223633,2168.27,13.29,47.72,0.29,2.94224,163.53,NA,NA,6.21301775147929,3.409090909090909,4.47,6.03,2168.27001953125
2016-10-01,NA,NA,NA,6.09,NA,NA,NA,NA,NA,0.29,2.94224,NA,4,2,3.77027027027027,0,4.49,6.04,NA
2016-10-02,NA,NA,NA,NA,NA,NA,NA,NA,NA,0.29,2.94224,NA,NA,NA,3.77027027027027,0,NA,NA,NA
2016-10-03,19.3211,NA,5.0935,NA,47601.9296875,49.15999984741211,2161.2,13.57,48.8,0.4,2.89801,159.62,NA,NA,5.445945945945946,3.701492537313433,4.23,6.05,2161.199951171875
2016-10-04,19.2138,4.7,5.0975,NA,47909.26953125,49.400001525878906,2150.49,13.63,48.67,0.4,2.83127,163.55,NA,NA,5.027027027027027,4.6268656716417915,4.23,6.09,2150.489990234375
2016-10-05,19.2554,NA,5.1025,NA,48141.421875,49.93000030517578,2159.73,12.99,49.75,0.4,2.78988,159.64,NA,NA,5.027027027027027,2.7761194029850746,4.69,6.13,2159.72998046875
2016-10-06,19.2433,NA,5.105,NA,47944.76953125,49.540000915527344,2160.77,12.84,50.44,0.4,2.7661,157.69,NA,NA,4.1891891891891895,3.701492537313433,4.69,6.11,2160.77001953125
2016-10-07,19.2994,NA,5.11,NA,47596.6015625,49.189998626708984,2153.74,13.48,49.76,0.4,2.75247,156.69,NA,NA,4.608108108108108,0,4.68,6.13,2153.739990234375
2016-10-08,NA,NA,NA,NA,NA,NA,NA,NA,NA,0.4,2.75247,NA,NA,NA,2.9324324324324325,0,4.72,6.15,NA
2016-10-09,NA,NA,NA,NA,NA,NA,NA,NA,NA,0.4,2.75247,NA,NA,NA,2.9324324324324325,0,NA,NA,NA
2016-10-10,18.8786,NA,5.1065,NA,48264.9609375,50.91999816894531,2163.66,13.38,49.76,0.4,2.75247,156.72,NA,NA,4.608108108108108,4.6268656716417915,4.71,6.04,2163.659912109375
2016-10-11,18.9531,4.7,5.1069,NA,48014.3984375,50.630001068115234,2136.73,15.36,50.72,0.41,2.70989,151.13,NA,NA,5.027027027027027,4.6268656716417915,4.72,6.01,2136.72998046875
2016-10-12,18.9622,NA,5.1122,NA,47915.12109375,50.47999954223633,2139.18,15.91,50.14,0.41,2.68265,145.01,NA,NA,4.608108108108108,0,4.69,6.08,2139.179931640625
2016-10-13,19.0399,NA,5.11,NA,47741.5390625,50.130001068115234,2132.55,16.69,50.47,0.41,2.67004,145,NA,NA,5.445945945945946,3.701492537313433,4.65,6.16,2132.550048828125
2016-10-14,19.0046,NA,5.1115,NA,47701.44921875,49.97999954223633,2132.98,16.12,50.35,0.41,2.64727,146.97,NA,NA,4.608108108108108,0,4.78,6.05,2132.97998046875
2016-10-15,NA,NA,NA,NA,NA,NA,NA,NA,NA,0.41,2.64727,NA,NA,NA,2.5135135135135136,0,4.8,6.05,NA
2016-10-16,NA,NA,NA,NA,NA,NA,NA,NA,NA,0.41,2.64727,NA,NA,NA,2.9324324324324325,0,NA,NA,NA
2016-10-17,18.8723,NA,5.11,NA,47657.328125,50.209999084472656,2126.5,16.21,49.97,0.41,2.68522,146.47,NA,NA,7.121621621621622,0,4.73,6.04,2126.5
2016-10-18,18.6726,4.67,5.1134,NA,48106.12109375,51.540000915527344,2139.6,15.28,50.3,0.41,2.68239,145.01,NA,NA,2.9324324324324325,3.701492537313433,4.7,6,2139.60009765625
2016-10-19,18.5894,NA,5.1125,NA,48492.609375,52.36000061035156,2144.29,14.41,51.59,0.41,2.62966,142.09,NA,NA,3.77027027027027,4.6268656716417915,4.66,6.04,2144.2900390625
2016-10-20,18.5945,NA,5.115,NA,48274.25,51.7599983215332,2141.34,13.75,50.31,0.41,2.61449,141.12,NA,NA,4.1891891891891895,0,4.67,6.04,2141.340087890625
2016-10-21,18.6481,NA,5.1247,NA,48418.3984375,51.95000076293945,2141.16,13.34,50.61,0.41,2.62039,140.38,NA,NA,3.77027027027027,3.701492537313433,4.62,6.056,2141.159912109375
2016-10-22,NA,NA,NA,NA,NA,NA,NA,NA,NA,0.41,2.62039,NA,NA,NA,2.9324324324324325,0,4.66,6.064,NA
2016-10-23,NA,NA,NA,NA,NA,NA,NA,NA,NA,0.41,2.62039,NA,NA,NA,1.6756756756756757,0,NA,NA,NA
2016-10-24,18.5658,NA,5.1178,NA,48431.25,52.130001068115234,2151.33,13.02,50.18,0.41,2.60863,138.92,NA,NA,2.9324324324324325,3.701492537313433,4.62,6.08,2151.330078125
2016-10-25,18.5147,4.68,5.1155,NA,48093.53125,51.86000061035156,2143.16,13.46,49.45,0.41,2.66175,141.12,NA,NA,4.1891891891891895,6.477611940298507,4.67,6.069,2143.159912109375
2016-10-26,18.6485,NA,5.1162,NA,47805.44140625,51.08000183105469,2139.43,14.24,48.75,0.41,2.70195,145.03,NA,NA,4.1891891891891895,4.6268656716417915,4.69,6.14,2139.429931640625
2016-10-27,18.8443,NA,5.1163,NA,48114.671875,51.029998779296875,2133.04,15.36,49.71,0.41,2.74041,148.46,NA,NA,4.608108108108108,0,4.69,6.22,2133.0400390625
2016-10-28,18.7304,NA,5.1103,NA,48007.19921875,50.63999938964844,2126.41,16.19,48.72,0.41,2.78566,154.8,NA,NA,3.77027027027027,3.701492537313433,4.7,6.25,2126.409912109375
2016-10-29,NA,NA,NA,NA,NA,NA,NA,NA,NA,0.41,2.78566,NA,NA,NA,3.77027027027027,0,4.72,6.29,NA
2016-10-30,NA,NA,NA,NA,NA,NA,NA,NA,NA,0.41,2.78566,NA,NA,NA,2.5135135135135136,0,NA,NA,NA
2016-10-31,18.8887,4.75,5.1086,NA,48009.28125,50.83000183105469,2126.15,17.06,46.83,0.31,2.9311,153.83,NA,NA,4.1891891891891895,3.701492537313433,4.74,6.25,2126.14990234375
2016-11-01,19.1306,NA,5.1143,NA,47303.30859375,49.38999938964844,2111.72,18.56,46.66,0.41,3.00398,157.96,8,2,3.2697547683923704,0,4.74,6.39,2111.719970703125
2016-11-02,NA,NA,NA,NA,NA,48.650001525878906,2097.94,19.32,45.32,0.41,3.02087,165.28,NA,NA,4.2506811989100814,0,4.76,6.4,2097.93994140625
2016-11-03,19.2014,NA,5.1118,NA,46683.80078125,48.849998474121094,2088.66,22.08,44.66,0.41,2.93631,164.32,NA,NA,2.9427792915531334,0,4.82,6.34,2088.659912109375
2016-11-04,19.0792,NA,5.1136,NA,46694.80859375,49.349998474121094,2085.18,22.51,44.07,0.41,2.95926,162.11,NA,NA,3.2697547683923704,1.9047619047619047,4.86,6.27,2085.179931640625
2016-11-05,NA,NA,NA,NA,NA,NA,NA,NA,NA,0.41,2.95926,NA,NA,NA,2.6158038147138964,0,4.88,6.29,NA
2016-11-06,NA,NA,NA,NA,NA,NA,NA,NA,NA,0.41,2.95926,NA,NA,NA,1.6348773841961852,0,NA,NA,NA
2016-11-07,18.6192,NA,5.115,NA,48050.25,51.880001068115234,2131.52,18.71,44.88,0.41,2.78921,147.02,NA,NA,3.923705722070845,1.4285714285714284,4.7,6.22,2131.52001953125
2016-11-08,18.5089,4.81,5.1173,NA,48470.98828125,52.790000915527344,2139.56,18.74,44.96,0.41,2.70804,143.11,NA,NA,3.923705722070845,2.380952380952381,4.8,6.15,2139.56005859375
2016-11-09,19.925,NA,5.2018,NA,47390.66015625,48.290000915527344,2163.26,14.38,45.2,0.41,2.88123,159.75,NA,NA,32.69754768392371,1.9047619047619047,4.8,6.588,2163.260009765625
2016-11-10,20.4812,NA,5.2359,NA,45224.37890625,44.20000076293945,2167.48,14.74,44.62,0.41,3.22085,185.05,NA,NA,11.444141689373296,1.9047619047619047,4.8,6.84,2167.47998046875
2016-11-11,21.0511,NA,5.247,NA,44978.25,43.34000015258789,2164.45,14.17,43.39,0.41,3.22085,185.01,NA,NA,12.098092643051771,1.9047619047619047,4.8,7.22,2164.449951171875
2016-11-12,NA,NA,NA,NA,NA,NA,NA,NA,NA,0.41,3.22085,NA,NA,NA,8.174386920980927,0,4.82,7.24,NA
2016-11-13,NA,NA,NA,NA,NA,NA,NA,NA,NA,0.41,3.22085,NA,NA,NA,5.885558583106267,0,NA,NA,NA
2016-11-14,20.8729,NA,5.285,NA,45306.48046875,44.119998931884766,2164.2,14.48,43.29,0.41,3.41865,191.39,NA,NA,6.212534059945504,2.380952380952381,4.7,7.54,2164.199951171875
2016-11-15,20.349,5.56,5.31,NA,45023.6484375,44.7400016784668,2180.39,13.37,45.86,0.41,3.192,166.96,NA,NA,5.885558583106267,1.9047619047619047,4.7,7.05,2180.389892578125
2016-11-16,20.2884,NA,5.35,NA,44901.5703125,44.560001373291016,2176.94,13.72,45.56,0.41,3.25061,174.28,NA,NA,4.2506811989100814,2.380952380952381,4.7,7.04,2176.93994140625
2016-11-17,20.1898,NA,5.38,NA,44919.69140625,44.209999084472656,2187.12,13.35,45.37,0.41,3.2693,185.08,NA,NA,4.577656675749319,2.380952380952381,5.48,7.03,2187.1201171875
2016-11-18,20.4193,NA,5.595,NA,44364.171875,42.970001220703125,2181.9,12.85,45.69,0.41,3.35948,196.49,NA,NA,4.9046321525885554,0,5.48,7.33,2181.89990234375
2016-11-19,NA,NA,NA,NA,NA,NA,NA,NA,NA,0.41,3.35948,NA,NA,NA,3.923705722070845,0,5.5,7.35,NA
2016-11-20,NA,NA,NA,NA,NA,NA,NA,NA,NA,0.41,3.35948,NA,NA,NA,3.923705722070845,0,NA,NA,NA
2016-11-21,NA,NA,NA,NA,NA,43.61000061035156,2198.18,12.42,47.48,0.41,3.34553,190.37,NA,NA,3.923705722070845,1.9047619047619047,5.41,7.37,2198.179931640625
2016-11-22,20.5205,5.48,5.575,NA,44838.76171875,43.4900016784668,2202.94,12.41,48.07,0.41,3.32424,184.03,NA,NA,5.231607629427793,1.4285714285714284,5.33,7.38,2202.93994140625
2016-11-23,20.6901,NA,5.5725,NA,45184.078125,43.66999816894531,2204.72,12.43,46.72,0.41,3.35033,187.28,NA,NA,3.923705722070845,2.8571428571428568,5.5,7.42,2204.719970703125
2016-11-24,20.7051,NA,5.5762,NA,45265.8984375,NA,NA,NA,NA,0.41,3.35033,187.24,NA,NA,4.577656675749319,2.380952380952381,5.46,7.47,NA
2016-11-25,20.6475,NA,5.575,NA,45357.8515625,44.08000183105469,2213.35,12.34,46.72,0.41,3.35941,187.25,NA,NA,19.618528610354222,8.095238095238095,5.46,7.4,2213.35009765625
2016-11-26,NA,NA,NA,NA,NA,NA,NA,NA,NA,0.41,3.35941,NA,NA,NA,12.098092643051771,0,5.48,7.45,NA
2016-11-27,NA,NA,NA,NA,NA,NA,NA,NA,NA,0.41,3.35941,NA,NA,NA,14.38692098092643,0,NA,NA,NA
2016-11-28,20.5521,NA,5.5677,NA,45470.609375,44,2201.72,13.15,45.66,0.41,3.33407,184.26,NA,NA,17.329700272479563,6.666666666666666,5.48,7.33,2201.719970703125
2016-11-29,20.6225,5.62,5.5738,NA,45372.19140625,44.04999923706055,2204.66,12.9,45.29,0.41,3.36332,183.06,NA,NA,14.38692098092643,16.19047619047619,5.49,7.284,2204.659912109375
2016-11-30,20.5155,NA,5.5735,NA,45315.9609375,44.119998931884766,2198.81,13.33,49.41,0.31,3.3034,177.5,NA,NA,14.713896457765667,0,5.58,7.236,2198.81005859375
2016-12-01,20.7488,NA,5.585,7.25,44884.859375,43.27000045776367,2191.08,14.07,51.08,0.41,3.30128,181.65,5,1,6.905940594059406,2.1106382978723404,5.37,7.31,2191.080078125
2016-12-02,20.6149,NA,5.589,NA,44555.26171875,43.220001220703125,2191.95,14.12,51.7,0.41,3.29267,180.84,NA,NA,5.91937765205092,3.957446808510638,5.37,7.34,2191.949951171875
2016-12-03,NA,NA,NA,NA,NA,NA,NA,NA,NA,0.41,3.29267,NA,NA,NA,5.371287128712872,0,NA,7.36,NA
2016-12-04,NA,NA,NA,NA,NA,NA,NA,NA,NA,0.41,3.29267,NA,NA,NA,5.152050919377652,0,NA,NA,NA
2016-12-05,20.5927,NA,5.595,NA,44937.30078125,43.70000076293945,2204.71,12.14,51.72,0.41,3.16755,172.84,NA,NA,4.055869872701556,1.5829787234042554,5.58,7.31,2204.7099609375
2016-12-06,20.3863,5.59,5.6035,NA,45103.21875,44.34000015258789,2212.23,11.79,50.95,0.41,3.13127,166.73,NA,NA,4.713578500707214,2.7702127659574467,5.6,7.27,2212.22998046875
2016-12-07,20.2967,NA,5.5983,NA,45609.8984375,45,2241.35,12.22,49.85,0.41,3.06712,157.69,NA,NA,5.371287128712872,3.1659574468085108,5.51,7.18,2241.35009765625
2016-12-08,20.4162,NA,5.605,NA,46360.23046875,45.54999923706055,2246.19,12.64,50.84,0.41,3.07416,157.48,NA,NA,5.480905233380481,3.1659574468085108,5.58,7.22,2246.18994140625
2016-12-09,20.3305,NA,5.6013,NA,46913.46875,45.84000015258789,2259.53,11.75,51.51,0.41,3.05294,158.79,NA,NA,5.371287128712872,2.1106382978723404,5.58,7.296,2259.530029296875
2016-12-10,NA,NA,NA,NA,NA,NA,NA,NA,NA,0.41,3.05294,NA,NA,NA,3.2885431400282887,0,NA,7.314,NA
2016-12-11,NA,NA,NA,NA,NA,NA,NA,NA,NA,0.41,3.05294,NA,NA,NA,3.946251768033947,0,NA,NA,NA
2016-12-12,NA,NA,NA,NA,NA,46.209999084472656,2256.96,12.64,52.74,0.41,3.07436,156.32,NA,NA,3.7270155586987275,0,NA,7.38,2256.9599609375
2016-12-13,20.2567,5.51,5.6019,NA,46870.23828125,46.2599983215332,2271.72,12.72,52.99,0.41,3.04085,155.83,NA,NA,5.042432814710043,2.2425531914893617,5.53,7.29,2271.719970703125
2016-12-14,20.2226,NA,5.6049,NA,46220.5390625,45.13999938964844,2253.28,13.19,51.01,0.41,2.99492,156.39,NA,NA,5.80975954738331,2.506382978723404,5.45,7.26,2253.280029296875
2016-12-15,20.5973,NA,5.6274,NA,45871.9609375,45.09000015258789,2262.03,12.79,50.9,0.66,3.00124,154.87,NA,NA,5.700141442715701,1.978723404255319,5.5,7.3,2262.030029296875
2016-12-16,20.428,NA,6.0803,NA,45121.390625,44.369998931884766,2258.07,12.2,51.93,0.66,2.9207,153.84,NA,NA,6.905940594059406,0,5.5,7.35,2258.070068359375
2016-12-17,NA,NA,NA,NA,NA,NA,NA,NA,NA,0.66,2.9207,NA,NA,NA,4.6039603960396045,0,NA,7.37,NA
2016-12-18,NA,NA,NA,NA,NA,NA,NA,NA,NA,0.66,2.9207,NA,NA,NA,3.1789250353606793,0,NA,NA,NA
2016-12-19,20.4098,NA,6.0925,NA,44895.2890625,44.2599983215332,2262.53,11.71,52.13,0.66,2.96029,154.35,NA,NA,5.590523338048091,2.7702127659574467,5.53,7.24,2262.530029296875
2016-12-20,20.43,5.65,6.1025,NA,44930.26953125,44.060001373291016,2270.76,11.45,52.22,0.66,2.9107,151.93,NA,NA,7.454031117397455,0,5.53,7.26,2270.760009765625
2016-12-21,20.4921,NA,6.1075,NA,44983.03125,43.52000045776367,2265.18,11.27,51.44,0.66,2.87597,152.4,NA,NA,4.932814710042433,0,5.53,7.26,2265.179931640625
2016-12-22,20.7179,NA,6.105,NA,45008.078125,43.2599983215332,2260.96,11.43,51.98,0.66,2.92964,155.84,NA,NA,6.02899575671853,0,5.53,7.36,2260.9599609375
2016-12-23,20.6271,NA,6.11,NA,45173.5390625,43.70000076293945,2263.79,11.44,52.01,0.66,2.92273,155.34,NA,NA,4.165487977369166,0,5.53,7.402,2263.7900390625
2016-12-24,NA,NA,NA,NA,NA,NA,NA,NA,NA,0.66,2.92273,NA,NA,NA,3.6173974540311176,0,NA,7.438,NA
2016-12-25,NA,NA,NA,NA,NA,NA,NA,NA,NA,0.66,2.92273,NA,NA,NA,2.8500707213578504,0,NA,NA,NA
2016-12-26,20.6445,NA,6.11,NA,44989.578125,NA,NA,NA,NA,0.66,2.92273,155.34,NA,NA,3.836633663366337,0,5.78,7.41,NA
2016-12-27,20.7052,5.69,6.11,NA,45299.671875,43.439998626708984,2268.88,11.99,52.82,0.66,2.88313,155.36,NA,NA,6.248231966053749,0,5.68,7.51,2268.8798828125
2016-12-28,20.7314,NA,6.11,NA,45563.1796875,43.720001220703125,2249.92,12.95,54.01,0.66,2.93281,154.86,NA,NA,5.700141442715701,0,5.66,7.57,2249.919921875
2016-12-29,20.664,NA,6.1066,NA,45909.30859375,44.209999084472656,2249.26,13.37,53.8,0.66,2.92378,154.85,NA,NA,4.823196605374823,2.6382978723404253,5.74,7.47,2249.260009765625
2016-12-30,20.6194,NA,6.11,NA,45642.8984375,43.970001220703125,2238.83,14.04,53.75,0.55,2.95552,154.86,NA,NA,4.932814710042433,0,5.74,7.41,2238.830078125
2016-12-31,NA,NA,NA,NA,NA,NA,NA,NA,NA,0.55,2.95552,NA,NA,NA,4.275106082036776,0,NA,7.45,NA
2017-01-01,NA,NA,NA,7.6,NA,NA,NA,NA,NA,0.55,2.95552,NA,7,2,2.6382978723404253,0,NA,NA,NA
2017-01-02,20.7323,NA,6.11,NA,45695.1015625,NA,NA,NA,NA,0.55,2.95552,154.87,NA,NA,6.485815602836879,2.5731225296442686,5.76,7.43,NA
2017-01-03,20.852,5.82,6.115,NA,46123.359375,43.630001068115234,2257.83,12.85,52.36,0.66,2.9647,156.61,NA,NA,7.585106382978723,3.0632411067193672,5.76,7.57,2257.830078125
2017-01-04,21.3799,NA,6.12,NA,46587.73828125,43.099998474121094,2270.75,11.85,53.26,0.66,3.00303,161.7,NA,NA,10.77304964539007,2.2055335968379444,5.81,7.642,2270.75
2017-01-05,21.3661,NA,6.12,NA,46719.98828125,43.43000030517578,2269,11.67,53.77,0.66,3.07217,161.69,NA,NA,6.375886524822695,3.0632411067193672,5.8,7.773,2269
2017-01-06,21.3144,NA,6.12,NA,46071.5703125,43.119998931884766,2276.98,11.32,53.98,0.66,3.02237,166.67,NA,NA,7.1453900709219855,3.553359683794466,5.84,7.587,2276.97998046875
2017-01-07,NA,NA,NA,NA,NA,NA,NA,NA,NA,0.66,3.02237,NA,NA,NA,4.177304964539006,0,NA,7.623,NA
2017-01-08,NA,NA,NA,NA,NA,NA,NA,NA,NA,0.66,3.02237,NA,NA,NA,4.397163120567376,0,NA,NA,NA
2017-01-09,21.3219,NA,6.115,NA,45553.51171875,42.34000015258789,2268.9,11.56,51.95,0.66,3.03091,168.54,NA,NA,6.595744680851063,0,5.86,7.646,2268.89990234375
2017-01-10,21.6168,5.87,6.115,NA,45886.26953125,41.959999084472656,2268.9,11.49,50.82,0.66,3.10847,179.75,NA,NA,5.936170212765957,4.533596837944663,5.86,7.73,2268.89990234375
2017-01-11,21.9076,NA,6.115,NA,45933.6484375,41.83000183105469,2275.32,11.26,52.19,0.66,3.19704,173.4,NA,NA,7.365248226950354,3.92094861660079,5.88,7.64,2275.320068359375
2017-01-12,21.7204,NA,6.115,NA,46060.98046875,42.029998779296875,2270.44,11.54,53.01,0.66,3.12173,170.46,NA,NA,7.914893617021276,2.695652173913043,5.95,7.54,2270.43994140625
2017-01-13,21.633,NA,6.1175,NA,46182.4296875,42.650001525878906,2274.64,11.23,52.36,0.66,3.06592,168.06,NA,NA,6.26595744680851,3.185770750988142,5.81,7.54,2274.639892578125
2017-01-14,NA,NA,NA,NA,NA,NA,NA,NA,NA,0.66,3.06592,NA,NA,NA,6.375886524822695,0,NA,7.56,NA
2017-01-15,NA,NA,NA,NA,NA,NA,NA,NA,NA,0.66,3.06592,NA,NA,NA,5.386524822695035,0,NA,NA,NA
2017-01-16,21.6643,NA,6.1186,NA,45740.37890625,NA,NA,NA,NA,0.66,3.06592,168.02,NA,NA,6.705673758865248,3.798418972332015,5.98,7.57,NA
2017-01-17,21.5738,5.86,6.1276,NA,46002.55859375,42.45000076293945,2267.89,11.87,52.45,0.66,3.04056,168.22,NA,NA,5.716312056737588,2.818181818181818,6,7.62,2267.889892578125
2017-01-18,21.8514,NA,6.13,NA,46360.62890625,41.970001220703125,2271.89,12.48,51.12,0.66,3.04484,177.4,NA,NA,6.595744680851063,0,5.89,7.67,2271.889892578125
2017-01-19,21.9044,NA,6.1375,NA,46265.26171875,41.7400016784668,2263.69,12.78,51.39,0.66,3.13164,177.29,NA,NA,8.464539007092197,1.7154150197628457,5.82,7.68,2263.68994140625
2017-01-20,21.7002,NA,6.1386,NA,46331.6015625,42.63999938964844,2271.31,11.54,52.33,0.66,3.11854,171.4,NA,NA,10.99290780141844,2.818181818181818,5.83,7.62,2271.31005859375
2017-01-21,NA,NA,NA,NA,NA,NA,NA,NA,NA,0.66,3.11854,NA,NA,NA,9.01418439716312,0,NA,7.64,NA
2017-01-22,NA,NA,NA,NA,NA,NA,NA,NA,NA,0.66,3.11854,NA,NA,NA,5.276595744680851,0,NA,NA,NA
2017-01-23,21.4512,NA,6.1424,NA,47116.23828125,43.83000183105469,2265.2,11.77,52.77,0.66,3.13983,168.94,NA,NA,6.485815602836879,2.818181818181818,5.83,7.558,2265.199951171875
2017-01-24,21.3692,5.77,6.1475,NA,48149.609375,44.459999084472656,2280.07,11.07,52.38,0.66,3.08676,169.76,NA,NA,6.485815602836879,5.146245059288537,5.75,7.57,2280.070068359375
2017-01-25,21.3439,NA,6.1475,NA,48275.828125,45.459999084472656,2298.37,10.81,52.14,0.66,3.00707,163.69,NA,NA,7.585106382978723,3.6758893280632408,5.78,7.59,2298.3701171875
2017-01-26,21.2024,NA,6.1475,NA,47611.44140625,44.40999984741211,2296.68,10.63,53.24,0.66,2.96758,166.57,NA,NA,9.453900709219857,3.185770750988142,5.78,7.56,2296.679931640625
2017-01-27,21.0212,NA,6.1537,NA,47421.12109375,45.099998474121094,2294.69,10.58,53.18,0.66,2.93629,161.68,NA,NA,9.78368794326241,0,5.78,7.48,2294.68994140625
2017-01-28,NA,NA,NA,NA,NA,NA,NA,NA,NA,0.66,2.93629,NA,NA,NA,7.804964539007091,1.8379446640316204,NA,7.5,NA
2017-01-29,NA,NA,NA,NA,NA,NA,NA,NA,NA,0.66,2.93629,NA,NA,NA,5.276595744680851,0,NA,NA,NA
2017-01-30,20.7588,NA,6.1525,NA,47091.8203125,45.08000183105469,2280.9,11.88,52.63,0.66,2.95409,164.62,NA,NA,8.24468085106383,2.818181818181818,5.78,7.44,2280.89990234375
2017-01-31,20.7908,5.88,6.16,NA,47001.05859375,44.810001373291016,2278.87,11.99,52.75,0.56,2.96046,165.57,NA,NA,7.695035460992907,2.5731225296442686,5.74,7.38,2278.8701171875
2017-02-01,20.7752,NA,6.1615,NA,47009.51171875,44.90999984741211,2279.55,11.81,53.9,0.66,2.92553,162.69,6,2,6.774985388661602,3.252268602540835,5.8,7.38,2279.550048828125
2017-02-02,20.5757,NA,6.1625,NA,47095.0703125,45.630001068115234,2280.85,11.93,53.55,0.66,2.84283,160.7,NA,NA,6.284044418468732,2.134301270417423,5.78,7.4,2280.85009765625
2017-02-03,20.3439,NA,6.1703,NA,47225.1015625,46.02000045776367,2297.42,10.97,53.81,0.66,2.7863,154.86,NA,NA,8.640561075394507,2.3375680580762253,5.78,7.41,2297.419921875
2017-02-04,NA,NA,NA,NA,NA,NA,NA,NA,NA,0.66,2.7863,NA,NA,NA,5.98947983635301,0,NA,7.43,NA
2017-02-05,NA,NA,NA,NA,NA,NA,NA,NA,NA,0.66,2.7863,NA,NA,NA,4.9094097019286975,0,NA,NA,NA
2017-02-06,NA,NA,NA,NA,NA,45.380001068115234,2292.56,11.37,53.01,0.66,2.8369,155.57,NA,NA,4.614845119812975,1.6261343012704175,NA,7.5,2292.56005859375
2017-02-07,20.637,5.9,6.1695,NA,46728.94921875,45.04999923706055,2293.08,11.29,52.19,0.66,2.90063,157.31,NA,NA,7.364114552893046,2.540834845735027,5.78,7.38,2293.080078125
2017-02-08,20.4994,NA,6.1823,NA,46921.7109375,45.470001220703125,2294.67,11.45,52.37,0.66,2.90099,155.81,NA,NA,7.069549970777324,2.6424682395644283,NA,7.298,2294.669921875
2017-02-09,20.4163,NA,6.1958,NA,47232.171875,45.900001525878906,2307.87,10.88,52.99,0.66,2.84436,152.7,NA,NA,6.284044418468732,3.1506352087114338,5.78,7.36,2307.8701171875
2017-02-10,20.3535,NA,6.585,NA,47797.0390625,46.619998931884766,2316.1,10.85,53.84,0.66,2.8082,148.31,NA,NA,6.6767971946230285,2.4392014519056264,5.78,7.29,2316.10009765625
2017-02-11,NA,NA,NA,NA,NA,NA,NA,NA,NA,0.66,2.8082,NA,NA,NA,5.007597895967271,0,NA,7.33,NA
2017-02-12,NA,NA,NA,NA,NA,NA,NA,NA,NA,0.66,2.8082,NA,NA,NA,5.007597895967271,1.7277676950998186,NA,NA,NA
2017-02-13,20.328,NA,6.5871,NA,47661.69140625,46.4900016784668,2328.25,11.07,52.96,0.66,2.78107,141.98,NA,NA,4.8112215078901235,1.8294010889292196,NA,7.28,2328.25
2017-02-14,20.3507,6.21,6.588,NA,47391.23828125,46.36000061035156,2337.58,10.74,53.21,0.66,2.7735,144.46,NA,NA,4.516656925774401,1.6261343012704175,6.24,7.28,2337.580078125
2017-02-15,20.3254,NA,6.595,NA,47161.73828125,46.189998626708984,2349.25,11.97,53.11,0.66,2.83422,148.84,NA,NA,5.302162478082993,3.7604355716878404,6.2,7.344,2349.25
2017-02-16,20.3325,NA,6.595,NA,47293.8515625,45.970001220703125,2347.22,11.76,53.41,0.66,2.884,153.87,NA,NA,5.302162478082993,2.4392014519056264,6.2,7.426,2347.219970703125
2017-02-17,20.4526,NA,6.595,NA,47164.7109375,45.720001220703125,2351.16,11.49,53.41,0.66,2.89653,156.59,NA,NA,4.7130333138515494,1.7277676950998186,6.23,7.4,2351.159912109375
2017-02-18,NA,NA,NA,NA,NA,NA,NA,NA,NA,0.66,2.89653,NA,NA,NA,5.007597895967271,0,NA,7.4,NA
2017-02-19,NA,NA,NA,NA,NA,NA,NA,NA,NA,0.66,2.89653,NA,NA,NA,4.222092343658679,0,NA,NA,NA
2017-02-20,20.4059,NA,6.5965,NA,47083.80859375,NA,NA,NA,NA,0.66,2.89653,156.6,NA,NA,4.222092343658679,2.235934664246824,6.23,7.394,NA
2017-02-21,20.4489,6.24,6.595,NA,47614.98828125,47.11000061035156,2365.38,11.57,54.02,0.66,2.82881,146.38,NA,NA,5.203974284044419,1.8294010889292196,6.23,7.3,2365.3798828125
2017-02-22,19.9127,NA,6.59,NA,47195.6796875,46.9900016784668,2362.82,11.74,53.61,0.66,2.77115,143.92,NA,NA,6.48042080654588,2.6424682395644283,6.18,7.24,2362.820068359375
2017-02-23,19.7011,NA,6.6,NA,47206.359375,47.310001373291016,2363.81,11.71,54.48,0.66,2.73828,138.56,NA,NA,8.73874926943308,2.947368421052632,6.22,7.236,2363.81005859375
2017-02-24,19.8335,NA,6.603,NA,47047.671875,46.68000030517578,2367.34,11.47,53.99,0.66,2.75367,137.57,NA,NA,6.578609000584454,3.353901996370236,6.23,7.231,2367.340087890625
2017-02-25,NA,NA,NA,NA,NA,NA,NA,NA,NA,0.66,2.75367,NA,NA,NA,6.48042080654588,2.7441016333938295,NA,7.27,NA
2017-02-26,NA,NA,NA,NA,NA,NA,NA,NA,NA,0.66,2.75367,NA,NA,NA,6.087668030391584,0,NA,NA,NA
2017-02-27,19.8322,NA,6.605,NA,47349.19921875,46.869998931884766,2369.75,12.09,54.04,0.66,2.72488,137.14,NA,NA,7.364114552893046,3.7604355716878404,6.23,7.31,2369.75
2017-02-28,19.9957,6.25,6.6058,NA,46856.7890625,46.08000183105469,2363.64,12.92,54,0.57,2.74558,141.04,NA,NA,8.345996493278784,3.252268602540835,6.24,7.37,2363.639892578125
2017-03-01,19.9007,NA,6.6066,7.4,47467.94921875,47.279998779296875,2395.96,12.54,53.82,0.66,2.67893,133.25,6,2,6.4411764705882355,1.8896952104499274,6.24,7.394,2395.9599609375
2017-03-02,19.9373,NA,6.6103,NA,47288.66015625,46.66999816894531,2381.92,11.81,52.63,0.66,2.66197,136.19,NA,NA,6.264705882352942,2.06966618287373,6.25,7.374,2381.919921875
2017-03-03,19.6147,NA,6.6075,NA,47414.5703125,47.959999084472656,2383.12,10.96,53.33,0.66,2.59789,129.34,NA,NA,6.61764705882353,3.869375907111756,6.25,7.28,2383.1201171875
2017-03-04,NA,NA,NA,NA,NA,NA,NA,NA,NA,0.66,2.59789,NA,NA,NA,6.352941176470589,1.8896952104499274,NA,7.3,NA
2017-03-05,NA,NA,NA,NA,NA,NA,NA,NA,NA,0.66,2.59789,NA,NA,NA,4.147058823529412,0,NA,NA,NA
2017-03-06,19.5538,NA,6.6076,NA,47883.58984375,48.33000183105469,2375.31,11.24,53.19,0.66,2.58167,128.37,NA,NA,6.352941176470589,2.339622641509434,6.27,7.283,2375.31005859375
2017-03-07,19.521,6.29,6.6072,NA,47419.16015625,48.209999084472656,2368.39,11.45,52.68,0.66,2.56127,130.33,NA,NA,7.411764705882353,2.5195936139332367,6.27,7.351,2368.389892578125
2017-03-08,19.6007,NA,6.605,NA,47539.21875,47.65999984741211,2362.98,11.86,49.83,0.66,2.62454,138.9,NA,NA,4.588235294117648,2.5195936139332367,6.28,7.29,2362.97998046875
2017-03-09,19.7974,NA,6.6064,NA,47263.921875,47.029998779296875,2364.87,12.3,48.75,0.66,2.69294,139.62,NA,NA,3.882352941176471,3.509433962264151,6.29,7.4,2364.8701171875
2017-03-10,19.6279,NA,6.61,NA,47102.30859375,47.54999923706055,2372.6,11.66,48.05,0.66,2.66953,137.15,NA,NA,4.588235294117648,2.4296081277213353,6.29,7.37,2372.60009765625
2017-03-11,NA,NA,NA,NA,NA,NA,NA,NA,NA,0.66,2.66953,NA,NA,NA,4.235294117647059,0,NA,7.398,NA
2017-03-12,NA,NA,NA,NA,NA,NA,NA,NA,NA,0.66,2.66953,NA,NA,NA,3.7058823529411766,0,NA,NA,NA
2017-03-13,19.5803,NA,6.62,NA,47101.140625,47.459999084472656,2373.47,11.35,47.95,0.66,2.68573,137.66,NA,NA,5.470588235294118,2.5195936139332367,6.29,7.34,2373.469970703125
2017-03-14,19.6543,6.3,6.62,NA,47087.96875,47.22999954223633,2365.45,12.3,47.24,0.66,2.75604,141.06,NA,NA,5.911764705882353,3.0595065312046446,6.29,7.346,2365.449951171875
2017-03-15,19.4493,NA,6.6267,NA,47470.30859375,48.7599983215332,2385.26,11.63,48.34,0.66,2.72612,130.27,NA,NA,6.529411764705883,1.8896952104499274,6.401,7.248,2385.260009765625
2017-03-16,19.173,NA,6.6336,NA,48056.55859375,49.33000183105469,2381.38,11.21,48.3,0.91,2.64807,132.06,NA,NA,7.500000000000001,2.7895500725689404,6.31,7.251,2381.3798828125
2017-03-17,19.117,NA,6.6355,NA,48593.44140625,50.06999969482422,2378.25,11.28,48.34,0.91,2.65051,128.38,NA,NA,8.205882352941178,4.409288824383164,NA,7.248,2378.25
2017-03-18,NA,NA,NA,NA,NA,NA,NA,NA,NA,0.91,2.65051,NA,NA,NA,4.5,0,NA,7.262,NA
2017-03-19,NA,NA,NA,NA,NA,NA,NA,NA,NA,0.91,2.65051,NA,NA,NA,4.676470588235294,0,NA,NA,NA
2017-03-20,NA,NA,NA,NA,NA,50.400001525878906,2373.47,11.34,47.79,0.91,2.65915,141.18,NA,NA,6.794117647058824,0,NA,7.25,2373.469970703125
2017-03-21,19.107,6.32,6.6425,NA,48589.05078125,50.13999938964844,2344.02,12.47,47.02,0.91,2.68421,142.89,NA,NA,6.705882352941177,2.609579100145138,6.31,7.24,2344.02001953125
2017-03-22,19.0837,NA,6.6438,NA,48487.30078125,50.209999084472656,2348.45,12.81,47.29,0.91,2.71075,140.95,NA,NA,6,2.2496371552975325,6.32,7.13,2348.449951171875
2017-03-23,18.9877,NA,6.6438,NA,48676.91015625,50.75,2345.96,13.12,47,0.91,2.66235,138.54,NA,NA,6.176470588235294,3.599419448476052,6.32,7.06,2345.9599609375
2017-03-24,18.8528,NA,6.6325,NA,49083.8515625,51.560001373291016,2343.98,12.96,47.3,0.91,2.5997,133.19,NA,NA,6.529411764705883,2.2496371552975325,NA,7.03,2343.97998046875
2017-03-25,NA,NA,NA,NA,NA,NA,NA,NA,NA,0.91,2.5997,NA,NA,NA,6.4411764705882355,0,NA,7.05,NA
2017-03-26,NA,NA,NA,NA,NA,NA,NA,NA,NA,0.91,2.5997,NA,NA,NA,4.058823529411765,0,NA,7.05,NA
2017-03-27,18.8661,NA,6.6413,NA,49312.98828125,51.5,2341.59,12.5,47.02,0.91,2.5823,134.13,NA,NA,7.411764705882353,2.5195936139332367,6.4,7.07,2341.590087890625
2017-03-28,18.8853,6.43,6.66,NA,49339.23828125,51.2599983215332,2358.57,11.53,48.36,0.91,2.50852,131.72,NA,NA,8.029411764705882,2.699564586357039,6.451,7.13,2358.570068359375
2017-03-29,18.8092,NA,6.6693,NA,49036.51953125,51.79999923706055,2361.13,11.42,49.47,0.91,2.49848,129.26,NA,NA,8.823529411764707,3.4194484760522497,6.39,7.05,2361.1298828125
2017-03-30,18.7079,NA,6.6796,NA,48863.30078125,51.630001068115234,2368.06,11.54,50.3,0.91,2.50921,128.31,NA,NA,5.911764705882353,2.4296081277213353,6.531,7.004,2368.06005859375
2017-03-31,18.7955,NA,6.835,NA,48541.55859375,51.16999816894531,2362.72,12.37,50.54,0.82,2.55062,128.53,NA,NA,5.735294117647059,2.5195936139332367,6.46,7.006,2362.719970703125
2017-04-01,NA,NA,NA,7.24,NA,NA,NA,NA,NA,0.82,2.55062,NA,5,2,4.460685483870967,0,NA,7.007,NA
2017-04-02,NA,NA,NA,NA,NA,NA,NA,NA,NA,0.82,2.55062,NA,NA,NA,4.309475806451612,0,NA,NA,NA
2017-04-03,18.732,NA,6.8412,NA,48819.0703125,51.63999938964844,2358.84,12.38,50.25,0.91,2.59514,129.48,NA,NA,5.82157258064516,2.8169014084507045,6.48,7.003,2358.840087890625
2017-04-04,18.8334,6.48,6.849,NA,49342.76953125,51.66999816894531,2360.16,11.79,50.99,0.91,2.5921,130.23,NA,NA,5.141129032258064,5.211267605633803,6.481,7.069,2360.159912109375
2017-04-05,18.7192,NA,6.8448,NA,49207.609375,51.66999816894531,2352.95,12.89,51.14,0.91,2.591,130.26,NA,NA,3.8558467741935476,3.5211267605633805,6.48,7,2352.949951171875
2017-04-06,18.7696,NA,6.8524,NA,49012.421875,51.470001220703125,2357.49,12.39,51.69,0.91,2.60245,128.82,NA,NA,5.065524193548386,4.225352112676057,6.47,7.035,2357.489990234375
2017-04-07,18.656,NA,6.8492,NA,49343.640625,52.06999969482422,2355.54,12.87,52.25,0.91,2.58466,127.36,NA,NA,5.594758064516128,0,6.47,7.05,2355.5400390625
2017-04-08,NA,NA,NA,NA,NA,NA,NA,NA,NA,0.91,2.58466,NA,NA,NA,5.897177419354838,0,NA,7.067,NA
2017-04-09,NA,NA,NA,NA,NA,NA,NA,NA,NA,0.91,2.58466,NA,NA,NA,4.38508064516129,3.802816901408451,NA,7.08,NA
2017-04-10,18.6923,6.54,6.855,NA,49540.26171875,52.08000183105469,2357.16,14.05,53.06,0.91,2.59243,125.39,NA,NA,4.989919354838709,0,6.47,7.08,2357.159912109375
2017-04-11,18.7646,NA,6.8559,NA,49637.9296875,51.900001525878906,2353.78,15.07,53.38,0.91,2.63378,127.82,NA,NA,4.158266129032257,0,6.54,7.126,2353.780029296875
2017-04-12,18.7528,NA,6.86,NA,48955.8203125,51.38999938964844,2344.93,15.77,53.12,0.91,2.60807,128.79,NA,NA,6.42641129032258,3.098591549295775,6.54,7.11,2344.929931640625
2017-04-13,NA,NA,NA,NA,NA,51.189998626708984,2328.95,15.96,53.19,0.91,2.58891,127.58,NA,NA,6.350806451612902,0,NA,7.11,2328.949951171875
2017-04-14,NA,NA,NA,NA,NA,NA,NA,NA,NA,0.91,2.58891,127.59,NA,NA,3.8558467741935476,0,NA,NA,NA
2017-04-15,NA,NA,NA,NA,NA,NA,NA,NA,NA,0.91,2.58891,NA,NA,NA,4.611895161290322,0,NA,NA,NA
2017-04-16,NA,NA,NA,NA,NA,NA,NA,NA,NA,0.91,2.58891,NA,NA,NA,4.007056451612903,0,NA,NA,NA
2017-04-17,18.5582,NA,6.87,NA,49011.55859375,51.790000915527344,2349.01,14.66,52.62,0.91,2.57816,128.8,NA,NA,5.519153225806451,0,6.501,7.04,2349.010009765625
2017-04-18,18.4863,6.47,6.8725,NA,48762.53125,51.54999923706055,2342.19,14.42,52.46,0.91,2.64926,129.76,NA,NA,5.519153225806451,2.8169014084507045,6.511,7.038,2342.18994140625
2017-04-19,18.8374,NA,6.8725,NA,48873.83984375,50.93000030517578,2338.17,14.93,50.49,0.91,2.62078,130.78,NA,NA,4.763104838709677,3.6619718309859155,6.47,7.084,2338.169921875
2017-04-20,18.8187,NA,6.88,NA,49144.9609375,51.470001220703125,2355.84,14.15,50.26,0.91,2.62964,130.3,NA,NA,5.519153225806451,2.9577464788732395,6.51,7.077,2355.840087890625
2017-04-21,18.8413,NA,6.88,NA,48967.828125,51.369998931884766,2348.69,14.63,49.64,0.91,2.59963,128.08,NA,NA,4.989919354838709,2.676056338028169,6.51,7.126,2348.68994140625
2017-04-22,NA,NA,NA,NA,NA,NA,NA,NA,NA,0.91,2.59963,NA,NA,NA,5.443548387096773,0,NA,7.14,NA
2017-04-23,NA,NA,NA,NA,NA,NA,NA,NA,NA,0.91,2.59963,NA,NA,NA,4.158266129032257,0,NA,NA,NA
2017-04-24,18.6521,NA,6.886,NA,49413.26171875,52.22999954223633,2374.15,10.84,48.9,0.91,2.55042,123.95,NA,NA,5.519153225806451,6.19718309859155,6.49,7.13,2374.14990234375
2017-04-25,18.9225,6.5,6.8929,NA,49808.05078125,52.040000915527344,2388.61,10.76,49.22,0.91,2.5373,119.58,NA,NA,4.687499999999999,5.774647887323944,NA,7.14,2388.610107421875
2017-04-26,19.1119,NA,6.9013,NA,49565.16015625,50.9900016784668,2387.45,10.85,49.22,0.91,2.5964,126.15,NA,NA,3.704637096774193,4.507042253521127,6.51,7.19,2387.449951171875
2017-04-27,19.067,NA,6.8925,NA,49440.9609375,51.439998626708984,2388.77,10.36,48.96,0.91,2.59853,120.53,NA,NA,6.577620967741934,4.929577464788733,6.52,7.16,2388.77001953125
2017-04-28,18.9594,NA,6.8935,NA,49261.328125,51.7599983215332,2384.2,10.82,49.31,0.83,2.5413,117.6,NA,NA,5.367943548387096,3.802816901408451,6.52,7.12,2384.199951171875
2017-04-29,NA,NA,NA,NA,NA,NA,NA,NA,NA,0.83,2.5413,NA,NA,NA,4.838709677419354,0,NA,7.15,NA
2017-04-30,NA,NA,NA,NA,NA,NA,NA,NA,NA,0.83,2.5413,NA,NA,NA,4.460685483870967,0,NA,NA,NA
2017-05-01,NA,NA,NA,7.32,NA,52.06999969482422,2388.33,10.11,48.83,0.91,2.50995,117.36,5,2,4.979556074766355,2.2934648581997537,NA,7.16,2388.330078125
2017-05-02,18.7731,6.5,6.8954,NA,49588.83984375,52.349998474121094,2391.17,10.59,47.65,0.91,2.50723,112.22,NA,NA,6.337616822429907,3.2872996300863138,6.49,7.07,2391.169921875
2017-05-03,18.8031,NA,6.8967,NA,49099.98046875,51.59000015258789,2388.13,10.68,47.79,0.91,2.47212,112.23,NA,NA,3.9836448598130842,2.7521578298397045,6.49,7.104,2388.1298828125
2017-05-04,19.0019,NA,6.8952,NA,48998.109375,50.81999969482422,2389.52,10.46,45.55,0.91,2.49829,119.57,NA,NA,6.518691588785047,2.98150431565968,6.51,7.184,2389.52001953125
2017-05-05,19.0137,NA,6.8947,NA,49485.671875,51.529998779296875,2399.29,10.57,46.23,0.91,2.49059,116.38,NA,NA,4.526869158878505,2.217016029593095,6.52,7.15,2399.2900390625
2017-05-06,NA,NA,NA,NA,NA,NA,NA,NA,NA,0.91,2.49059,NA,NA,NA,3.621495327102804,0,NA,7.17,NA
2017-05-07,NA,NA,NA,NA,NA,NA,NA,NA,NA,0.91,2.49059,NA,NA,NA,3.078271028037383,0,NA,7.17,NA
2017-05-08,19.1164,NA,6.89,NA,49505.859375,51.0099983215332,2399.38,9.77,46.46,0.91,2.47027,120.55,NA,NA,4.617406542056075,3.898890258939581,6.52,7.19,2399.3798828125
2017-05-09,19.1364,6.49,6.8898,NA,49939.46875,51.439998626708984,2396.92,9.96,45.84,0.91,2.47162,119.57,NA,NA,5.432242990654206,2.2934648581997537,6.52,7.23,2396.919921875
2017-05-10,18.9587,NA,6.893,NA,49930.5390625,52.029998779296875,2399.63,10.21,47.28,0.91,2.43477,116.14,NA,NA,5.160630841121495,2.0641183723797782,6.48,7.2,2399.6298828125
2017-05-11,18.9039,NA,6.895,NA,49530.53125,52.02000045776367,2394.44,10.6,47.81,0.91,2.42562,117.86,NA,NA,4.526869158878505,2.828606658446363,6.5,7.18,2394.43994140625
2017-05-12,18.7594,NA,6.8906,NA,49426.078125,52.08000183105469,2390.9,10.4,47.83,0.91,2.43977,117.36,NA,NA,4.526869158878505,1.8347718865598028,6.5,7.148,2390.89990234375
2017-05-13,NA,NA,NA,NA,NA,NA,NA,NA,NA,0.91,2.43977,NA,NA,NA,4.617406542056075,0,NA,7.192,NA
2017-05-14,NA,NA,NA,NA,NA,NA,NA,NA,NA,0.91,2.43977,NA,NA,NA,2.987733644859813,0,NA,NA,NA
2017-05-15,18.67,NA,6.8885,NA,49678.9609375,52.720001220703125,2402.32,10.42,48.86,0.91,2.41046,114.92,NA,NA,5.703855140186916,1.6818742293464861,6.51,7.144,2402.320068359375
2017-05-16,18.6183,6.53,6.8876,NA,49459.62109375,52.540000915527344,2400.67,10.65,48.64,0.91,2.40815,114.68,NA,NA,5.160630841121495,2.1405672009864367,6.51,7.13,2400.669921875
2017-05-17,18.6761,NA,6.8858,NA,48747.94921875,51.529998779296875,2357.03,15.59,49.04,0.91,2.50404,120.75,NA,NA,5.613317757009346,2.5992601726263875,6.52,7.03,2357.030029296875
2017-05-18,18.8898,NA,6.8896,NA,48322.23828125,50.72999954223633,2365.72,14.66,49.36,0.91,2.52329,120.29,NA,NA,6.247079439252337,2.4463625154130706,6.72,7.053,2365.719970703125
2017-05-19,18.6859,NA,7.0979,NA,49067.46875,52.0099983215332,2381.73,12.04,50.32,0.91,2.50534,113.92,NA,NA,6.699766355140187,2.217016029593095,6.73,7.22,2381.72998046875
2017-05-20,NA,NA,NA,NA,NA,NA,NA,NA,NA,0.91,2.50534,NA,NA,NA,7.605140186915888,0,NA,7.23,NA
2017-05-21,NA,NA,NA,NA,NA,NA,NA,NA,NA,0.91,2.50534,NA,NA,NA,4.255257009345795,0,NA,NA,NA
2017-05-22,18.6633,NA,7.1145,NA,48943.4609375,51.849998474121094,2394.02,10.93,50.81,0.91,2.50125,113.92,NA,NA,5.160630841121495,2.522811344019729,6.72,7.25,2394.02001953125
2017-05-23,18.615,6.71,7.12,NA,49042.51953125,52.099998474121094,2398.42,10.72,51.12,0.91,2.4647,113,NA,NA,5.613317757009346,4.204685573366215,6.74,7.28,2398.419921875
2017-05-24,18.5689,NA,7.13,NA,49494.3984375,53.099998474121094,2404.39,10.02,50.99,0.91,2.46062,112.01,NA,NA,4.255257009345795,3.9753390875462395,6.7,7.27,2404.389892578125
2017-05-25,18.4185,NA,7.1335,NA,49410.921875,52.63999938964844,2415.07,9.99,48.57,0.91,2.47284,114.95,NA,NA,4.436331775700935,2.522811344019729,6.73,7.28,2415.070068359375
2017-05-26,18.4849,NA,7.14,NA,49688.26953125,53.060001373291016,2415.82,9.81,49.58,0.91,2.46962,115.2,NA,NA,5.070093457943925,1.6054254007398276,6.74,7.284,2415.820068359375
2017-05-27,NA,NA,NA,NA,NA,NA,NA,NA,NA,0.91,2.46962,NA,NA,NA,5.341705607476635,0,NA,7.286,NA
2017-05-28,NA,NA,NA,NA,NA,NA,NA,NA,NA,0.91,2.46962,NA,NA,NA,3.078271028037383,2.0641183723797782,NA,NA,NA
2017-05-29,18.5121,NA,7.145,NA,49450.48046875,NA,NA,NA,NA,0.91,2.46962,115.2,NA,NA,4.889018691588785,2.4463625154130706,NA,NA,NA
2017-05-30,18.6643,6.72,7.1471,NA,49277.94921875,52.04999923706055,2412.91,10.38,49.63,0.91,2.50621,117.65,NA,NA,6.066004672897196,2.369913686806412,6.76,7.289,2412.909912109375
2017-05-31,18.6909,NA,7.15,NA,48788.44140625,51.619998931884766,2411.8,10.41,48.29,0.83,2.5537,119.36,NA,NA,4.889018691588785,2.7521578298397045,6.71,7.314,2411.800048828125
2017-06-01,18.5941,NA,7.15,NA,49101.640625,52.119998931884766,2430.06,9.89,48.32,0.91,2.5595,118.63,6,2,6.940187839841818,5.323741007194244,6.73,7.268,2430.06005859375
2017-06-02,18.6204,NA,7.1556,NA,49317.37890625,52,2439.07,9.75,47.68,0.91,2.59736,117.89,NA,NA,6.228373702422145,5.611510791366906,6.75,7.248,2439.070068359375
2017-06-03,NA,NA,NA,NA,NA,NA,NA,NA,NA,0.91,2.59736,NA,NA,NA,3.1141868512110724,0,NA,7.252,NA
2017-06-04,NA,NA,NA,NA,NA,NA,NA,NA,NA,0.91,2.59736,NA,NA,NA,3.7370242214532867,0,NA,NA,NA
2017-06-05,18.3819,NA,7.155,NA,49592.48828125,53.45000076293945,2436.1,10.07,47.4,0.91,2.49206,111.28,NA,NA,5.6055363321799305,3.741007194244604,6.76,7.158,2436.10009765625
2017-06-06,18.2762,6.74,7.16,NA,49218.62109375,53.2400016784668,2429.33,10.45,48.13,0.91,2.46958,110.05,NA,NA,5.160652496292634,4.172661870503597,6.73,7.068,2429.330078125
2017-06-07,18.2278,NA,7.1585,NA,49274.96875,53.40999984741211,2433.14,10.39,45.8,0.91,2.42962,111.04,NA,NA,5.6055363321799305,3.741007194244604,6.72,7.09,2433.139892578125
2017-06-08,18.1946,NA,7.1648,NA,49087.4609375,53.34000015258789,2433.79,10.16,45.68,0.91,2.43775,109.81,NA,NA,4.626791893227879,5.899280575539568,6.74,7.086,2433.7900390625
2017-06-09,18.1939,NA,7.1661,NA,49081.73046875,53.36000061035156,2431.77,10.7,45.82,0.91,2.42766,108.58,NA,NA,6.495304003954523,3.884892086330935,6.8,7.07,2431.77001953125
2017-06-10,NA,NA,NA,NA,NA,NA,NA,NA,NA,0.91,2.42766,NA,NA,NA,6.228373702422145,0,NA,7.08,NA
2017-06-11,NA,NA,NA,NA,NA,NA,NA,NA,NA,0.91,2.42766,NA,NA,NA,6.139396935244686,0,NA,NA,NA
2017-06-12,18.1802,NA,7.19,NA,49128.76171875,53.59000015258789,2429.39,11.46,46.1,0.91,2.42507,109.56,NA,NA,5.6055363321799305,0,6.77,7.08,2429.389892578125
2017-06-13,18.0725,6.79,7.1875,NA,49026.828125,53.720001220703125,2440.35,10.42,46.41,0.91,2.42702,106.86,NA,NA,7.474048442906573,0,6.78,7.05,2440.35009765625
2017-06-14,17.9343,NA,7.1873,NA,49291.03125,54.16999816894531,2437.92,10.64,44.79,0.91,2.44308,104.9,NA,NA,7.029164607019278,3.1654676258992804,6.79,6.96,2437.919921875
2017-06-15,18.1154,NA,7.185,NA,49139.69921875,53.779998779296875,2432.46,10.9,44.47,1.16,2.46768,107.85,NA,NA,7.296094908551655,3.741007194244604,6.84,6.948,2432.4599609375
2017-06-16,17.9321,NA,7.1899,NA,49221.03125,54.459999084472656,2433.15,10.38,44.73,1.16,2.48317,110.05,NA,NA,7.829955511616411,0,6.83,6.83,2433.14990234375
2017-06-17,NA,NA,NA,NA,NA,NA,NA,NA,NA,1.16,2.48317,NA,NA,NA,4.715768660405338,0,NA,6.86,NA
2017-06-18,NA,NA,NA,NA,NA,NA,NA,NA,NA,1.16,2.48317,NA,NA,NA,6.673257538309441,0,NA,NA,NA
2017-06-19,17.9519,NA,7.1929,NA,49169.5703125,54.189998626708984,2453.46,10.37,44.24,1.16,2.47499,110.54,NA,NA,5.69451309935739,3.0215827338129495,6.85,6.82,2453.4599609375
2017-06-20,18.1167,6.87,7.1975,NA,49033.05078125,52.83000183105469,2437.03,10.86,43.34,1.16,2.58184,112.26,NA,NA,5.783489866534849,2.8776978417266186,6.86,6.92,2437.030029296875
2017-06-21,18.157,NA,7.202,NA,48983.44921875,52.61000061035156,2435.61,10.75,42.48,1.16,2.62725,115.32,NA,NA,7.118141374196737,0,6.86,6.94,2435.610107421875
2017-06-22,18.127,NA,7.21,NA,49017.4296875,53.11000061035156,2434.5,10.48,42.53,1.16,2.62202,112.5,NA,NA,6.851211072664359,4.60431654676259,6.94,6.8,2434.5
2017-06-23,17.99,NA,7.3465,NA,48980.78125,53.560001373291016,2438.3,10.02,42.86,1.16,2.61482,110.3,NA,NA,6.228373702422145,3.884892086330935,6.96,6.65,2438.300048828125
2017-06-24,NA,NA,NA,NA,NA,NA,NA,NA,NA,1.16,2.61482,NA,NA,NA,5.160652496292634,0,NA,6.67,NA
2017-06-25,NA,NA,NA,NA,NA,NA,NA,NA,NA,1.16,2.61482,NA,NA,NA,4.982698961937716,0,6.96,6.67,NA
2017-06-26,17.8775,NA,7.34,NA,49165.671875,54.2400016784668,2439.07,9.9,43.24,1.16,2.58268,109.07,NA,NA,6.406327236777063,3.4532374100719423,6.96,6.642,2439.070068359375
2017-06-27,17.9862,6.96,7.33,NA,49087.73828125,53.61000061035156,2419.38,11.06,44.25,1.16,2.5517,110.79,NA,NA,5.4275827978250115,0,6.98,6.724,2419.3798828125
2017-06-28,17.8973,NA,7.3492,NA,49340.109375,54.36000061035156,2440.69,10.03,44.74,1.16,2.54949,109.81,NA,NA,6.673257538309441,2.8776978417266186,NA,6.67,2440.68994140625
2017-06-29,18.0279,NA,7.36,NA,49198.12109375,53.599998474121094,2419.7,11.44,44.88,1.16,2.57815,113.98,NA,NA,5.961443400889768,0,NA,6.7,2419.699951171875
2017-06-30,18.0626,NA,7.365,NA,49857.48828125,53.939998626708984,2423.41,11.18,46.02,1.06,2.54684,113.25,NA,NA,7.207118141374196,0,NA,6.75,2423.409912109375
2017-07-01,NA,NA,NA,6.88,NA,NA,NA,NA,NA,1.06,2.54684,NA,6,1,5.148214285714285,2.8396946564885495,6.98,6.78,NA
2017-07-02,NA,NA,NA,NA,NA,NA,NA,NA,NA,1.06,2.54684,NA,NA,NA,4.733035714285714,0,6.98,6.78,NA
2017-07-03,18.2064,NA,7.3696,NA,50109.16015625,53.900001525878906,2429.01,11.22,NA,1.16,2.51504,113,NA,NA,6.808928571428571,3.549618320610687,NA,6.756,2429.010009765625
2017-07-04,18.2036,7,7.37,NA,50041.578125,NA,NA,NA,NA,1.16,2.51504,113,NA,NA,5.563392857142857,2.2480916030534353,NA,6.76,NA
2017-07-05,18.3556,NA,7.37,NA,50300.80859375,53.849998474121094,2432.54,11.07,45.11,1.16,2.5568,113.49,NA,NA,6.144642857142857,0,NA,6.77,2432.5400390625
2017-07-06,18.3227,NA,7.3691,NA,50015.671875,53.470001220703125,2409.75,12.54,45.52,1.16,2.5751,115.45,NA,NA,6.975,0,7.01,6.82,2409.75
2017-07-07,18.1394,NA,7.365,NA,50059.01953125,54.13999938964844,2425.18,11.19,44.25,1.16,2.53962,113.49,NA,NA,5.729464285714285,3.549618320610687,7,6.77,2425.179931640625
2017-07-08,NA,NA,NA,NA,NA,NA,NA,NA,NA,1.16,2.53962,NA,NA,NA,3.736607142857143,0,7.02,6.79,NA
2017-07-09,NA,NA,NA,NA,NA,NA,NA,NA,NA,1.16,2.53962,NA,NA,NA,5.0651785714285715,0,NA,NA,NA
2017-07-10,17.9751,NA,7.3527,NA,50616.80859375,55.25,2427.43,11.11,44.4,1.16,2.50925,112.26,NA,NA,6.725892857142857,0,6.95,6.75,2427.429931640625
2017-07-11,17.9482,6.98,7.3525,NA,50510.23046875,55.11000061035156,2425.53,10.89,45.06,1.16,2.53788,113.73,NA,NA,5.563392857142857,2.603053435114504,7.03,6.78,2425.530029296875
2017-07-12,17.7708,NA,7.3425,NA,50809.76953125,56.02000045776367,2443.25,10.3,45.48,1.16,2.52802,110.3,NA,NA,5.646428571428571,0,6.97,6.77,2443.25
2017-07-13,17.7422,NA,7.355,NA,50968.76171875,56.349998474121094,2447.83,9.9,46.06,1.16,2.52754,110.55,NA,NA,6.0616071428571425,0,6.98,6.774,2447.830078125
2017-07-14,17.5613,NA,7.3612,NA,51162.23046875,57.04999923706055,2459.27,9.51,46.53,1.16,2.52345,109.07,NA,NA,5.8125,0,6.98,6.76,2459.27001953125
2017-07-15,NA,NA,NA,NA,NA,NA,NA,NA,NA,1.16,2.52345,NA,NA,NA,7.307142857142857,0,7,6.801,NA
2017-07-16,NA,NA,NA,NA,NA,NA,NA,NA,NA,1.16,2.52345,NA,NA,NA,3.9857142857142858,0,7,6.801,NA
2017-07-17,17.5836,NA,7.365,NA,51332.2890625,57.20000076293945,2459.14,9.82,46.02,1.16,2.5136,109.07,NA,NA,6.725892857142857,0,7,6.77,2459.139892578125
2017-07-18,17.5134,6.99,7.3675,NA,51099.7109375,57.27000045776367,2460.61,9.89,46.4,1.16,2.50433,108,NA,NA,7.224107142857142,0,6.95,6.78,2460.610107421875
2017-07-19,17.4937,NA,7.3675,NA,51086.9296875,57.150001525878906,2473.83,9.79,47.1,1.16,2.4678,105.09,NA,NA,7.307142857142857,2.603053435114504,6.98,6.8,2473.830078125
2017-07-20,17.526,NA,7.3751,NA,51144.140625,57.25,2473.45,9.58,46.73,1.16,2.43215,103.27,NA,NA,6.0616071428571425,2.484732824427481,6.99,6.79,2473.449951171875
2017-07-21,17.5618,NA,7.3675,NA,51564.62109375,57.31999969482422,2472.54,9.36,45.78,1.16,2.43889,104.5,NA,NA,6.39375,0,6.97,6.81,2472.5400390625
2017-07-22,NA,NA,NA,NA,NA,NA,NA,NA,NA,1.16,2.43889,NA,NA,NA,5.8125,0,6.99,6.84,NA
2017-07-23,NA,NA,NA,NA,NA,NA,NA,NA,NA,1.16,2.43889,NA,NA,NA,4.816071428571428,0,NA,NA,NA
2017-07-24,17.6893,NA,7.3725,NA,51665.6484375,57.18000030517578,2469.91,9.43,46.21,1.16,2.45972,106.95,NA,NA,6.227678571428571,0,6.97,6.82,2469.909912109375
2017-07-25,17.7492,6.99,7.3725,NA,51713.37890625,57.029998779296875,2477.13,9.43,47.77,1.16,2.42922,107.86,NA,NA,7.5562499999999995,2.603053435114504,6.97,6.86,2477.1298828125
2017-07-26,17.7561,NA,7.3763,NA,51600.26171875,57.54999923706055,2477.83,9.6,48.58,1.16,2.4151,104.66,NA,NA,6.0616071428571425,0,6.97,6.81,2477.830078125
2017-07-27,17.6886,NA,7.376,NA,51257.359375,56.630001068115234,2475.42,10.11,49.05,1.16,2.37004,104.66,NA,NA,7.805357142857143,0,6.99,6.83,2475.419921875
2017-07-28,17.7435,NA,7.3811,NA,51213.6015625,56.68000030517578,2472.1,10.29,49.72,1.16,2.38732,102.2,NA,NA,7.722321428571428,5.561068702290076,6.97,6.82,2472.10009765625
2017-07-29,NA,NA,NA,NA,NA,NA,NA,NA,NA,1.16,2.38732,NA,NA,NA,4.6499999999999995,0,6.99,6.85,NA
2017-07-30,NA,NA,NA,NA,NA,NA,NA,NA,NA,1.16,2.38732,NA,NA,NA,4.733035714285714,0,NA,NA,NA
2017-07-31,17.8646,NA,7.3775,NA,51011.87109375,56.29999923706055,2470.3,10.26,50.21,1.07,2.36556,101.96,NA,NA,5.895535714285714,2.9580152671755724,6.99,6.82,2470.300048828125
2017-08-01,17.8108,6.99,7.375,6.89,51195.01171875,56.2400016784668,2476.35,10.09,49.19,1.16,2.36099,100.73,5,2,7.484307098020279,0,6.99,6.82,2476.35009765625
2017-08-02,17.8696,NA,7.3715,NA,51200.12890625,56.38999938964844,2477.57,10.28,49.6,1.16,2.37908,99.01,NA,NA,6.661033317238048,0,6.98,6.826,2477.570068359375
2017-08-03,17.8733,NA,7.373,NA,51293.0703125,56.369998931884766,2472.16,10.44,49.03,1.16,2.40261,99.83,NA,NA,5.388701110574601,0,6.99,6.8,2472.159912109375
2017-08-04,17.8798,NA,7.3775,NA,51328.2890625,56.470001220703125,2476.83,10.03,49.57,1.16,2.40344,99.99,NA,NA,5.762916465475615,0,6.99,6.82,2476.830078125
2017-08-05,NA,NA,NA,NA,NA,NA,NA,NA,NA,1.16,2.40344,NA,NA,NA,4.490584258812167,0,7.01,6.85,NA
2017-08-06,NA,NA,NA,NA,NA,NA,NA,NA,NA,1.16,2.40344,NA,NA,NA,3.3679381941091258,0,7.01,6.85,NA
2017-08-07,17.9641,NA,7.3725,NA,51389.26953125,56.38999938964844,2480.91,9.93,49.37,1.16,2.41819,99.01,NA,NA,4.490584258812167,0,7,6.83,2480.909912109375
2017-08-08,17.916,6.96,7.378,NA,51328.76171875,56.5099983215332,2474.92,10.96,49.07,1.16,2.39273,100.98,NA,NA,6.062288749396426,0,7,6.84,2474.919921875
2017-08-09,17.9671,NA,7.381,NA,51237.5,56.060001373291016,2474.02,11.11,49.59,1.16,2.46407,101.47,NA,NA,5.837759536455818,3.77027027027027,6.95,6.85,2474.02001953125
2017-08-10,17.9073,NA,7.3811,NA,50906.83984375,55.58000183105469,2438.21,16.04,48.54,1.16,2.53813,106.87,NA,NA,7.035248672139063,3.4909909909909906,6.97,6.81,2438.2099609375
2017-08-11,17.847,NA,7.375,NA,50645.1015625,56.0099983215332,2441.32,15.51,48.81,1.16,2.54112,105.88,NA,NA,5.014485755673587,4.468468468468468,6.98,6.79,2441.320068359375
2017-08-12,NA,NA,NA,NA,NA,NA,NA,NA,NA,1.16,2.54112,NA,NA,NA,5.313858039594399,0,7,6.82,NA
2017-08-13,NA,NA,NA,NA,NA,NA,NA,NA,NA,1.16,2.54112,NA,NA,NA,4.490584258812167,0,NA,NA,NA
2017-08-14,17.7755,NA,7.3721,NA,51167.46875,56.709999084472656,2465.84,12.33,47.59,1.16,2.48827,105.89,NA,NA,5.6880733944954125,0,6.98,6.798,2465.840087890625
2017-08-15,17.8483,6.91,7.3785,NA,51339.2890625,56.7400016784668,2464.61,12.04,47.57,1.16,2.43776,105.15,NA,NA,4.789956542732979,3.072072072072072,6.91,6.836,2464.610107421875
2017-08-16,17.716,NA,7.3781,NA,51156.671875,57.11000061035156,2468.11,11.74,46.8,1.16,2.44781,106.38,NA,NA,5.837759536455818,3.77027027027027,6.88,6.81,2468.110107421875
2017-08-17,17.7324,NA,7.3762,NA,50994.1796875,56.220001220703125,2430.01,15.55,47.07,1.16,2.49054,109.32,NA,NA,4.864799613713181,5.027027027027026,6.95,6.81,2430.010009765625
2017-08-18,17.8584,NA,7.3799,NA,51075.4609375,56.86000061035156,2425.55,14.26,48.59,1.16,2.47163,107.85,NA,NA,5.014485755673587,3.77027027027027,6.97,6.78,2425.550048828125
2017-08-19,NA,NA,NA,NA,NA,NA,NA,NA,NA,1.16,2.47163,NA,NA,NA,3.8918396909705453,0,NA,6.819,NA
2017-08-20,NA,NA,NA,NA,NA,NA,NA,NA,NA,1.16,2.47163,NA,NA,NA,3.8169966199903422,0,NA,NA,NA
2017-08-21,17.6501,NA,7.3775,NA,51241.109375,57.33000183105469,2428.37,13.19,47.39,1.16,2.47164,108.34,NA,NA,6.137131820376629,0,6.93,6.76,2428.3701171875
2017-08-22,17.6458,6.92,7.375,NA,51332.98046875,57.43000030517578,2452.51,11.35,47.65,1.16,2.44753,106.62,NA,NA,4.490584258812167,3.9099099099099095,6.94,6.77,2452.510009765625
2017-08-23,17.7113,NA,7.3725,NA,51280.171875,57.27000045776367,2444.04,12.25,48.45,1.16,2.48034,105.88,NA,NA,5.1641718976339925,3.4909909909909906,6.91,6.77,2444.0400390625
2017-08-24,17.6977,NA,7.37,NA,51470.05859375,57.290000915527344,2438.97,12.23,47.24,1.16,2.43101,104.9,NA,NA,3.6673104780299366,4.887387387387387,6.91,6.79,2438.969970703125
2017-08-25,17.6205,NA,7.3725,NA,51373.23046875,57.619998931884766,2443.05,11.28,47.65,1.16,2.41391,102.94,NA,NA,3.966682761950748,4.468468468468468,6.93,6.78,2443.050048828125
2017-08-26,NA,NA,NA,NA,NA,NA,NA,NA,NA,1.16,2.41391,NA,NA,NA,3.8169966199903422,0,6.95,6.81,NA
2017-08-27,NA,NA,NA,NA,NA,NA,NA,NA,NA,1.16,2.41391,NA,NA,NA,3.592467407049734,0,6.95,NA,NA
2017-08-28,17.8049,NA,7.3709,NA,51266.71875,56.619998931884766,2444.24,11.32,46.4,1.16,2.41889,107.85,NA,NA,4.56542732979237,5.445945945945946,6.93,6.814,2444.239990234375
2017-08-29,17.876,6.91,7.3708,NA,51313.66015625,56.59000015258789,2446.3,11.7,46.46,1.16,2.42164,106.87,NA,NA,4.56542732979237,3.2117117117117115,6.94,6.808,2446.300048828125
2017-08-30,17.7753,NA,7.3825,NA,51193.51953125,56.849998474121094,2457.59,11.22,45.96,1.16,2.39213,101.96,NA,NA,4.715113471752776,3.4909909909909906,6.91,6.798,2457.590087890625
2017-08-31,17.8145,NA,7.378,NA,51210.48046875,56.470001220703125,2471.65,10.59,47.26,1.07,2.44202,100.97,NA,NA,5.014485755673587,5.725225225225225,6.91,6.792,2471.64990234375
2017-09-01,17.7861,NA,7.3768,6.79,51080.8515625,56.7599983215332,2476.55,10.13,47.32,1.16,2.40596,99.25,5,2,5.638424821002387,0,6.96,6.814,2476.550048828125
2017-09-02,NA,NA,NA,NA,NA,NA,NA,NA,NA,1.16,2.40596,NA,NA,NA,4.206443914081145,0,6.98,6.826,NA
2017-09-03,NA,NA,NA,NA,NA,NA,NA,NA,NA,1.16,2.40596,NA,NA,NA,3.7589498806682577,0,6.98,NA,NA
2017-09-04,17.8683,NA,7.3725,NA,50825.76953125,NA,NA,NA,NA,1.16,2.40596,99.25,NA,NA,4.385441527446301,0,6.99,6.822,NA
2017-09-05,17.836,6.98,7.3726,NA,50301.390625,55.560001373291016,2457.85,12.23,48.63,1.16,2.45851,99.01,NA,NA,6.085918854415274,3.6885245901639347,6.94,6.82,2457.85009765625
2017-09-06,17.8136,NA,7.3775,NA,50515.6015625,56.18000030517578,2465.54,11.63,49.13,1.16,2.45597,97.53,NA,NA,4.4749403341288785,3.4426229508196724,6.97,6.82,2465.5400390625
2017-09-07,17.6965,NA,7.369,NA,50249.12109375,56.40999984741211,2465.1,11.55,49.1,1.16,2.45904,97.53,NA,NA,4.6539379474940334,4.918032786885246,6.98,6.734,2465.10009765625
2017-09-08,17.7331,NA,7.375,NA,50083.80078125,55.86000061035156,2461.43,12.12,47.44,1.16,2.4644,99.01,NA,NA,5.369928400954654,3.3196721311475414,6.95,6.7,2461.429931640625
2017-09-09,NA,NA,NA,NA,NA,NA,NA,NA,NA,1.16,2.4644,NA,NA,NA,5.011933174224343,0,6.98,6.72,NA
2017-09-10,NA,NA,NA,NA,NA,NA,NA,NA,NA,1.16,2.4644,NA,NA,NA,3.9379474940334127,0,6.98,NA,NA
2017-09-11,17.6443,NA,7.3725,NA,50359.3203125,56.43000030517578,2488.11,10.73,48.06,1.16,2.42292,97.78,NA,NA,5.548926014319809,3.565573770491804,6.88,6.7,2488.110107421875
2017-09-12,17.781,6.98,7.375,NA,50480.9609375,56.2400016784668,2496.48,10.58,48.21,1.16,2.41974,99.26,NA,NA,4.832935560859188,4.180327868852459,6.91,6.7,2496.47998046875
2017-09-13,17.7836,NA,7.37,NA,50164.87890625,55.88999938964844,2498.37,10.5,49.3,1.16,2.37824,98.27,NA,NA,4.832935560859188,2.5819672131147544,6.96,6.712,2498.3701171875
2017-09-14,17.7278,NA,7.3765,NA,50107.859375,56.130001068115234,2495.62,10.44,49.86,1.16,2.40034,99.01,NA,NA,5.369928400954654,4.426229508196721,6.99,6.76,2495.6201171875
2017-09-15,17.6857,NA,7.375,NA,49921.83984375,56.060001373291016,2500.23,10.17,49.9,1.16,2.39849,97.53,NA,NA,6.801909307875895,0,NA,6.75,2500.22998046875
2017-09-16,NA,NA,NA,NA,NA,NA,NA,NA,NA,1.16,2.39849,NA,NA,NA,5.101431980906921,0,NA,6.76,NA
2017-09-17,NA,NA,NA,NA,NA,NA,NA,NA,NA,1.16,2.39849,NA,NA,NA,3.7589498806682577,0,NA,NA,NA
2017-09-18,17.761,NA,7.376,NA,50258.421875,55.90999984741211,2503.87,10.15,49.88,1.16,2.38513,97.75,NA,NA,4.832935560859188,3.3196721311475414,NA,6.77,2503.8701171875
2017-09-19,17.7643,6.98,7.3775,NA,50265.4609375,55.650001525878906,2506.65,10.18,49.54,1.16,2.3992,99.5,NA,NA,4.832935560859188,2.2131147540983607,NA,6.794,2506.64990234375
2017-09-20,17.7009,NA,7.3801,NA,50363.94921875,55.86000061035156,2508.24,9.78,50.29,1.16,2.39811,114.22,NA,NA,2.684964200477327,3.19672131147541,NA,6.79,2508.239990234375
2017-09-21,17.8545,NA,7.3767,NA,50545.75,55.72999954223633,2500.6,9.67,50.58,1.16,2.42596,113.48,NA,NA,5.638424821002387,0,NA,6.73,2500.60009765625
2017-09-22,17.7487,NA,7.3818,NA,50313.51171875,55.9900016784668,2502.22,9.59,50.33,1.16,2.4143,112.25,NA,NA,5.459427207637232,2.9508196721311477,NA,6.682,2502.219970703125
2017-09-23,NA,NA,NA,NA,NA,NA,NA,NA,NA,1.16,2.4143,NA,NA,NA,3.579952267303103,0,NA,6.723,NA
2017-09-24,NA,NA,NA,NA,NA,NA,NA,NA,NA,1.16,2.4143,NA,NA,NA,4.6539379474940334,0,NA,NA,NA
2017-09-25,17.8831,NA,7.3784,NA,50368.171875,55.59000015258789,2496.66,10.21,51.85,1.16,2.43941,115.19,NA,NA,6.26491646778043,3.6885245901639347,6.99,6.7,2496.659912109375
2017-09-26,17.9933,7,7.385,NA,50359.46875,55.40999984741211,2496.84,10.17,51.59,1.16,2.41341,113.73,NA,NA,6.26491646778043,3.4426229508196724,7.01,6.7,2496.840087890625
2017-09-27,18.13,NA,7.38,NA,50169.12890625,54.41999816894531,2507.04,9.87,52.14,1.16,2.39792,113.24,NA,NA,5.459427207637232,3.3196721311475414,7,6.75,2507.0400390625
2017-09-28,18.1979,NA,7.3794,NA,50137,54.439998626708984,2510.06,9.55,51.62,1.16,2.36579,111.03,NA,NA,6.26491646778043,4.918032786885246,7.01,6.81,2510.06005859375
2017-09-29,18.159,NA,7.3725,NA,50346.05859375,54.61000061035156,2519.36,9.51,51.67,1.06,2.33131,110.05,NA,NA,5.190930787589498,2.8278688524590168,7.02,6.78,2519.360107421875
2017-09-30,NA,NA,NA,NA,NA,NA,NA,NA,NA,1.06,2.33131,NA,NA,NA,5.101431980906921,0,9.955,6.8,NA
2017-10-01,NA,NA,NA,NA,NA,NA,NA,NA,NA,1.06,2.33131,NA,6,2,6.073469387755103,3.8122977346278324,NA,NA,NA
2017-10-02,18.2337,NA,7.3725,NA,50501.16015625,54.66999816894531,2529.12,9.45,50.59,1.16,2.32754,106.38,NA,NA,4.97687074829932,3.5113268608414243,7,6.79,2529.1201171875
2017-10-03,18.2113,7.03,7.3675,NA,50615.2890625,54.84000015258789,2534.58,9.51,50.44,1.16,2.32121,100.98,NA,NA,6.7482993197278915,2.7087378640776705,7.02,6.81,2534.580078125
2017-10-04,18.2282,NA,7.3762,NA,50565.2890625,54.63999938964844,2537.74,9.63,50,1.16,2.31939,102.46,NA,NA,5.314285714285715,2.4077669902912624,7.02,6.858,2537.739990234375
2017-10-05,18.306,NA,7.3757,NA,50480.921875,54,2552.07,9.19,50.79,1.16,2.32288,105.57,NA,NA,4.302040816326531,3.5113268608414243,6.901,6.96,2552.070068359375
2017-10-06,18.5522,NA,7.3755,NA,50302.9609375,53.56999969482422,2549.33,9.65,49.34,1.16,2.36668,108.83,NA,NA,5.989115646258504,3.2103559870550167,7.01,7.121,2549.330078125
2017-10-07,NA,NA,NA,NA,NA,NA,NA,NA,NA,1.16,2.36668,NA,NA,NA,5.061224489795919,0,7.03,7.159,NA
2017-10-08,NA,NA,NA,NA,NA,NA,NA,NA,NA,1.16,2.36668,NA,NA,NA,6.157823129251701,0,NA,NA,NA
2017-10-09,18.6646,NA,7.3773,NA,50071.94140625,53.04999923706055,2544.73,10.33,49.58,1.16,2.36668,109.08,NA,NA,6.073469387755103,2.8090614886731395,7.02,6.99,2544.72998046875
2017-10-10,18.6327,7.03,7.3798,NA,49982.94140625,52.59000015258789,2550.64,10.08,50.93,1.16,2.41357,112.02,NA,NA,4.4707482993197285,3.3106796116504857,7.02,6.987,2550.639892578125
2017-10-11,18.718,NA,7.382,NA,50139.6796875,52.93000030517578,2555.24,9.85,51.3,1.16,2.44025,110.3,NA,NA,5.145578231292517,3.2103559870550167,7.02,7.03,2555.239990234375
2017-10-12,18.7631,NA,7.3866,NA,49962.7890625,52.439998626708984,2550.93,9.91,50.61,1.16,2.46912,112.75,NA,NA,6.410884353741497,3.3106796116504857,7.04,7.04,2550.929931640625
2017-10-13,18.9008,NA,7.38,NA,49981.94140625,52.119998931884766,2553.17,9.61,51.43,1.16,2.54328,114.47,NA,NA,7.254421768707483,0,NA,7.2,2553.169921875
2017-10-14,NA,NA,NA,NA,NA,NA,NA,NA,NA,1.16,2.54328,NA,NA,NA,5.2299319727891165,0,NA,7.22,NA
2017-10-15,NA,NA,NA,NA,NA,NA,NA,NA,NA,1.16,2.54328,NA,NA,NA,5.145578231292517,0,NA,NA,NA
2017-10-16,19.0753,NA,7.3765,NA,49721.01171875,51.47999954223633,2557.64,9.91,51.86,1.16,2.51887,116.2,NA,NA,8.09795918367347,0,7.01,7.27,2557.639892578125
2017-10-17,19.0117,7.04,7.3825,NA,50140.51953125,52.81999969482422,2559.36,10.31,51.87,1.16,2.47295,110.06,NA,NA,6.495238095238096,4.915857605177994,7.051,7.14,2559.360107421875
2017-10-18,18.8869,NA,7.3875,NA,49938.98046875,52.27000045776367,2561.26,10.07,52.05,1.16,2.43413,106.87,NA,NA,6.410884353741497,4.2135922330097095,7.011,7.07,2561.260009765625
2017-10-19,18.8248,NA,7.385,NA,50000.25,52.560001373291016,2562.1,10.05,51.29,1.16,2.43951,104.9,NA,NA,5.061224489795919,0,7.041,7.04,2562.10009765625
2017-10-20,19.008,NA,7.385,NA,49988.7109375,51.970001220703125,2575.21,9.97,51.63,1.16,2.41472,104.41,NA,NA,6.157823129251701,1.9061488673139162,7.031,7.14,2575.2099609375
2017-10-21,NA,NA,NA,NA,NA,NA,NA,NA,NA,1.16,2.41472,NA,NA,NA,6.157823129251701,0,7.029,7.16,NA
2017-10-22,NA,NA,NA,NA,NA,NA,NA,NA,NA,1.16,2.41472,NA,NA,NA,4.302040816326531,0,7.029,7.16,NA
2017-10-23,19.0489,NA,7.3763,NA,49548.12890625,51.349998474121094,2564.98,11.07,51.91,1.16,2.42642,106.38,NA,NA,6.410884353741497,2.3074433656957933,7.01,7.16,2564.97998046875
2017-10-24,19.2009,7.02,7.3805,NA,50157.21875,51.650001525878906,2569.13,11.16,52.32,1.16,2.44916,106.38,NA,NA,8.09795918367347,2.7087378640776705,6.99,7.23,2569.1298828125
2017-10-25,19.077,NA,7.3836,NA,48876.4609375,50.68000030517578,2557.15,11.23,51.97,1.16,2.45289,107.85,NA,NA,6.495238095238096,2.508090614886732,7.01,7.25,2557.14990234375
2017-10-26,19.096,NA,7.38,NA,48986.83984375,50.22999954223633,2560.4,11.3,52.41,1.16,2.45354,109.82,NA,NA,6.7482993197278915,2.909385113268609,7.01,7.265,2560.39990234375
2017-10-27,19.1474,NA,7.3725,NA,49209.578125,50.68000030517578,2581.07,9.8,53.92,1.16,2.45593,107.11,NA,NA,5.989115646258504,3.8122977346278324,7.01,7.24,2581.070068359375
2017-10-28,NA,NA,NA,NA,NA,NA,NA,NA,NA,1.16,2.45593,NA,NA,NA,6.663945578231293,0,7.03,7.28,NA
2017-10-29,NA,NA,NA,NA,NA,NA,NA,NA,NA,1.16,2.45593,NA,NA,NA,5.398639455782313,0,7.03,7.28,NA
2017-10-30,19.2188,7.03,7.3825,NA,48855.26953125,50.150001525878906,2572.83,10.5,54.11,1.16,2.46721,108.09,NA,NA,7.254421768707483,3.1100323624595476,7.04,7.28,2572.830078125
2017-10-31,19.1478,NA,7.375,NA,48625.53125,50.33000183105469,2575.26,10.18,54.36,1.07,2.46902,106.38,NA,NA,5.904761904761905,1.805825242718447,7.02,7.22,2575.260009765625
2017-11-01,19.1241,NA,7.3744,7.19,48334.44921875,50.08000183105469,2579.36,10.2,54.32,1.16,2.47799,107.61,6,2,7.191413237924866,2.291666666666667,7.04,7.23,2579.360107421875
2017-11-02,NA,NA,NA,NA,NA,50.310001373291016,2579.85,9.93,54.55,1.16,2.47872,106.37,NA,NA,9.445438282647586,2.604166666666667,NA,7.27,2579.85009765625
2017-11-03,19.185,NA,7.3798,NA,48534.83984375,50.130001068115234,2587.84,9.14,55.63,1.16,2.47389,107.6,NA,NA,6.547406082289804,2.0833333333333335,7.02,7.22,2587.840087890625
2017-11-04,NA,NA,NA,NA,NA,NA,NA,NA,NA,1.16,2.47389,NA,NA,NA,10.733452593917711,0,7.04,7.26,NA
2017-11-05,NA,NA,NA,NA,NA,NA,NA,NA,NA,1.16,2.47389,NA,NA,NA,5.9033989266547415,0,NA,NA,NA
2017-11-06,19.0814,NA,7.3831,NA,48967.01171875,51.060001373291016,2591.13,9.4,57.34,1.16,2.47666,105.15,NA,NA,7.835420393559929,2.916666666666667,7.01,7.18,2591.1298828125
2017-11-07,19.1349,7.02,7.3775,NA,49004.51953125,50.75,2590.64,9.89,57.19,1.16,2.51417,109.32,NA,NA,7.084078711985689,2.604166666666667,7.03,7.21,2590.639892578125
2017-11-08,19.0718,NA,7.3838,NA,48835.69140625,50.65999984741211,2594.38,9.78,56.82,1.16,2.50663,107.85,NA,NA,7.835420393559929,4.0625,7.03,7.206,2594.3798828125
2017-11-09,19.09,NA,7.3834,NA,48713.51171875,50.77000045776367,2584.62,10.5,57.16,1.16,2.51916,109.32,NA,NA,5.474060822898033,4.166666666666667,7.04,7.2,2584.6201171875
2017-11-10,19.0526,NA,7.3825,NA,48028.30078125,49.75,2582.3,11.29,56.75,1.16,2.48732,109.82,NA,NA,7.298747763864044,3.125,7.03,7.25,2582.300048828125
2017-11-11,NA,NA,NA,NA,NA,NA,NA,NA,NA,1.16,2.48732,NA,NA,NA,7.5134168157423975,0,7.05,7.28,NA
2017-11-12,NA,NA,NA,NA,NA,NA,NA,NA,NA,1.16,2.48732,NA,NA,NA,6.9767441860465125,2.5,NA,NA,NA
2017-11-13,19.168,NA,7.377,NA,48002.4296875,49.7400016784668,2584.84,11.5,56.77,1.16,2.48805,110.31,NA,NA,6.118067978533095,1.875,7.05,7.26,2584.840087890625
2017-11-14,19.1334,7.01,7.38,NA,47873.6484375,49.400001525878906,2578.87,11.59,55.67,1.16,2.49845,112.02,NA,NA,6.118067978533095,3.75,7,7.29,2578.8701171875
2017-11-15,19.2268,NA,7.3806,NA,47690.80078125,49.15999984741211,2564.62,13.13,55.28,1.16,2.55573,116.19,NA,NA,7.728085867620752,3.0208333333333335,7.02,7.35,2564.6201171875
2017-11-16,19.1224,NA,7.3796,NA,47747.69140625,49.779998779296875,2585.64,11.76,55.14,1.16,2.48629,112.03,NA,NA,6.225402504472273,2.604166666666667,7.011,7.3,2585.639892578125
2017-11-17,18.9724,NA,7.3767,NA,47857.140625,50.2599983215332,2578.85,11.43,56.21,1.16,2.47118,109.08,NA,NA,6.762075134168158,2.916666666666667,7.009,7.25,2578.85009765625
2017-11-18,NA,NA,NA,NA,NA,NA,NA,NA,NA,1.16,2.47118,NA,NA,NA,6.869409660107335,0,NA,7.29,NA
2017-11-19,NA,NA,NA,NA,NA,NA,NA,NA,NA,1.16,2.47118,NA,NA,NA,6.762075134168158,2.5,NA,NA,NA
2017-11-20,NA,NA,NA,NA,NA,50,2582.14,10.65,56.21,1.16,2.46104,109.58,NA,NA,2.7906976744186047,0,NA,7.28,2582.139892578125
2017-11-21,18.8242,7.02,7.3735,NA,48185.7109375,51.029998779296875,2599.03,9.73,56.84,1.16,2.43332,106.38,NA,NA,4.83005366726297,2.916666666666667,7.01,7.22,2599.030029296875
2017-11-22,18.74,NA,7.3714,NA,48196.890625,51.43000030517578,2597.08,9.88,57.88,1.16,2.4129,102.94,NA,NA,3.864042933810376,2.0833333333333335,7.03,7.19,2597.080078125
2017-11-23,18.6041,NA,7.3832,NA,48136.23828125,NA,NA,NA,NA,1.16,2.4129,102.94,NA,NA,4.722719141323793,1.6666666666666667,7.01,7.22,NA
2017-11-24,18.5379,NA,7.3825,NA,47941.87890625,51.2599983215332,2602.42,9.67,58.94,1.16,2.40479,102.94,NA,NA,4.186046511627907,1.25,7.03,7.24,2602.419921875
2017-11-25,NA,NA,NA,NA,NA,NA,NA,NA,NA,1.16,2.40479,NA,NA,NA,5.044722719141324,1.7708333333333335,7.03,7.26,NA
2017-11-26,NA,NA,NA,NA,NA,NA,NA,NA,NA,1.16,2.40479,NA,NA,NA,3.7567084078711988,0,NA,7.25,NA
2017-11-27,18.52,NA,7.3824,NA,47275.3203125,50.70000076293945,2601.42,9.87,58.1,1.16,2.36378,100.98,NA,NA,4.186046511627907,2.0833333333333335,7.03,7.21,2601.419921875
2017-11-28,18.5848,7.01,7.3825,NA,47229.16015625,51,2627.04,10.03,57.96,1.16,2.32245,100,NA,NA,3.5420393559928445,1.5625,6.98,7.23,2627.0400390625
2017-11-29,18.519,NA,7.3875,NA,47622.9296875,51.18000030517578,2626.07,10.7,57.25,1.16,2.31646,101.96,NA,NA,3.5420393559928445,1.9791666666666667,7,7.23,2626.070068359375
2017-11-30,18.6229,NA,7.3911,NA,47092.44140625,50.189998626708984,2647.58,11.28,57.4,1.07,2.32416,101.96,NA,NA,3.1127012522361364,1.6666666666666667,6.99,7.26,2647.580078125
2017-12-01,18.6399,NA,7.3855,7.53,47265.30859375,50.459999084472656,2642.22,11.43,58.35,1.16,2.3632,101.96,8,2,7.433673469387756,5.43298969072165,6.96,7.24,2642.219970703125
2017-12-02,NA,NA,NA,NA,NA,NA,NA,NA,NA,1.16,2.3632,NA,NA,NA,6.642857142857143,0,6.98,7.26,NA
2017-12-03,NA,NA,NA,NA,NA,NA,NA,NA,NA,1.16,2.3632,NA,NA,NA,4.586734693877551,0,NA,NA,NA
2017-12-04,18.642,NA,7.388,NA,47161.3203125,50.36000061035156,2639.44,11.68,57.48,1.16,2.35064,98.77,NA,NA,7.908163265306123,6.711340206185568,6.99,7.26,2639.43994140625
2017-12-05,18.6958,7.02,7.3875,NA,47462.7890625,50.36000061035156,2629.57,11.33,57.66,1.16,2.36229,98.27,NA,NA,6.168367346938776,6.711340206185568,6.98,7.29,2629.570068359375
2017-12-06,18.8897,NA,7.3925,NA,46973.30078125,49.56999969482422,2629.27,11.02,55.79,1.16,2.4193,102.45,NA,NA,6.010204081632653,6.391752577319588,7.02,7.29,2629.27001953125
2017-12-07,18.9315,NA,7.3916,NA,46987.01171875,49.34000015258789,2636.98,10.16,56.5,1.16,2.42012,104.17,NA,NA,6.168367346938776,6.711340206185568,7.04,7.29,2636.97998046875
2017-12-08,18.9445,NA,7.401,NA,47572.859375,50.029998779296875,2651.5,9.58,57.15,1.16,2.43373,103.43,NA,NA,6.010204081632653,0,7.1,7.26,2651.5
2017-12-09,NA,NA,NA,NA,NA,NA,NA,NA,NA,1.16,2.43373,NA,NA,NA,6.801020408163266,0,7.12,7.3,NA
2017-12-10,NA,NA,NA,NA,NA,NA,NA,NA,NA,1.16,2.43373,NA,NA,NA,5.377551020408164,0,7.12,NA,NA
2017-12-11,18.974,7.19,7.4275,NA,47699.0390625,49.70000076293945,2659.99,9.34,57.84,1.16,2.45824,103.44,NA,NA,5.8520408163265305,3.195876288659794,7.12,7.3,2659.989990234375
2017-12-12,NA,NA,NA,NA,NA,49.45000076293945,2664.11,9.92,57.12,1.17,2.46882,104.66,NA,NA,6.959183673469388,6.072164948453609,NA,7.37,2664.110107421875
2017-12-13,19.1391,NA,7.45,NA,48276.71875,50.38999938964844,2662.85,10.18,56.59,1.17,2.47544,102.45,NA,NA,6.010204081632653,4.474226804123711,NA,7.36,2662.85009765625
2017-12-14,19.1202,NA,7.46,NA,48222.37890625,50.02000045776367,2652.01,10.49,57,1.41,2.47587,104.91,NA,NA,8.224489795918368,4.154639175257732,NA,7.39,2652.010009765625
2017-12-15,19.1289,NA,7.595,NA,48081.55078125,50,2675.81,9.42,57.29,1.41,2.46921,104.91,NA,NA,5.219387755102041,0,NA,7.387,2675.81005859375
2017-12-16,NA,NA,NA,NA,NA,NA,NA,NA,NA,1.41,2.46921,NA,NA,NA,8.066326530612246,0,7.12,7.459,NA
2017-12-17,NA,NA,NA,NA,NA,NA,NA,NA,NA,1.41,2.46921,NA,NA,NA,9.489795918367347,0,NA,NA,NA
2017-12-18,19.0289,NA,7.6004,NA,48634.5390625,50.779998779296875,2690.16,9.53,57.17,1.42,2.4144,104.91,NA,NA,7.75,4.154639175257732,NA,7.45,2690.159912109375
2017-12-19,19.1913,7.24,7.6069,NA,48403.03125,49.4900016784668,2681.47,10.03,57.49,1.42,2.37405,105.89,NA,NA,6.959183673469388,0,NA,7.55,2681.469970703125
2017-12-20,19.2291,NA,7.6109,NA,48390.390625,49.310001373291016,2679.25,9.72,58.09,1.42,2.35123,105.4,NA,NA,7.275510204081633,0,7.26,7.58,2679.25
2017-12-21,19.3962,NA,7.6177,NA,48503.30859375,48.709999084472656,2684.57,9.62,58.34,1.42,2.3953,106.87,NA,NA,9.964285714285715,4.154639175257732,7.28,7.67,2684.570068359375
2017-12-22,19.5848,NA,7.621,NA,48387.9296875,48.15999984741211,2683.34,9.9,58.25,1.42,2.39865,106.87,NA,NA,8.857142857142858,3.835051546391753,NA,7.733,2683.340087890625
2017-12-23,NA,NA,NA,NA,NA,NA,NA,NA,NA,1.42,2.39865,NA,NA,NA,11.704081632653061,0,NA,7.78,NA
2017-12-24,NA,NA,NA,NA,NA,NA,NA,NA,NA,1.42,2.39865,NA,NA,NA,8.224489795918368,0,NA,NA,NA
2017-12-25,NA,NA,NA,NA,NA,NA,NA,NA,NA,1.42,2.39865,106.87,NA,NA,7.75,0,NA,NA,NA
2017-12-26,19.7223,7.22,7.624,NA,48451.328125,47.869998931884766,2680.5,10.25,59.55,1.42,2.40588,106.87,NA,NA,11.704081632653061,0,7.19,7.79,2680.5
2017-12-27,19.7867,NA,7.625,NA,48652.55859375,48.5,2682.62,10.47,59.67,1.42,2.44995,106.87,NA,NA,15.816326530612246,0,7.21,7.79,2682.6201171875
2017-12-28,19.7354,NA,7.6241,NA,48861.94140625,48.56999969482422,2687.54,10.18,59.84,1.42,2.42764,105.65,NA,NA,11.704081632653061,0,7.26,7.7,2687.5400390625
2017-12-29,19.6629,NA,7.6311,NA,49354.421875,49.290000915527344,2673.61,11.04,60.46,1.33,2.44638,105.64,NA,NA,11.545918367346939,0,7.26,7.7,2673.610107421875
2017-12-30,NA,NA,NA,NA,NA,NA,NA,NA,NA,1.33,2.44638,NA,NA,NA,9.331632653061225,0,7.28,7.72,NA
2017-12-31,NA,NA,NA,NA,NA,NA,NA,NA,NA,1.33,2.44638,NA,NA,NA,6.48469387755102,0,NA,NA,NA
2018-01-01,NA,NA,NA,NA,NA,NA,NA,NA,NA,1.33,2.44638,105.64,7,3,6.471172962226641,0,NA,NA,NA
2018-01-02,19.4899,7.25,7.6275,NA,50033.94921875,50.380001068115234,2695.81,9.77,60.37,1.42,2.38957,103.43,NA,NA,12.079522862823062,4.087912087912088,7.22,7.55,2695.81005859375
2018-01-03,19.3717,NA,7.625,NA,49782.23046875,50.369998931884766,2713.06,9.15,61.61,1.42,2.38357,100.49,NA,NA,8.772034459907223,4.428571428571429,7.24,7.5,2713.06005859375
2018-01-04,19.2427,NA,7.625,NA,49744.62109375,50.45000076293945,2723.99,9.22,61.98,1.42,2.38022,97.53,NA,NA,7.621603711066932,4.087912087912088,7.25,7.44,2723.989990234375
2018-01-05,19.2737,NA,7.6292,NA,49887.73828125,50.97999954223633,2743.15,9.22,61.49,1.42,2.3552399999999998,97.04,NA,NA,9.203445990722333,1.8736263736263736,7.24,7.45,2743.14990234375
2018-01-06,NA,NA,NA,NA,NA,NA,NA,NA,NA,1.42,2.3552399999999998,NA,NA,NA,6.039761431411531,0,7.26,7.459,NA
2018-01-07,NA,NA,NA,NA,NA,NA,NA,NA,NA,1.42,2.3552399999999998,NA,NA,NA,6.758780649436713,0,NA,NA,NA
2018-01-08,19.2323,NA,7.6282,NA,49995.5703125,50.97999954223633,2747.71,9.52,61.73,1.42,2.35475,96.55,NA,NA,7.046388336646786,3.065934065934066,7.2,7.43,2747.7099609375
2018-01-09,19.3065,7.24,7.63,NA,49701.37109375,50.59000015258789,2751.29,10.08,62.92,1.42,2.33545,96.06,NA,NA,5.752153744201458,5.961538461538462,7.23,7.48,2751.2900390625
2018-01-10,19.2405,NA,7.6298,NA,48785.25,49.47999954223633,2748.23,9.82,63.6,1.42,2.37396,100.48,NA,NA,6.6149768058316765,6.813186813186814,7.25,7.58,2748.22998046875
2018-01-11,19.3433,NA,7.6299,NA,48799.390625,49.70000076293945,2767.56,9.88,63.81,1.42,2.40506,99.99,NA,NA,5.895957587806494,5.450549450549451,7.26,7.58,2767.56005859375
2018-01-12,19.0446,NA,7.6325,NA,49135.91015625,50.689998626708984,2786.24,10.16,64.22,1.42,2.39802,97.29,NA,NA,7.046388336646786,3.7472527472527473,7.26,7.56,2786.239990234375
2018-01-13,NA,NA,NA,NA,NA,NA,NA,NA,NA,1.42,2.39802,NA,NA,NA,6.327369118621604,0,7.28,7.58,NA
2018-01-14,NA,NA,NA,NA,NA,NA,NA,NA,NA,1.42,2.39802,NA,NA,NA,6.039761431411531,0,NA,NA,NA
2018-01-15,18.8113,NA,7.6343,NA,49387.28125,NA,NA,NA,NA,1.42,2.39802,97.29,NA,NA,6.758780649436713,4.087912087912088,7.27,7.53,NA
2018-01-16,18.8362,7.24,7.6287,NA,49491.71875,51.66999816894531,2776.42,11.66,63.82,1.42,2.37913,96.06,NA,NA,7.190192180251823,3.917582417582418,7.29,7.548,2776.419921875
2018-01-17,18.655,NA,7.6334,NA,49732.30078125,52.2400016784668,2802.56,11.91,63.92,1.42,2.36814,95.57,NA,NA,6.758780649436713,4.258241758241758,7.2,7.556,2802.56005859375
2018-01-18,18.6361,NA,7.6318,NA,49911.96875,52.619998931884766,2798.03,12.22,63.96,1.42,2.34322,96.3,NA,NA,6.1835652750165675,2.8956043956043955,7.25,7.55,2798.030029296875
2018-01-19,18.5813,NA,7.635,NA,49695.55859375,52.47999954223633,2810.3,11.27,63.38,1.42,2.35614,99.99,NA,NA,7.909211398277005,3.406593406593407,7.27,7.56,2810.300048828125
2018-01-20,NA,NA,NA,NA,NA,NA,NA,NA,NA,1.42,2.35614,NA,NA,NA,6.6149768058316765,2.3846153846153846,NA,7.59,NA
2018-01-21,NA,NA,NA,NA,NA,NA,NA,NA,NA,1.42,2.35614,NA,NA,NA,4.88933068257124,0,NA,NA,NA
2018-01-22,18.7118,NA,7.6428,NA,49974.48046875,52.54999923706055,2832.97,11.03,63.66,1.42,2.34773,97.53,NA,NA,5.033134526176275,4.258241758241758,7.24,7.567,2832.969970703125
2018-01-23,18.798,7.25,7.645,NA,50260.25,52.52000045776367,2839.13,11.1,64.45,1.42,2.35181,99.33,NA,NA,6.039761431411531,2.8956043956043955,7.24,7.49,2839.1298828125
2018-01-24,18.5178,NA,7.6475,NA,50746.9296875,53.91999816894531,2837.54,11.47,65.69,1.42,2.3257,98.02,NA,NA,8.628230616302186,3.406593406593407,7.26,7.48,2837.5400390625
2018-01-25,18.478,NA,7.6441,NA,50777.8984375,53.47999954223633,2839.25,11.58,65.62,1.42,2.33959,98.02,NA,NA,8.772034459907223,5.28021978021978,7.25,7.5,2839.25
2018-01-26,18.4672,NA,7.645,NA,51065.48828125,54.06999969482422,2872.87,11.08,66.27,1.42,2.29591,98.02,NA,NA,7.333996023856859,2.8956043956043955,7.27,7.521,2872.8701171875
2018-01-27,NA,NA,NA,NA,NA,NA,NA,NA,NA,1.42,2.29591,NA,NA,NA,8.053015241882042,2.554945054945055,NA,7.459,NA
2018-01-28,NA,NA,NA,NA,NA,NA,NA,NA,NA,1.42,2.29591,NA,NA,NA,5.752153744201458,0,NA,NA,NA
2018-01-29,18.6196,NA,7.655,NA,50636.3203125,53.31999969482422,2853.53,13.84,65.71,1.42,2.29483,99,NA,NA,5.895957587806494,4.428571428571429,7.24,7.5,2853.530029296875
2018-01-30,18.6982,7.24,7.6625,NA,50382.859375,52.63999938964844,2822.43,14.79,64.64,1.42,2.27089,99.01,NA,NA,6.758780649436713,3.065934065934066,7.26,7.64,2822.429931640625
2018-01-31,18.6069,NA,7.66,NA,50456.171875,53.11000061035156,2823.81,13.54,64.82,1.34,2.23425,97.04,NA,NA,6.758780649436713,3.7472527472527473,7.23,7.59,2823.81005859375
2018-02-01,18.4004,NA,7.6643,7.64,50591.1484375,54.060001373291016,2821.98,13.47,65.92,1.42,2.19933,97.04,7,3,7.025603511338699,3.4175588865096365,7.25,7.55,2821.97998046875
2018-02-02,18.5248,NA,7.665,NA,50395.828125,52.880001068115234,2762.13,17.31,65.5,1.42,2.19472,99.01,NA,NA,5.735186539868326,0,7.27,7.57,2762.1298828125
2018-02-03,NA,NA,NA,NA,NA,NA,NA,NA,NA,1.42,2.19472,NA,NA,NA,7.742501828822239,2.1584582441113493,7.29,7.6,NA
2018-02-04,NA,NA,NA,NA,NA,NA,NA,NA,NA,1.42,2.19472,NA,NA,NA,6.595464520848575,0,7.29,NA,NA
2018-02-05,NA,NA,NA,NA,NA,50.68000030517578,2648.94,37.32,64.18,1.42,2.31861,104.9,NA,NA,6.738844184345282,0,NA,NA,2648.93994140625
2018-02-06,18.7009,7.35,7.675,NA,49304.94140625,52.040000915527344,2695.14,29.98,63.48,1.42,2.27926,100.48,NA,NA,9.749817117776153,4.496788008565311,7.34,7.6,2695.139892578125
2018-02-07,18.6492,NA,7.6862,NA,48976.44921875,51.040000915527344,2681.66,27.73,61.91,1.42,2.21577,101.71,NA,NA,6.021945866861742,4.496788008565311,7.34,7.57,2681.659912109375
2018-02-08,18.8815,NA,7.7056,NA,47862.1015625,49.540000915527344,2581,33.46,61.3,1.42,2.3173,111.27,NA,NA,7.742501828822239,4.676659528907924,7.32,7.64,2581
2018-02-09,18.8623,NA,7.84,NA,47799.08984375,50.34000015258789,2619.55,29.06,59.2,1.42,2.46832,112.73,NA,NA,7.455742501828823,4.316916488222699,7.34,7.68,2619.550048828125
2018-02-10,NA,NA,NA,NA,NA,NA,NA,NA,NA,1.42,2.46832,NA,NA,NA,4.58814923189466,1.978586723768737,NA,7.71,NA
2018-02-11,NA,NA,NA,NA,NA,NA,NA,NA,NA,1.42,2.46832,NA,NA,NA,5.161667885881493,0,NA,NA,NA
2018-02-12,18.6703,NA,7.84,NA,47830.48828125,50.619998931884766,2656,25.61,59.41,1.42,2.40646,107.34,NA,NA,6.452084857351866,3.4175588865096365,7.34,7.74,2656
2018-02-13,18.6269,7.5,7.832,NA,47926.73046875,50.75,2662.94,24.97,59.33,1.42,2.4557,111.27,NA,NA,6.595464520848575,4.496788008565311,NA,7.75,2662.93994140625
2018-02-14,18.6025,NA,7.835,NA,48400.75,51.52000045776367,2698.63,19.26,60.7,1.42,2.43302,106.86,NA,NA,5.305047549378201,3.957173447537474,NA,7.79,2698.6298828125
2018-02-15,18.5159,NA,7.8325,NA,48808.390625,52.16999816894531,2731.2,19.13,61.48,1.42,2.35331,102.28,NA,NA,6.16532553035845,3.4175588865096365,NA,7.71,2731.199951171875
2018-02-16,18.4797,NA,7.825,NA,48882.78125,52.099998474121094,2732.22,19.46,61.89,1.42,2.2984,100.97,NA,NA,6.308705193855158,1.978586723768737,7.55,7.67,2732.219970703125
2018-02-17,NA,NA,NA,NA,NA,NA,NA,NA,NA,1.42,2.2984,NA,NA,NA,5.735186539868326,0,7.55,7.75,NA
2018-02-18,NA,NA,NA,NA,NA,NA,NA,NA,NA,1.42,2.2984,NA,NA,NA,5.591806876371617,3.237687366167024,7.55,7.75,NA
2018-02-19,18.536,NA,7.8125,NA,48928.48046875,NA,NA,NA,NA,1.42,2.2984,100.97,NA,NA,7.025603511338699,3.957173447537474,7.51,7.69,NA
2018-02-20,18.6594,7.49,7.8312,NA,48685.19140625,51.45000076293945,2716.26,20.6,61.91,1.42,2.32691,104.89,NA,NA,7.742501828822239,3.4175588865096365,7.48,7.72,2716.260009765625
2018-02-21,18.6518,NA,7.83,NA,48535.58984375,50.869998931884766,2701.33,20.02,61.73,1.42,2.29834,105.55,NA,NA,8.746159473299196,6.295503211991436,7.48,7.69,2701.330078125
2018-02-22,18.6574,NA,7.8325,NA,48969.640625,51.88999938964844,2703.96,18.72,62.72,1.42,2.35456,105.87,NA,NA,7.455742501828823,5.0364025695931485,7.49,7.61,2703.9599609375
2018-02-23,18.5659,NA,7.825,NA,48643.4296875,51.779998779296875,2747.3,16.49,63.52,1.42,2.36587,102.93,NA,NA,6.88222384784199,4.496788008565311,7.48,7.61,2747.300048828125
2018-02-24,NA,NA,NA,NA,NA,NA,NA,NA,NA,1.42,2.36587,NA,NA,NA,8.029261155815655,0,7.5,7.64,NA
2018-02-25,NA,NA,NA,NA,NA,NA,NA,NA,NA,1.42,2.36587,NA,NA,NA,7.312362838332115,0,NA,NA,NA
2018-02-26,18.6456,NA,7.8331,NA,48463.44140625,51.63999938964844,2779.6,15.8,63.81,1.42,2.31773,101.95,NA,NA,9.319678127286029,4.137044967880087,7.49,7.63,2779.60009765625
2018-02-27,18.7902,7.47,7.8315,NA,47970.19140625,50.54999923706055,2744.28,18.59,62.94,1.42,2.28825,104.9,NA,NA,8.889539136795905,5.93576017130621,7.46,7.64,2744.280029296875
2018-02-28,18.8331,NA,7.8294,NA,47437.9296875,49.90999984741211,2713.83,19.85,61.43,1.35,2.37774,105.87,NA,NA,7.885881492318948,4.676659528907924,7.43,7.62,2713.830078125
2018-03-01,18.861,NA,7.8244,7.52,47599.421875,50.16999816894531,2677.67,22.47,60.98,1.42,2.44976,107.83,6,2,5.611565053425519,3.908695652173913,7.41,7.59,2677.669921875
2018-03-02,18.8909,NA,7.8316,NA,47548.1015625,50.11000061035156,2691.25,19.59,61.19,1.42,2.40643,108.33,NA,NA,6.780641106222502,2.291304347826087,7.49,7.58,2691.25
2018-03-03,NA,NA,NA,NA,NA,NA,NA,NA,NA,1.42,2.40643,NA,NA,NA,5.611565053425519,0,7.51,7.62,NA
2018-03-04,NA,NA,NA,NA,NA,NA,NA,NA,NA,1.42,2.40643,NA,NA,NA,4.208673790069139,0,NA,NA,NA
2018-03-05,18.8838,NA,7.8225,NA,47720.91015625,50.27000045776367,2720.94,18.73,62.49,1.42,2.3686,103.92,NA,NA,5.728472658705217,4.3130434782608695,7.49,7.61,2720.93994140625
2018-03-06,18.7246,7.5,7.8299,NA,47884.62890625,50.619998931884766,2728.12,18.36,62.54,1.42,2.36235,103.92,NA,NA,5.728472658705217,3.1,7.49,7.56,2728.1201171875
2018-03-07,18.7922,NA,7.83,NA,47662.12109375,50.4900016784668,2726.8,17.76,61.09,1.42,2.38698,106.37,NA,NA,5.143934632306725,2.5608695652173914,7.49,7.55,2726.800048828125
2018-03-08,18.7148,NA,7.8396,NA,48240,51.369998931884766,2738.97,16.54,60.13,1.42,2.40346,105.87,NA,NA,6.313010685103708,3.773913043478261,7.5,7.55,2738.969970703125
2018-03-09,18.5812,NA,7.8395,NA,48556.44921875,51.869998931884766,2786.57,14.64,62.02,1.42,2.36846,103.92,NA,NA,6.429918290383407,2.5608695652173914,7.54,7.52,2786.570068359375
2018-03-10,NA,NA,NA,NA,NA,NA,NA,NA,NA,1.42,2.36846,NA,NA,NA,6.19610307982401,0,7.56,7.55,NA
2018-03-11,NA,NA,NA,NA,NA,NA,NA,NA,NA,1.42,2.36846,NA,NA,NA,6.19610307982401,0,NA,NA,NA
2018-03-12,18.6199,NA,7.825,NA,48671.2890625,52.060001373291016,2783.02,15.78,61.35,1.42,2.39253,103.42,NA,NA,5.377749842866122,3.1,7.56,7.53,2783.02001953125
2018-03-13,18.5604,7.46,7.83,NA,48557.01171875,51.86000061035156,2765.31,16.35,60.69,1.42,2.42699,103.91,NA,NA,6.079195474544312,3.773913043478261,7.45,7.54,2765.31005859375
2018-03-14,18.5854,NA,7.83,NA,48156.44140625,51.599998474121094,2749.48,17.23,60.89,1.42,2.44413,103.91,NA,NA,5.962287869264613,3.369565217391304,7.42,7.56,2749.47998046875
2018-03-15,18.7023,NA,7.825,NA,47817.05078125,50.86000061035156,2747.33,16.59,61.16,1.43,2.45479,104.9,NA,NA,4.9101194217473285,3.639130434782609,7.48,7.56,2747.330078125
2018-03-16,18.7216,NA,7.8325,NA,47477.578125,50.43000030517578,2752.01,15.8,62.29,1.43,2.43928,104.9,NA,NA,6.19610307982401,3.1,7.49,7.419,2752.010009765625
2018-03-17,NA,NA,NA,NA,NA,NA,NA,NA,NA,1.43,2.43928,NA,NA,NA,6.780641106222502,0,7.51,7.54,NA
2018-03-18,NA,NA,NA,NA,NA,NA,NA,NA,NA,1.43,2.43928,NA,NA,NA,5.611565053425519,0,NA,NA,NA
2018-03-19,NA,NA,NA,NA,NA,49.81999969482422,2712.92,19.02,62.01,1.43,2.48676,106.86,NA,NA,6.429918290383407,0,NA,NA,2712.919921875
2018-03-20,18.7614,7.44,7.8382,NA,47076.51171875,50.02000045776367,2716.94,18.2,63.37,1.44,2.47332,114.68,NA,NA,4.676304211187932,3.773913043478261,7.41,7.55,2716.93994140625
2018-03-21,18.6001,NA,7.8414,NA,47521.83984375,51.5099983215332,2711.93,17.86,65.1,1.44,2.45729,110.27,NA,NA,6.663733500942803,3.908695652173913,7.44,7.54,2711.929931640625
2018-03-22,18.5078,NA,7.8425,NA,47361.0390625,50.7599983215332,2643.69,23.34,64.25,1.68,2.51996,113.69,NA,NA,5.260842237586424,4.043478260869565,7.44,7.49,2643.68994140625
2018-03-23,18.5364,NA,7.8425,NA,46515.9296875,49.95000076293945,2588.26,24.87,65.8,1.68,2.5809,117.11,NA,NA,7.949717159019484,2.965217391304348,7.45,7.47,2588.260009765625
2018-03-24,NA,NA,NA,NA,NA,NA,NA,NA,NA,1.68,2.5809,NA,NA,NA,5.377749842866122,0,7.47,7.459,NA
2018-03-25,NA,NA,NA,NA,NA,NA,NA,NA,NA,1.68,2.5809,NA,NA,NA,2.9226901319924576,0,NA,NA,NA
2018-03-26,18.3268,7.49,7.8463,NA,46858.4609375,51.150001525878906,2658.55,21.03,65.49,1.68,2.53722,113.7,NA,NA,10.054054054054054,2.426086956521739,7.46,7.41,2658.550048828125
2018-03-27,18.3445,NA,7.8483,NA,46793.578125,50.650001525878906,2612.62,22.5,65.21,1.68,2.53666,114.64,NA,NA,6.079195474544312,2.8304347826086955,7.48,7.35,2612.6201171875
2018-03-28,18.2709,NA,7.8503,NA,46124.8515625,50.22999954223633,2605,22.87,64.3,1.68,2.53626,111.25,NA,NA,7.832809553739787,2.5608695652173914,NA,7.29,2605
2018-03-29,NA,NA,NA,NA,NA,51.52000045776367,2640.87,19.97,64.87,1.68,2.51651,108.56,NA,NA,7.0144563167818985,0,NA,7.34,2640.8701171875
2018-03-30,NA,NA,NA,NA,NA,NA,NA,NA,NA,1.67,2.51651,108.56,NA,NA,5.728472658705217,0,NA,NA,NA
2018-03-31,NA,NA,NA,NA,NA,NA,NA,NA,NA,1.67,2.51651,NA,NA,NA,5.143934632306725,0,NA,NA,NA
2018-04-01,NA,NA,NA,7.54,NA,NA,NA,NA,NA,1.67,2.51651,NA,7,3,5.69204152249135,0,NA,NA,NA
2018-04-02,18.2967,NA,7.8493,NA,45826.640625,50.150001525878906,2581.88,23.62,63.05,1.68,2.55104,111.24,NA,NA,9.567474048442907,0,NA,7.37,2581.8798828125
2018-04-03,18.2044,7.46,7.8475,NA,46684.05859375,51.27000045776367,2614.45,21.1,63.41,1.69,2.47617,109.29,NA,NA,7.750865051903115,3.3768352365415986,7.46,7.31,2614.449951171875
2018-04-04,18.2244,NA,7.8445,NA,47457.4609375,52.619998931884766,2644.69,20.06,63.35,1.69,2.46198,103.91,NA,NA,7.871972318339101,5.285481239804241,7.43,7.25,2644.68994140625
2018-04-05,18.1081,NA,7.8525,NA,47951.75,52.689998626708984,2662.84,18.94,63.53,1.69,2.38066,103.91,NA,NA,7.024221453287198,2.789559543230016,7.52,7.29,2662.840087890625
2018-04-06,18.2888,NA,7.8441,NA,47926.109375,52.34000015258789,2604.47,21.49,62.03,1.69,2.42867,106.35,NA,NA,7.145328719723184,0,7.46,7.25,2604.469970703125
2018-04-07,NA,NA,NA,NA,NA,NA,NA,NA,NA,1.69,2.42867,NA,NA,NA,7.629757785467128,3.0831973898858074,7.48,7.28,NA
2018-04-08,NA,NA,NA,NA,NA,NA,NA,NA,NA,1.69,2.42867,NA,NA,NA,4.72318339100346,0,NA,NA,NA
2018-04-09,18.2753,NA,7.846,NA,48058.9609375,52.20000076293945,2613.16,21.77,63.4,1.69,2.42792,106.11,NA,NA,6.297577854671281,4.257748776508972,7.47,7.26,2613.159912109375
2018-04-10,18.2882,7.47,7.8407,NA,48331.51171875,52.939998626708984,2656.87,20.47,65.48,1.69,2.39769,104.65,NA,NA,6.418685121107267,3.0831973898858074,7.49,7.31,2656.8701171875
2018-04-11,18.2018,NA,7.8376,NA,48532.140625,53.02000045776367,2642.19,20.24,66.81,1.69,2.39289,102.45,NA,NA,4.844290657439447,4.99184339314845,NA,7.33,2642.18994140625
2018-04-12,18.1353,NA,7.8445,NA,48782.55859375,53.40999984741211,2663.99,18.49,67.07,1.69,2.35399,103.43,NA,NA,6.055363321799309,3.8172920065252853,NA,7.3,2663.989990234375
2018-04-13,18.087,NA,7.8404,NA,48768.30078125,53.869998931884766,2656.3,17.41,67.35,1.69,2.37335,103.91,NA,NA,6.660899653979239,4.1109298531810765,7.47,7.33,2656.300048828125
2018-04-14,NA,NA,NA,NA,NA,NA,NA,NA,NA,1.69,2.37335,NA,NA,NA,6.782006920415226,2.6427406199021206,7.49,7.35,NA
2018-04-15,NA,NA,NA,NA,NA,NA,NA,NA,NA,1.69,2.37335,NA,NA,NA,6.176470588235294,2.936378466557912,NA,NA,NA
2018-04-16,18.0394,NA,7.8456,NA,48434.390625,53.75,2677.84,16.56,66.23,1.69,2.37971,104.16,NA,NA,9.325259515570934,4.698205546492659,7.47,7.4,2677.840087890625
2018-04-17,17.9787,7.45,7.835,NA,48933.609375,54.15999984741211,2706.39,15.25,66.5,1.69,2.4095,104.89,NA,NA,5.449826989619377,4.257748776508972,7.48,7.36,2706.389892578125
2018-04-18,18.0333,NA,7.835,NA,49090.73828125,54.11000061035156,2708.64,15.6,68.44,1.69,2.38592,103.92,NA,NA,7.508650519031143,4.99184339314845,7.44,7.35,2708.639892578125
2018-04-19,18.2819,NA,7.8254,NA,48745.28125,52.529998779296875,2693.13,15.96,68.3,1.69,2.4354,106.36,NA,NA,6.539792387543253,3.6704730831973897,7.48,7.44,2693.1298828125
2018-04-20,18.621,NA,7.8303,NA,48431.578125,52.209999084472656,2670.14,16.88,68.26,1.7,2.44892,110.27,NA,NA,8.477508650519033,3.523654159869494,7.48,7.47,2670.139892578125
2018-04-21,NA,NA,NA,NA,NA,NA,NA,NA,NA,1.7,2.44892,NA,NA,NA,6.055363321799309,0,7.5,7.5,NA
2018-04-22,NA,NA,NA,NA,NA,NA,NA,NA,NA,1.7,2.44892,NA,NA,NA,6.055363321799309,0,NA,NA,NA
2018-04-23,18.8628,NA,7.825,NA,48442.21875,51.11000061035156,2670.29,16.34,67.61,1.7,2.48054,112.22,NA,NA,6.903114186851211,5.138662316476346,7.5,7.57,2670.2900390625
2018-04-24,18.8139,7.45,7.8325,NA,48046.80078125,50.959999084472656,2634.56,18.02,67.66,1.7,2.47533,114.41,NA,NA,7.871972318339101,3.964110929853181,7.51,7.545,2634.56005859375
2018-04-25,19.053,NA,7.8375,NA,48058.2109375,51.0099983215332,2639.4,17.84,68,1.7,2.50637,115.15,NA,NA,7.993079584775087,4.1109298531810765,7.51,7.52,2639.39990234375
2018-04-26,18.8644,NA,7.8405,NA,48297.7109375,51.2599983215332,2666.94,16.24,68.18,1.7,2.53851,114.17,NA,NA,8.719723183391004,4.257748776508972,7.51,7.53,2666.93994140625
2018-04-27,18.6847,NA,7.8455,NA,48284.609375,51.66999816894531,2669.91,15.41,68.11,1.7,2.58307,112.46,NA,NA,5.934256055363322,3.0831973898858074,7.48,7.44,2669.909912109375
2018-04-28,NA,NA,NA,NA,NA,NA,NA,NA,NA,1.7,2.58307,NA,NA,NA,7.629757785467128,2.202283849918434,7.5,7.47,NA
2018-04-29,NA,NA,NA,NA,NA,NA,NA,NA,NA,1.7,2.58307,NA,NA,NA,6.903114186851211,2.495921696574225,NA,NA,NA
2018-04-30,18.7878,7.47,7.8508,NA,48358.16015625,51.599998474121094,2648.05,15.93,68.56,1.69,2.62809,114.66,NA,NA,7.993079584775087,3.230016313213703,7.5,7.46,2648.050048828125
2018-05-01,NA,NA,NA,NA,NA,50.90999984741211,2654.8,15.49,67.28,1.7,2.63937,116.38,10,3,11.654135338345863,4.723292469352014,7.52,7.5,2654.800048828125
2018-05-02,19.0943,NA,7.8448,NA,47809.98046875,50.099998474121094,2635.67,15.97,67.91,1.7,2.69441,118.82,NA,NA,14.179197994987469,5.863397548161121,7.47,7.5,2635.669921875
2018-05-03,19.1223,NA,7.8428,NA,47094.12890625,49.380001068115234,2629.73,15.9,68.45,1.7,2.76597,121.99,NA,NA,11.848370927318294,4.071803852889667,7.49,7.52,2629.72998046875
2018-05-04,19.2017,NA,7.8428,NA,46992.171875,48.790000915527344,2663.42,14.77,69.71,1.7,2.72231,115.64,NA,NA,13.790726817042605,3.9089316987740808,NA,7.56,2663.419921875
2018-05-05,NA,NA,NA,NA,NA,NA,NA,NA,NA,1.7,2.72231,NA,NA,NA,12.81954887218045,0,NA,7.59,NA
2018-05-06,NA,NA,NA,NA,NA,NA,NA,NA,NA,1.7,2.72231,NA,NA,NA,10.100250626566416,3.746059544658494,NA,NA,NA
2018-05-07,19.4232,NA,7.835,NA,46474.69921875,47.58000183105469,2672.63,14.75,70.74,1.7,2.69256,121.26,NA,NA,15.927318295739347,5.374781085814361,7.53,7.64,2672.6298828125
2018-05-08,19.5781,7.52,7.835,NA,46719.51171875,47.540000915527344,2671.92,14.71,68.83,1.7,2.73958,128.83,NA,NA,16.12155388471178,4.2346760070052545,7.51,7.71,2671.919921875
2018-05-09,19.5387,NA,7.8425,NA,46294.4296875,47.29999923706055,2697.79,13.42,71.16,1.7,2.70185,122,NA,NA,19.423558897243108,5.863397548161121,7.53,7.69,2697.7900390625
2018-05-10,19.2989,NA,7.8375,NA,46551.55078125,48.560001373291016,2723.07,13.23,71.36,1.7,2.60099,112.71,NA,NA,13.790726817042605,6.026269702276708,7.54,7.57,2723.070068359375
2018-05-11,19.3539,NA,7.8359,NA,46728.921875,48.06999969482422,2727.72,12.65,70.69,1.7,2.59806,113.69,NA,NA,14.179197994987469,4.397548161120841,7.55,7.59,2727.719970703125
2018-05-12,NA,NA,NA,NA,NA,NA,NA,NA,NA,1.7,2.59806,NA,NA,NA,12.625313283208019,2.768826619964974,7.57,7.63,NA
2018-05-13,NA,NA,NA,NA,NA,NA,NA,NA,NA,1.7,2.59806,NA,NA,NA,10.294486215538846,3.5831873905429075,NA,NA,NA
2018-05-14,19.5214,NA,7.8475,NA,46519.2890625,47.38999938964844,2730.13,12.93,71.01,1.7,2.58189,115.17,NA,NA,11.459899749373433,3.746059544658494,7.55,7.67,2730.1298828125
2018-05-15,19.7854,7.58,7.8488,NA,46258.9609375,46.959999084472656,2711.45,14.63,71.34,1.7,2.62197,119.6,NA,NA,15.927318295739347,5.863397548161121,7.57,7.77,2711.449951171875
2018-05-16,19.7094,NA,7.8475,NA,46419.76953125,47.27000045776367,2722.46,13.42,71.43,1.7,2.59502,119.83,NA,NA,18.25814536340852,6.352014010507881,7.57,7.74,2722.4599609375
2018-05-17,19.7033,NA,7.86,NA,45787.8984375,46.310001373291016,2720.13,13.43,71.47,1.7,2.62815,125.46,NA,NA,14.3734335839599,4.560420315236428,7.54,7.74,2720.1298828125
2018-05-18,19.9319,NA,7.8676,NA,45666.76953125,45.54999923706055,2712.97,13.42,71.23,1.7,2.71339,130.57,NA,NA,15.733082706766917,2.605954465849387,7.54,7.76,2712.969970703125
2018-05-19,NA,NA,NA,NA,NA,NA,NA,NA,NA,1.7,2.71339,NA,NA,NA,5.244360902255639,0,7.56,7.82,NA
2018-05-20,NA,NA,NA,NA,NA,NA,NA,NA,NA,1.7,2.71339,NA,NA,NA,4.855889724310777,0,7.56,7.82,NA
2018-05-21,19.9054,NA,7.8558,NA,45305.01953125,45.380001068115234,2733.01,13.08,72.26,1.7,2.72193,125.21,NA,NA,4.855889724310777,1.9544658493870404,7.54,7.71,2733.010009765625
2018-05-22,19.7528,7.51,7.8602,NA,45600.87109375,46.02000045776367,2724.44,13.22,72.09,1.7,2.65065,123.25,NA,NA,4.078947368421052,1.6287215411558669,7.5,7.71,2724.43994140625
2018-05-23,19.7661,NA,7.862,NA,45776.69140625,46.720001220703125,2733.29,12.58,71.85,1.7,2.66935,118.58,NA,NA,3.496240601503759,1.4658493870402802,7.5,7.64,2733.2900390625
2018-05-24,19.7048,NA,7.8612,NA,45433.08984375,46.06999969482422,2727.76,12.53,70.77,1.7,2.65139,120.06,NA,NA,3.496240601503759,1.4658493870402802,7.5,7.66,2727.760009765625
2018-05-25,19.5608,NA,7.8662,NA,45091.98828125,46,2721.33,13.22,67.92,1.7,2.64594,120.06,NA,NA,4.661654135338345,1.140105078809107,7.5,7.62,2721.330078125
2018-05-26,NA,NA,NA,NA,NA,NA,NA,NA,NA,1.7,2.64594,NA,NA,NA,3.3020050125313283,0.9772329246935202,7.52,7.677,NA
2018-05-27,NA,NA,NA,NA,NA,NA,NA,NA,NA,1.7,2.64594,NA,NA,NA,3.496240601503759,1.140105078809107,NA,NA,NA
2018-05-28,19.5915,NA,7.8585,NA,44851.05078125,NA,NA,NA,NA,1.7,2.64594,120.06,NA,NA,6.409774436090225,1.4658493870402802,7.5,7.63,NA
2018-05-29,19.7499,7.48,7.8587,NA,44647.37109375,44.709999084472656,2689.86,17.02,66.8,1.7,2.81629,131.21,NA,NA,4.661654135338345,0.8143607705779334,7.5,7.66,2689.860107421875
2018-05-30,19.7322,NA,7.86,NA,44715.87890625,45.15999984741211,2724.01,14.94,68.24,1.7,2.7839,129.36,NA,NA,4.661654135338345,1.6287215411558669,7.5,7.73,2724.010009765625
2018-05-31,19.9759,NA,7.855,NA,44662.55078125,44.68000030517578,2705.27,15.43,66.98,1.7,2.87543,139.58,NA,NA,4.273182957393484,1.6287215411558669,7.5,7.78,2705.27001953125
2018-06-01,19.8662,NA,7.85,7.88,45013.12109375,44.97999954223633,2734.62,13.46,65.81,1.7,2.84865,136.67,9,2,9.656652360515022,2.384105960264901,7.5,7.82,2734.6201171875
2018-06-02,NA,NA,NA,NA,NA,NA,NA,NA,NA,1.7,2.84865,NA,NA,NA,6.5665236051502145,2.781456953642384,NA,7.85,NA
2018-06-03,NA,NA,NA,NA,NA,NA,NA,NA,NA,1.7,2.84865,NA,NA,NA,7.725321888412017,0,NA,NA,NA
2018-06-04,19.9934,NA,7.8529,NA,45243.98046875,44.970001220703125,2746.87,12.74,64.76,1.7,2.81296,136.67,NA,NA,9.656652360515022,2.781456953642384,7.5,7.829,2746.8701171875
2018-06-05,20.3863,7.51,7.8546,NA,45130.69921875,43.779998779296875,2748.8,12.4,65.51,1.7,2.90874,146.14,NA,NA,10.815450643776824,3.5761589403973515,7.5,7.82,2748.800048828125
2018-06-06,20.3129,NA,7.864,NA,45181.8203125,44.209999084472656,2772.35,11.64,64.75,1.7,2.88845,144.98,NA,NA,10.042918454935622,3.9735099337748347,7.5,7.75,2772.35009765625
2018-06-07,20.46,NA,7.8729,NA,45476.5703125,43.86000061035156,2770.37,12.13,65.96,1.7,3.0018,148.34,NA,NA,9.656652360515022,2.781456953642384,7.49,7.84,2770.3701171875
2018-06-08,20.5281,NA,7.87,NA,45939.5390625,44.91999816894531,2779.03,12.18,65.77,1.7,3.02044,149.34,NA,NA,12.360515021459227,3.178807947019868,7.54,7.82,2779.030029296875
2018-06-09,NA,NA,NA,NA,NA,NA,NA,NA,NA,1.7,3.02044,NA,NA,NA,10.042918454935622,0,NA,NA,NA
2018-06-10,NA,NA,NA,NA,NA,NA,NA,NA,NA,1.7,3.02044,NA,NA,NA,6.180257510729613,1.9867549668874174,NA,NA,NA
2018-06-11,20.4722,NA,7.8721,NA,46301.140625,44.630001068115234,2782,12.35,66.1,1.7,3.05795,149.37,NA,NA,8.49785407725322,2.384105960264901,7.6,7.86,2782
2018-06-12,20.596,7.62,7.88,NA,46660.75,44.77000045776367,2786.85,12.34,66.38,1.7,3.06955,151.08,NA,NA,7.725321888412017,2.384105960264901,7.61,7.93,2786.85009765625
2018-06-13,20.6259,NA,7.8788,NA,46760.578125,44.66999816894531,2775.63,12.94,66.63,1.7,3.04027,145.01,NA,NA,11.201716738197424,3.178807947019868,7.66,7.9,2775.6298828125
2018-06-14,20.6953,NA,7.891,NA,47197.23828125,44.86000061035156,2782.49,12.12,66.91,1.9,3.03153,147.91,NA,NA,8.49785407725322,1.589403973509934,7.65,7.93,2782.489990234375
2018-06-15,20.716,NA,7.8933,NA,46938.8203125,45.060001373291016,2779.66,11.98,65.01,1.9,2.99084,143.04,NA,NA,8.49785407725322,1.589403973509934,7.66,7.99,2779.659912109375
2018-06-16,NA,NA,NA,NA,NA,NA,NA,NA,NA,1.9,2.99084,NA,NA,NA,9.27038626609442,2.384105960264901,NA,8.04,NA
2018-06-17,NA,NA,NA,NA,NA,NA,NA,NA,NA,1.9,2.99084,NA,NA,NA,7.339055793991416,0,NA,NA,NA
2018-06-18,20.6968,NA,7.9003,NA,46660.87109375,45.16999816894531,2773.75,12.31,65.91,1.9,3.00613,144.52,NA,NA,10.429184549356222,2.384105960264901,7.67,7.9,2773.75
2018-06-19,20.5531,7.71,7.8975,NA,46488.37890625,44.400001525878906,2762.59,13.35,65.09,1.91,3.01693,143.52,NA,NA,11.974248927038627,2.781456953642384,7.7,7.9,2762.590087890625
2018-06-20,20.3937,NA,7.9,NA,46759.41015625,45.09000015258789,2767.32,12.79,65.92,1.92,2.91997,140.12,NA,NA,9.656652360515022,2.384105960264901,7.7,7.79,2767.320068359375
2018-06-21,20.3689,NA,7.915,NA,46456.91015625,44.97999954223633,2749.76,14.64,65.68,1.92,2.86492,138.16,NA,NA,8.49785407725322,1.9867549668874174,7.69,7.77,2749.760009765625
2018-06-22,20.1264,NA,8.07,NA,46737.640625,45.779998779296875,2754.88,13.77,69.02,1.92,2.7935,131.81,NA,NA,10.042918454935622,2.781456953642384,7.75,7.72,2754.8798828125
2018-06-23,NA,NA,NA,NA,NA,NA,NA,NA,NA,1.92,2.7935,NA,NA,NA,9.656652360515022,0,NA,7.75,NA
2018-06-24,NA,NA,NA,NA,NA,NA,NA,NA,NA,1.92,2.7935,NA,NA,NA,5.021459227467811,0,NA,NA,NA
2018-06-25,20.0908,NA,8.08,NA,46747.8515625,46.130001068115234,2717.07,17.33,69.91,1.92,2.83514,133.76,NA,NA,9.27038626609442,2.384105960264901,7.73,7.72,2717.070068359375
2018-06-26,19.8754,7.7,8.09,NA,46908.94140625,46.20000076293945,2723.06,15.92,75.23,1.92,2.82729,131.81,NA,NA,10.042918454935622,0,7.69,7.64,2723.06005859375
2018-06-27,20.0553,NA,8.1,NA,46874.4296875,45.61000061035156,2699.63,17.91,77.41,1.91,2.87811,136.19,NA,NA,5.793991416309012,1.589403973509934,7.67,7.66,2699.6298828125
2018-06-28,19.8633,NA,8.103,NA,47031.26953125,46.91999816894531,2716.31,16.85,73.45,1.91,2.82553,131.22,NA,NA,8.49785407725322,0,7.7,7.58,2716.31005859375
2018-06-29,19.6912,NA,8.1004,NA,47663.19921875,47.13999938964844,2718.37,16.09,74.13,1.91,2.808,133.18,NA,NA,9.656652360515022,4.370860927152318,7.74,7.58,2718.3701171875
2018-06-30,NA,NA,NA,NA,NA,NA,NA,NA,NA,1.91,2.808,NA,NA,NA,7.725321888412017,2.384105960264901,NA,7.58,NA
2018-07-01,NA,NA,NA,7.75,NA,NA,NA,NA,NA,1.91,2.808,NA,12,2,7.62890625,0,NA,NA,NA
2018-07-02,20.1453,NA,8.1,NA,46653.51953125,45.95000076293945,2726.71,15.6,73.89,1.91,2.88832,138.17,NA,NA,36.328125,3.0097087378640772,7.75,7.65,2726.7099609375
2018-07-03,19.5974,7.72,8.108,NA,47053.890625,47.36000061035156,2713.22,16.14,74.19,1.91,2.82432,130.32,NA,NA,16.7109375,3.611650485436893,7.76,7.56,2713.219970703125
2018-07-04,19.4284,NA,8.1079,NA,47318.51953125,NA,NA,NA,NA,1.91,2.82432,130.32,NA,NA,14.89453125,5.417475728155339,7.73,7.61,NA
2018-07-05,19.2513,NA,8.1083,NA,48562.6484375,49.619998931884766,2736.61,14.97,73.05,1.91,2.77653,125.45,NA,NA,9.08203125,4.213592233009709,7.77,7.58,2736.610107421875
2018-07-06,19.0719,NA,8.1068,NA,48981.41015625,50.43000030517578,2759.82,13.37,73.78,1.91,2.72391,113.71,NA,NA,12.71484375,2.407766990291262,7.74,7.68,2759.820068359375
2018-07-07,NA,NA,NA,NA,NA,NA,NA,NA,NA,1.91,2.72391,NA,NA,NA,10.171875,0,NA,7.7,NA
2018-07-08,NA,NA,NA,NA,NA,NA,NA,NA,NA,1.91,2.72391,NA,NA,NA,10.171875,0,NA,NA,NA
2018-07-09,19.1563,NA,8.1075,NA,49235.80859375,50.40999984741211,2784.17,12.69,73.93,1.91,2.67762,113.23,NA,NA,13.078125,4.213592233009709,7.74,7.71,2784.169921875
2018-07-10,19.0559,7.74,8.1025,NA,48990.921875,50.90999984741211,2793.84,12.64,74.11,1.91,2.66514,110.78,NA,NA,11.625,3.0097087378640772,7.73,7.67,2793.840087890625
2018-07-11,18.9632,NA,8.11,NA,49025.1484375,50.400001525878906,2774.02,13.63,70.47,1.91,2.71805,117.63,NA,NA,11.98828125,3.0097087378640772,NA,7.69,2774.02001953125
2018-07-12,18.8241,NA,8.105,NA,48696.30078125,50.439998626708984,2798.29,12.58,70.28,1.91,2.68849,112.74,NA,NA,10.171875,4.213592233009709,7.74,7.68,2798.2900390625
2018-07-13,18.8854,NA,8.105,NA,48406.01171875,50.25,2801.31,12.18,71.03,1.91,2.6692,110.29,NA,NA,11.625,3.0097087378640772,7.72,7.74,2801.31005859375
2018-07-14,NA,NA,NA,NA,NA,NA,NA,NA,NA,1.91,2.6692,NA,NA,NA,11.26171875,3.0097087378640772,NA,NA,NA
2018-07-15,NA,NA,NA,NA,NA,NA,NA,NA,NA,1.91,2.6692,NA,NA,NA,10.53515625,0,NA,NA,NA
2018-07-16,18.836,NA,8.1067,NA,48454.2109375,50.5,2798.43,12.83,68.22,1.91,2.63399,112.75,NA,NA,11.26171875,3.0097087378640772,7.75,7.7,2798.429931640625
2018-07-17,18.8763,7.74,8.11,NA,48704.62890625,50.599998474121094,2809.55,12.06,68.03,1.91,2.64621,114.22,NA,NA,11.98828125,2.407766990291262,7.71,7.69,2809.550048828125
2018-07-18,18.91,NA,8.11,NA,49002.76953125,50.7599983215332,2815.62,12.1,68.78,1.91,2.62283,113.61,NA,NA,10.171875,2.407766990291262,7.71,7.64,2815.6201171875
2018-07-19,19.079,NA,8.105,NA,48747.7890625,50.099998474121094,2804.49,12.87,69.42,1.91,2.66858,115.57,NA,NA,9.80859375,0,7.72,7.7,2804.489990234375
2018-07-20,19.0694,NA,8.1101,NA,48908.23828125,50.47999954223633,2801.83,12.86,70.31,1.91,2.64249,113.96,NA,NA,10.53515625,0,7.74,7.66,2801.830078125
2018-07-21,NA,NA,NA,NA,NA,NA,NA,NA,NA,1.91,2.64249,NA,NA,NA,11.625,0,NA,7.7,NA
2018-07-22,NA,NA,NA,NA,NA,NA,NA,NA,NA,1.91,2.64249,NA,NA,NA,7.9921875,0,NA,NA,NA
2018-07-23,19.0761,NA,8.1068,NA,48850.9296875,50.77000045776367,2806.98,12.62,67.9,1.91,2.61633,113.72,NA,NA,15.2578125,0,7.72,7.67,2806.97998046875
2018-07-24,18.8506,7.72,8.1025,NA,49462.76953125,51.220001220703125,2820.4,12.41,70.77,1.91,2.62706,112.74,NA,NA,12.71484375,3.0097087378640772,7.73,7.73,2820.39990234375
2018-07-25,18.7709,NA,8.0805,NA,49603.6484375,51.880001068115234,2846.07,12.29,71.13,1.91,2.61179,109.31,NA,NA,9.08203125,4.815533980582524,7.71,7.7,2846.070068359375
2018-07-26,18.6234,NA,8.095,NA,49438.23828125,51.72999954223633,2837.44,12.14,71.59,1.91,2.55249,106.36,NA,NA,11.98828125,0,7.74,7.71,2837.43994140625
2018-07-27,18.5515,NA,8.1,NA,49643.94140625,51.869998931884766,2818.82,13.03,68.66,1.91,2.57252,110.3,NA,NA,10.8984375,0,7.74,7.75,2818.820068359375
2018-07-28,NA,NA,NA,NA,NA,NA,NA,NA,NA,1.91,2.57252,NA,NA,NA,9.4453125,3.611650485436893,NA,7.73,NA
2018-07-29,NA,NA,NA,NA,NA,NA,NA,NA,NA,1.91,2.57252,NA,NA,NA,7.62890625,0,NA,NA,NA
2018-07-30,18.5413,NA,8.105,NA,49705.28125,52.18000030517578,2802.6,14.26,71.19,1.91,2.64241,112.26,NA,NA,11.98828125,3.611650485436893,7.75,7.71,2802.60009765625
2018-07-31,18.6457,7.74,8.1,NA,49698.01171875,51.97999954223633,2816.29,12.83,69.88,1.91,2.73553,113.24,NA,NA,11.625,0,7.71,7.74,2816.2900390625
2018-08-01,18.5899,NA,8.1,7.83,49449.44140625,51.720001220703125,2813.36,13.15,68.8,1.91,2.77221,113.74,10,3,8.397291196388261,2.721951219512195,7.73,7.76,2813.360107421875
2018-08-02,18.6349,NA,8.11,NA,49056.0390625,51.150001525878906,2827.22,12.19,68.95,1.91,2.74654,116.67,NA,NA,9.796839729119638,2.268292682926829,7.77,7.71,2827.219970703125
2018-08-03,18.5725,NA,8.105,NA,49302.5703125,51.88999938964844,2840.35,11.64,68.49,1.91,2.7396,113.73,NA,NA,10.84650112866817,0,7.76,7.69,2840.35009765625
2018-08-04,NA,NA,NA,NA,NA,NA,NA,NA,NA,1.91,2.7396,NA,NA,NA,7.697516930022572,0,NA,7.76,NA
2018-08-05,NA,NA,NA,NA,NA,NA,NA,NA,NA,1.91,2.7396,NA,NA,NA,6.997742663656884,0,NA,NA,NA
2018-08-06,18.5433,NA,8.1075,NA,49320.2109375,51.91999816894531,2850.4,11.27,69.01,1.91,2.74893,113.73,NA,NA,11.896162528216703,3.1756097560975607,7.8,7.69,2850.39990234375
2018-08-07,18.4631,7.74,8.1075,NA,49963.87109375,52.900001525878906,2858.45,10.93,69.17,1.91,2.7242,114.23,NA,NA,10.146726862302481,2.721951219512195,NA,7.68,2858.449951171875
2018-08-08,18.4542,NA,8.1002,NA,49894.55859375,52.7400016784668,2857.7,10.85,66.92,1.91,2.73759,113.24,NA,NA,7.347629796839728,0,7.73,7.64,2857.699951171875
2018-08-09,18.6511,NA,8.1041,NA,49244.3984375,51.400001525878906,2853.58,11.27,66.81,1.91,2.78231,116.67,NA,NA,8.747178329571105,2.721951219512195,NA,7.67,2853.580078125
2018-08-10,18.9273,NA,8.1035,NA,48383.58984375,49.619998931884766,2833.28,13.16,67.61,1.91,2.89795,121.08,NA,NA,9.09706546275395,2.268292682926829,7.74,7.73,2833.280029296875
2018-08-11,NA,NA,NA,NA,NA,NA,NA,NA,NA,1.91,2.89795,NA,NA,NA,9.09706546275395,2.268292682926829,NA,NA,NA
2018-08-12,NA,NA,NA,NA,NA,NA,NA,NA,NA,1.91,2.89795,NA,NA,NA,6.997742663656884,0,NA,NA,NA
2018-08-13,19.1801,NA,8.105,NA,48767.01953125,49.54999923706055,2821.93,14.78,67.25,1.91,2.91649,120.59,NA,NA,12.595936794582391,3.1756097560975607,7.74,7.78,2821.929931640625
2018-08-14,18.9973,7.74,8.1,NA,49096.12890625,50.689998626708984,2839.96,13.31,67.04,1.91,2.84436,116.2,NA,NA,11.54627539503386,3.1756097560975607,7.73,7.81,2839.9599609375
2018-08-15,19.2339,NA,8.105,NA,48556.69140625,49.209999084472656,2818.37,14.64,65.07,1.91,2.88888,119.13,NA,NA,9.796839729119638,3.6292682926829265,7.73,7.818,2818.3701171875
2018-08-16,19.01,NA,8.11,NA,48059.05859375,49.25,2840.69,13.45,65.44,1.92,2.82325,116.68,NA,NA,10.146726862302481,1.8146341463414632,7.74,7.89,2840.68994140625
2018-08-17,19.0615,NA,8.11,NA,48264.62890625,49.810001373291016,2850.13,12.64,65.93,1.92,2.7805,117.17,NA,NA,11.196388261851014,2.721951219512195,7.73,7.84,2850.1298828125
2018-08-18,NA,NA,NA,NA,NA,NA,NA,NA,NA,1.92,2.7805,NA,NA,NA,10.84650112866817,2.721951219512195,NA,NA,NA
2018-08-19,NA,NA,NA,NA,NA,NA,NA,NA,NA,1.92,2.7805,NA,NA,NA,7.697516930022572,0,NA,NA,NA
2018-08-20,19.0305,NA,8.1064,NA,48785.48046875,50.02000045776367,2857.05,12.49,66.5,1.92,2.78546,118.14,NA,NA,10.146726862302481,5.44390243902439,7.72,7.85,2857.050048828125
2018-08-21,18.8784,7.71,8.1075,NA,49344.05078125,50.83000183105469,2862.96,12.86,67.32,1.92,2.75835,116.68,NA,NA,8.747178329571105,4.990243902439024,7.7,7.83,2862.9599609375
2018-08-22,18.8176,NA,8.11,NA,49880.33984375,51.86000061035156,2861.82,12.25,67.85,1.92,2.7561,114.23,NA,NA,9.446952595936793,5.44390243902439,7.71,7.77,2861.820068359375
2018-08-23,18.8672,NA,8.1064,NA,49749.55859375,51.02000045776367,2856.98,12.41,69.13,1.92,2.79714,115.22,NA,NA,9.446952595936793,2.721951219512195,7.69,7.8,2856.97998046875
2018-08-24,18.8339,NA,8.112,NA,49633.76953125,51.189998626708984,2874.69,11.99,69.71,1.92,2.81405,114.73,NA,NA,9.09706546275395,4.536585365853658,7.69,7.75,2874.68994140625
2018-08-25,NA,NA,NA,NA,NA,NA,NA,NA,NA,1.92,2.81405,NA,NA,NA,7.347629796839728,3.1756097560975607,NA,7.81,NA
2018-08-26,NA,NA,NA,NA,NA,NA,NA,NA,NA,1.92,2.81405,NA,NA,NA,8.047404063205416,0,NA,NA,NA
2018-08-27,18.6697,NA,8.11,NA,50416.26953125,52.220001220703125,2896.74,12.16,69.97,1.92,2.76381,112.77,NA,NA,11.196388261851014,4.082926829268292,7.7,7.74,2896.739990234375
2018-08-28,18.9354,7.72,8.1043,NA,50023.98046875,50.95000076293945,2897.52,12.5,68.54,1.92,2.72356,114.24,NA,NA,12.945823927765236,6.351219512195121,7.71,7.82,2897.52001953125
2018-08-29,19.0659,NA,8.11,NA,50187.48046875,51.59000015258789,2914.04,12.25,69.68,1.92,2.74444,113.75,NA,NA,11.896162528216703,7.712195121951218,NA,7.87,2914.0400390625
2018-08-30,19.1258,NA,8.1038,NA,49653.140625,50.43000030517578,2901.13,13.53,70.25,1.92,2.78861,117.18,NA,NA,14.345372460496613,6.804878048780488,NA,7.9,2901.1298828125
2018-08-31,19.1792,NA,8.1086,NA,49547.6796875,50.34000015258789,2901.52,12.86,69.84,1.91,2.81562,118.65,NA,NA,16.444695259593676,6.351219512195121,7.69,7.91,2901.52001953125
2018-09-01,NA,NA,NA,NA,NA,NA,NA,NA,NA,1.91,2.81562,NA,9,3,12.604422604422606,3.3609958506224067,NA,7.93,NA
2018-09-02,NA,NA,NA,NA,NA,NA,NA,NA,NA,1.91,2.81562,NA,NA,NA,9.950859950859952,1.8672199170124482,NA,NA,NA
2018-09-03,19.2137,NA,8.1018,NA,49488.48046875,NA,NA,NA,NA,1.91,2.81562,118.65,NA,NA,10.614250614250615,5.228215767634855,7.73,7.91,NA
2018-09-04,19.3609,7.7,8.0988,NA,48884.171875,49.029998779296875,2896.72,13.16,69.82,1.92,2.84989,123.58,NA,NA,10.945945945945947,4.1078838174273855,7.69,8.01,2896.719970703125
2018-09-05,19.4433,NA,8.1075,NA,48595.37109375,48.84000015258789,2888.6,13.91,68.69,1.92,2.84111,123.08,NA,NA,10.282555282555283,4.481327800829876,7.7,8.03,2888.60009765625
2018-09-06,19.3546,NA,8.104,NA,48711.8515625,49.33000183105469,2878.05,14.65,67.81,1.92,2.82955,122.59,NA,NA,9.950859950859952,4.1078838174273855,7.69,8,2878.050048828125
2018-09-07,19.2394,NA,8.1015,NA,48971.140625,49.279998779296875,2871.68,14.88,67.73,1.92,2.79765,123.1,NA,NA,8.955773955773957,4.854771784232366,7.71,8.04,2871.679931640625
2018-09-08,NA,NA,NA,NA,NA,NA,NA,NA,NA,1.92,2.79765,NA,NA,NA,7.960687960687961,0,NA,8.04,NA
2018-09-09,NA,NA,NA,NA,NA,NA,NA,NA,NA,1.92,2.79765,NA,NA,NA,6.965601965601966,3.7344398340248963,NA,NA,NA
2018-09-10,19.2989,NA,8.1149,NA,48848.73828125,49.29999923706055,2877.13,14.16,67.55,1.92,2.80916,123.08,NA,NA,9.61916461916462,4.481327800829876,7.73,8.06,2877.1298828125
2018-09-11,19.268,7.7,8.115,NA,48895.80078125,49.470001220703125,2887.89,13.22,69.29,1.92,2.803,123.09,NA,NA,8.955773955773957,2.987551867219917,7.74,8.06,2887.889892578125
2018-09-12,19.0511,NA,8.1109000000000009,NA,49254.98046875,50.38999938964844,2888.92,13.14,70.37,1.92,2.7812,118.66,NA,NA,9.287469287469289,3.7344398340248963,7.67,8.04,2888.919921875
2018-09-13,18.8775,NA,8.1195,NA,49693.2109375,51.369998931884766,2904.18,12.37,68.6,1.92,2.70306,111.29,NA,NA,8.955773955773957,2.6141078838174274,7.72,7.98,2904.179931640625
2018-09-14,18.8689,NA,8.12,NA,49611.9296875,51.02000045776367,2904.98,12.07,68.98,1.92,2.66553,109.82,NA,NA,9.950859950859952,3.3609958506224067,7.68,8.01,2904.97998046875
2018-09-15,NA,NA,NA,NA,NA,NA,NA,NA,NA,1.92,2.66553,NA,NA,NA,6.965601965601966,2.987551867219917,NA,8.03,NA
2018-09-16,NA,NA,NA,NA,NA,NA,NA,NA,NA,1.92,2.66553,NA,NA,NA,8.624078624078624,0,NA,NA,NA
2018-09-17,18.8399,NA,8.1165,NA,49398.5703125,50.88999938964844,2888.8,13.68,68.86,1.92,2.67773,107.37,NA,NA,9.287469287469289,4.854771784232366,7.73,8.03,2888.800048828125
2018-09-18,18.7694,7.69,8.12,NA,49661.828125,51.22999954223633,2904.31,12.79,69.87,1.92,2.6525,106.39,NA,NA,9.950859950859952,4.481327800829876,7.72,8.03,2904.31005859375
2018-09-19,18.7672,NA,8.1225,NA,49590.7890625,51.31999969482422,2907.95,11.75,71.08,1.92,2.63007,106.39,NA,NA,9.287469287469289,3.7344398340248963,7.69,8.03,2907.949951171875
2018-09-20,18.8296,NA,8.1227,NA,49510.78125,51.13999938964844,2930.75,11.8,70.77,1.92,2.63438,115.68,NA,NA,8.292383292383294,2.987551867219917,7.66,8.05,2930.75
2018-09-21,18.8539,NA,8.12,NA,49344.2890625,50.9900016784668,2929.67,11.68,70.8,1.92,2.60548,115.19,NA,NA,8.955773955773957,2.6141078838174274,NA,8.03,2929.669921875
2018-09-22,NA,NA,NA,NA,NA,NA,NA,NA,NA,1.92,2.60548,NA,NA,NA,7.297297297297298,0,NA,8.05,NA
2018-09-23,NA,NA,NA,NA,NA,NA,NA,NA,NA,1.92,2.60548,NA,NA,NA,5.9705159705159705,0,NA,NA,NA
2018-09-24,18.8516,NA,8.12,NA,49417.21875,50.5,2919.37,12.2,73.23,1.93,2.60299,118.6,NA,NA,7.297297297297298,4.1078838174273855,7.72,8,2919.3701171875
2018-09-25,18.987,7.65,8.12,NA,49651.55078125,50.689998626708984,2915.56,12.42,73.4,1.93,2.59982,118.6,NA,NA,8.292383292383294,4.1078838174273855,7.64,8.04,2915.56005859375
2018-09-26,18.8986,NA,8.1225,NA,49606.0703125,51,2905.97,12.89,72.22,1.93,2.5684,114.43,NA,NA,8.292383292383294,2.6141078838174274,7.62,7.94,2905.969970703125
2018-09-27,18.812,NA,8.115,NA,49646.91015625,51.130001068115234,2914,12.41,72.18,2.18,2.54454,112.96,NA,NA,7.960687960687961,4.1078838174273855,7.66,7.89,2914
2018-09-28,18.7231,NA,8.12,NA,49504.16015625,51.22999954223633,2913.98,12.12,73.16,2.18,2.56365,112.24,NA,NA,9.61916461916462,4.481327800829876,7.67,7.91,2913.97998046875
2018-09-29,NA,NA,NA,NA,NA,NA,NA,NA,NA,2.18,2.56365,NA,NA,NA,11.941031941031941,0,NA,NA,NA
2018-09-30,NA,NA,NA,NA,NA,NA,NA,NA,NA,2.18,2.56365,NA,NA,NA,6.965601965601966,0,NA,NA,NA
2018-10-01,18.6531,NA,8.115,8.17,49841.46875,51.61000061035156,2924.59,12,75.37,2.18,2.5508,110.78,9,3,7.587866108786611,3.5020920502092046,7.74,7.93,2924.590087890625
2018-10-02,18.7503,7.67,8.11,NA,49376.5,50.83000183105469,2923.43,12.05,75.16,2.18,2.56206,108.32,NA,NA,8.755230125523013,4.669456066945607,7.64,7.91,2923.429931640625
2018-10-03,18.8014,NA,8.115,NA,49005.3515625,49.9900016784668,2925.51,11.61,76.4,2.18,2.52053,106.37,NA,NA,9.047071129707113,3.112970711297071,NA,7.93,2925.510009765625
2018-10-04,19.1328,NA,8.1125,NA,48683.26171875,49.31999969482422,2901.61,14.22,74.44,2.18,2.567,115.68,NA,NA,7.587866108786611,2.723849372384937,7.69,8.01,2901.610107421875
2018-10-05,18.9444,NA,8.1125,NA,48052.8515625,49.58000183105469,2885.57,14.82,74.26,2.18,2.56089,119.6,NA,NA,7.00418410041841,4.2803347280334725,7.71,8.09,2885.570068359375
2018-10-06,NA,NA,NA,NA,NA,NA,NA,NA,NA,2.18,2.56089,NA,NA,NA,8.171548117154812,2.723849372384937,NA,NA,NA
2018-10-07,NA,NA,NA,NA,NA,NA,NA,NA,NA,2.18,2.56089,NA,NA,NA,6.420502092050209,0,NA,NA,NA
2018-10-08,18.9234,NA,8.112,NA,48093.1015625,49.33000183105469,2884.43,15.69,74.27,2.18,2.56089,119.6,NA,NA,6.420502092050209,3.5020920502092046,7.78,8.1,2884.429931640625
2018-10-09,19,7.7,8.1122,NA,48505.21875,49.47999954223633,2880.34,15.95,74.95,2.18,2.57183,118.86,NA,NA,8.755230125523013,3.5020920502092046,7.66,8.15,2880.340087890625
2018-10-10,19.1183,NA,8.1195,NA,48136.1796875,48.65999984741211,2785.68,22.96,73.18,2.18,2.57036,123.5,NA,NA,8.463389121338912,3.8912133891213383,7.69,8.15,2785.679931640625
2018-10-11,19.0217,NA,8.1154,NA,47558.23046875,48.52000045776367,2728.37,24.98,70.97,2.18,2.64165,121.55,NA,NA,8.171548117154812,5.05857740585774,7.7,8.16,2728.3701171875
2018-10-12,18.9202,NA,8.1134,NA,47444.05078125,48.709999084472656,2767.13,21.31,71.41,2.18,2.59834,121.06,NA,NA,7.29602510460251,2.723849372384937,7.7,8.1,2767.1298828125
2018-10-13,NA,NA,NA,NA,NA,NA,NA,NA,NA,2.18,2.59834,NA,NA,NA,7.29602510460251,2.723849372384937,NA,8.18,NA
2018-10-14,NA,NA,NA,NA,NA,NA,NA,NA,NA,2.18,2.59834,NA,NA,NA,6.71234309623431,3.112970711297071,NA,8.18,NA
2018-10-15,18.8096,NA,8.12,NA,47739.08984375,49.06999969482422,2750.79,21.3,71.84,2.18,2.59105,121.06,NA,NA,6.71234309623431,3.112970711297071,7.71,8.07,2750.7900390625
2018-10-16,18.7693,7.65,8.115,NA,48191.5703125,49.790000915527344,2809.92,17.62,71.93,2.18,2.55075,116.16,NA,NA,7.879707112970712,4.2803347280334725,7.64,8.05,2809.919921875
2018-10-17,18.8012,NA,8.115,NA,47887.94921875,49.150001525878906,2809.21,17.4,69.63,2.19,2.51681,118.62,NA,NA,7.00418410041841,3.5020920502092046,7.66,8.09,2809.2099609375
2018-10-18,19.1018,NA,8.115,NA,47024.4609375,47.52000045776367,2768.78,20.06,68.63,2.19,2.61116,125.95,NA,NA,7.879707112970712,3.5020920502092046,7.71,8.14,2768.780029296875
2018-10-19,19.2183,NA,8.1106,NA,47437.44921875,47.630001068115234,2767.78,19.89,69.16,2.19,2.64107,127.91,NA,NA,6.420502092050209,4.2803347280334725,7.75,8.2,2767.780029296875
2018-10-20,NA,NA,NA,NA,NA,NA,NA,NA,NA,2.19,2.64107,NA,NA,NA,6.128661087866108,2.723849372384937,NA,8.17,NA
2018-10-21,NA,NA,NA,NA,NA,NA,NA,NA,NA,2.19,2.64107,NA,NA,NA,7.00418410041841,0,NA,8.17,NA
2018-10-22,19.3669,NA,8.1086,NA,46962.73828125,46.83000183105469,2755.88,19.64,69.25,2.19,2.71484,130.84,NA,NA,9.338912133891213,2.723849372384937,7.78,8.35,2755.8798828125
2018-10-23,19.4169,7.72,8.115,NA,46449.03125,46.529998779296875,2740.69,20.71,66.49,2.2,2.74917,129.85,NA,NA,7.00418410041841,3.112970711297071,7.69,8.29,2740.68994140625
2018-10-24,19.4623,NA,8.1125,NA,45959.0390625,45.2599983215332,2656.1,25.23,66.56,2.2,2.78807,135.19,NA,NA,8.171548117154812,1.5564853556485354,7.72,8.34,2656.10009765625
2018-10-25,19.4383,NA,8.1275,NA,46275.7109375,46.040000915527344,2705.57,24.22,67.25,2.2,2.77684,131.8,NA,NA,9.047071129707113,3.112970711297071,7.82,8.34,2705.570068359375
2018-10-26,19.479,NA,8.1215,NA,45803.328125,45.880001068115234,2658.69,24.16,67.58,2.2,2.86736,134.22,NA,NA,7.587866108786611,2.723849372384937,7.8,8.32,2658.68994140625
2018-10-27,NA,NA,NA,NA,NA,NA,NA,NA,NA,2.2,2.86736,NA,NA,NA,7.587866108786611,2.3347280334728033,NA,8.38,NA
2018-10-28,NA,NA,NA,NA,NA,NA,NA,NA,NA,2.2,2.86736,NA,NA,NA,5.836820083682008,0,NA,8.38,NA
2018-10-29,19.8022,NA,8.14,NA,43879.12890625,42.599998474121094,2641.25,24.7,67,2.2,3.01649,144.53,NA,NA,29.18410041841004,4.2803347280334725,7.81,8.7,2641.25
2018-10-30,20.0258,7.76,8.1539,NA,43538.12109375,42.439998626708984,2682.63,23.35,66.18,2.2,3.07496,142.09,NA,NA,23.639121338912133,3.8912133891213383,7.75,8.71,2682.6298828125
2018-10-31,20.3177,NA,8.1675,NA,43942.55078125,42.08000183105469,2711.74,21.23,65.31,2.2,3.06817,144.06,NA,NA,14.883891213389122,2.3347280334728033,7.78,8.86,2711.739990234375
2018-11-01,20.1329,NA,8.1724,9.11,45446.828125,43.84000015258789,2740.37,19.34,63.67,2.2,3.0602,141.09,11,3,12.663656884875849,1.4106583072100314,7.74,8.77,2740.3701171875
2018-11-02,NA,NA,NA,NA,NA,44.18000030517578,2723.06,19.51,63.12,2.19,2.96629,139.16,NA,NA,11.670428893905193,0,NA,8.79,2723.06005859375
2018-11-03,NA,NA,NA,NA,NA,NA,NA,NA,NA,2.19,2.96629,NA,NA,NA,10.925507900677202,0,NA,8.38,NA
2018-11-04,NA,NA,NA,NA,NA,NA,NA,NA,NA,2.19,2.96629,NA,NA,NA,7.697516930022574,0,NA,8.38,NA
2018-11-05,19.9636,NA,8.1651,NA,46817.359375,45.45000076293945,2738.31,19.96,63.12,2.2,2.9845,135.71,NA,NA,10.428893905191874,1.9749216300940442,7.78,8.59,2738.31005859375
2018-11-06,19.8609,7.71,8.165,NA,46328.3515625,45.540000915527344,2755.45,19.91,62.16,2.2,2.95711,135.23,NA,NA,10.18058690744921,3.3855799373040756,7.7,8.59,2755.449951171875
2018-11-07,19.8245,NA,8.175,NA,46917.3984375,45.70000076293945,2813.89,16.36,61.69,2.2,2.91808,133.28,NA,NA,8.690744920993229,3.9498432601880884,7.74,8.67,2813.889892578125
2018-11-08,20.0438,NA,8.1825,NA,44190.25,42.61000061035156,2806.83,16.72,60.71,2.2,2.99719,136.22,NA,NA,9.187358916478557,3.3855799373040756,7.76,8.82,2806.830078125
2018-11-09,20.3614,NA,8.1887,NA,44263.73828125,42.7400016784668,2781.01,17.36,60.19,2.19,3.07626,139.13,NA,NA,12.663656884875849,2.2570532915360504,7.73,8.88,2781.010009765625
2018-11-10,NA,NA,NA,NA,NA,NA,NA,NA,NA,2.19,3.07626,NA,NA,NA,8.442437923250566,2.2570532915360504,NA,NA,NA
2018-11-11,NA,NA,NA,NA,NA,NA,NA,NA,NA,2.19,3.07626,NA,NA,NA,6.952595936794583,0,NA,NA,NA
2018-11-12,20.3179,NA,8.19,NA,43310.01171875,41.5,2726.22,20.45,59.85,2.19,3.07626,139.13,NA,NA,8.194130925507901,2.5391849529780566,7.74,8.87,2726.219970703125
2018-11-13,20.5158,7.79,8.1878,NA,42421.328125,40.58000183105469,2722.18,20.02,55.63,2.2,3.2512,145.98,NA,NA,11.173814898419865,2.8213166144200628,7.76,9.01,2722.179931640625
2018-11-14,20.3979,NA,8.1923,NA,42343.9609375,40.720001220703125,2701.58,21.25,56.16,2.2,3.28681,147.96,NA,NA,10.18058690744921,1.6927899686520378,7.79,9.09,2701.580078125
2018-11-15,20.3371,NA,8.205,NA,41450.6484375,40.2400016784668,2730.2,19.98,56.45,2.2,3.37295,149.42,NA,NA,10.677200902934539,5.078369905956113,7.83,8.98,2730.199951171875
2018-11-16,20.155,NA,8.3177,NA,42319.26953125,41.380001068115234,2736.27,18.14,56.49,2.2,3.32274,149.4,NA,NA,11.670428893905193,3.9498432601880884,7.98,9.05,2736.27001953125
2018-11-17,NA,NA,NA,NA,NA,NA,NA,NA,NA,2.2,3.32274,NA,NA,NA,13.905191873589166,3.3855799373040756,NA,NA,NA
2018-11-18,NA,NA,NA,NA,NA,NA,NA,NA,NA,2.2,3.32274,NA,NA,NA,11.670428893905193,0,NA,NA,NA
2018-11-19,NA,NA,NA,NA,NA,41.18000030517578,2690.73,20.1,57.16,2.2,3.39032,154.8,NA,NA,12.415349887133184,2.8213166144200628,NA,NA,2690.72998046875
2018-11-20,20.4123,7.94,8.3166,NA,41797.37109375,40.29999923706055,2641.89,22.48,53.39,2.2,3.51268,161.2,NA,NA,13.160270880361175,4.514106583072101,7.91,9.15,2641.889892578125
2018-11-21,20.2023,NA,8.3107,NA,41499.9296875,40.36000061035156,2649.93,20.8,54.41,2.2,3.46467,158.26,NA,NA,12.911963882618512,4.796238244514107,7.94,9.07,2649.929931640625
2018-11-22,20.2984,NA,8.3158,NA,41271.12109375,NA,NA,NA,NA,2.2,3.46467,158.25,NA,NA,13.160270880361175,5.6426332288401255,7.96,9.02,NA
2018-11-23,20.3935,NA,8.32,NA,41144.328125,39.720001220703125,2632.56,21.52,NA,2.2,3.47491,160.68,NA,NA,11.918735891647856,4.231974921630094,7.96,9.06,2632.56005859375
2018-11-24,NA,NA,NA,NA,NA,NA,NA,NA,NA,2.2,3.47491,NA,NA,NA,9.187358916478557,4.796238244514107,NA,NA,NA
2018-11-25,NA,NA,NA,NA,NA,NA,NA,NA,NA,2.2,3.47491,NA,NA,NA,7.945823927765238,2.5391849529780566,NA,NA,NA
2018-11-26,20.5304,NA,8.32,NA,39427.28125,37.7599983215332,2673.45,18.9,51.46,2.2,3.49498,161.69,NA,NA,11.42212189616253,4.796238244514107,7.97,9.2,2673.449951171875
2018-11-27,20.4977,7.97,8.335,NA,39807.28125,38.38999938964844,2682.17,19.02,51.31,2.2,3.54292,161.18,NA,NA,15.891647855530476,4.231974921630094,7.96,9.22,2682.169921875
2018-11-28,20.4108,NA,8.345,NA,40989.48046875,40.099998474121094,2743.79,18.49,50.06,2.2,3.43995,151.87,NA,NA,10.925507900677202,5.078369905956113,7.96,9.18,2743.7900390625
2018-11-29,20.2217,NA,8.3363,NA,41913.44921875,40.7400016784668,2737.76,18.79,51.46,2.2,3.3939,150.4,NA,NA,10.428893905191874,3.9498432601880884,8,9.05,2737.800048828125
2018-11-30,20.3455,NA,8.3328,NA,41732.78125,40.33000183105469,2760.17,18.07,50.78,2.2,3.46739,147.97,NA,NA,13.656884875846503,4.514106583072101,8.01,9.24,2760.169921875
2018-12-01,NA,NA,NA,NA,NA,NA,NA,NA,NA,2.2,3.46739,NA,13,3,21.424774056353,3.5769230769230766,NA,NA,NA
2018-12-02,NA,NA,NA,NA,NA,NA,NA,NA,NA,2.2,3.46739,NA,NA,NA,14.9973418394471,4.5524475524475525,NA,NA,NA
2018-12-03,20.2346,NA,8.33,NA,42081.78125,40.56999969482422,2790.37,16.44,52.98,2.19,3.30889,144.54,NA,NA,16.497076023391813,4.8776223776223775,8,9.04,2790.3701171875
2018-12-04,20.5123,7.95,8.3438,NA,41865.0703125,39.88999938964844,2700.06,20.74,53.21,2.2,3.48157,161.18,NA,NA,13.49760765550239,6.178321678321678,7.94,9.14,2700.06005859375
2018-12-05,20.5672,NA,8.34,NA,41895.26953125,NA,NA,NA,52.64,2.2,3.48157,145,NA,NA,13.49760765550239,4.5524475524475525,7.96,9.09,NA
2018-12-06,20.4705,NA,8.335,NA,41987,40.619998931884766,2695.95,21.19,51.54,2.2,3.5039,149.89,NA,NA,11.783625730994151,6.828671328671328,8.03,9.15,2695.949951171875
2018-12-07,20.2609,NA,8.3472,NA,41870.12890625,40.599998474121094,2633.08,23.23,52.76,2.19,3.47834,147.47,NA,NA,12.854864433811802,6.503496503496503,8.05,9.02,2633.080078125
2018-12-08,NA,NA,NA,NA,NA,NA,NA,NA,NA,2.19,3.47834,NA,NA,NA,11.355130249867091,3.9020979020979016,NA,NA,NA
2018-12-09,NA,NA,NA,NA,NA,NA,NA,NA,NA,2.19,3.47834,NA,NA,NA,9.855396065922381,3.5769230769230766,NA,NA,NA
2018-12-10,20.3621,7.97,8.3411,NA,41356.0390625,40.16999816894531,2637.72,22.64,51.07,2.2,3.47902,148.95,NA,NA,11.56937799043062,3.5769230769230766,8.07,9.06,2637.719970703125
2018-12-11,20.2889,NA,8.355,NA,40897.8515625,40.08000183105469,2636.78,21.76,51.65,2.19,3.37439,147.06,NA,NA,12.426368952684742,4.5524475524475525,7.96,9.08,2636.780029296875
2018-12-12,NA,NA,NA,NA,NA,40.68000030517578,2651.07,21.46,51.04,2.19,3.19886,146.06,NA,NA,9.64114832535885,6.178321678321678,NA,NA,2651.070068359375
2018-12-13,20.2566,NA,8.35,NA,41512.51171875,40.36000061035156,2650.54,20.65,52.69,2.19,3.19115,142.14,NA,NA,12.426368952684742,4.227272727272727,8.12,8.95,2650.5400390625
2018-12-14,20.3337,NA,8.35,NA,41312.171875,40.27000045776367,2599.95,21.63,51.26,2.19,3.2316,144.09,NA,NA,10.498139287612972,0,7.93,8.92,2599.949951171875
2018-12-15,NA,NA,NA,NA,NA,NA,NA,NA,NA,2.19,3.2316,NA,NA,NA,10.498139287612972,0,NA,NA,NA
2018-12-16,NA,NA,NA,NA,NA,NA,NA,NA,NA,2.19,3.2316,NA,NA,NA,9.64114832535885,0,NA,NA,NA
2018-12-17,20.1126,NA,8.3525,NA,40340.51171875,39.65999984741211,2545.94,24.52,49.8,2.2,3.21686,140.68,NA,NA,12.426368952684742,3.9020979020979016,7.98,8.82,2545.93994140625
2018-12-18,20.1277,8,8.365,NA,40917.5703125,39.9900016784668,2546.16,25.58,46.12,2.2,3.26838,138.71,NA,NA,10.06964380648591,8.454545454545453,8.09,8.72,2546.159912109375
2018-12-19,20.0293,NA,8.37,NA,41388.28125,40.119998931884766,2506.96,25.58,47.96,2.2,3.3792,141.65,NA,NA,13.06911217437533,5.5279720279720275,8.09,8.71,2506.9599609375
2018-12-20,19.9082,NA,8.3837,NA,41683.26953125,41,2467.42,28.38,45.64,2.4,3.42583,146.08,NA,NA,12.854864433811802,4.227272727272727,8.27,8.65,2467.419921875
2018-12-21,19.9275,NA,8.5575,NA,41468.55859375,40.41999816894531,2416.62,30.11,45.38,2.4,3.48584,149.01,NA,NA,13.711855396065921,3.9020979020979016,8.26,8.81,2416.6201171875
2018-12-22,NA,NA,NA,NA,NA,NA,NA,NA,NA,2.4,3.48584,NA,NA,NA,12.854864433811802,0,NA,NA,NA
2018-12-23,NA,NA,NA,NA,NA,NA,NA,NA,NA,2.4,3.48584,NA,NA,NA,11.14088250930356,0,NA,NA,NA
2018-12-24,19.8473,8.17,8.5825,NA,41380.109375,40.599998474121094,2351.1,36.07,NA,2.4,3.53478,150.44,NA,NA,13.49760765550239,0,8.27,8.84,2351.10009765625
2018-12-25,NA,NA,NA,NA,NA,NA,NA,NA,NA,2.4,3.53478,150.43,NA,NA,11.355130249867091,0,NA,NA,NA
2018-12-26,19.8823,NA,8.575,NA,41573.609375,41,2467.7,30.41,46.04,2.4,3.49128,152.44,NA,NA,13.283359914938861,0,8.11,8.81,2467.699951171875
2018-12-27,19.6829,NA,8.5892,NA,41417.8515625,41.040000915527344,2488.83,29.96,44.48,2.4,3.53629,156.32,NA,NA,14.783094098883572,0,8.2,8.81,2488.830078125
2018-12-28,19.6566,NA,8.5956,NA,41459.1484375,41.13999938964844,2485.74,28.34,45.15,2.4,3.52237,154.88,NA,NA,18.853801169590643,0,8.19,8.73,2485.739990234375
2018-12-29,NA,NA,NA,NA,NA,NA,NA,NA,NA,2.4,3.52237,NA,NA,NA,15.42583732057416,0,NA,NA,NA
2018-12-30,NA,NA,NA,NA,NA,NA,NA,NA,NA,2.4,3.52237,NA,NA,NA,13.283359914938861,0,NA,NA,NA
2018-12-31,19.6512,8.06,8.5897,NA,41640.26953125,41.18000030517578,2506.85,25.42,NA,2.4,3.5677,154.42,NA,NA,13.926103136629452,3.9020979020979016,8.03,8.62,2506.85009765625
2019-01-01,NA,NA,NA,8.71,NA,NA,NA,NA,NA,2.4,3.5677,154.42,14,4,15.074954296160879,0,NA,NA,NA
2019-01-02,19.5878,NA,8.5988,NA,42271.140625,42.31999969482422,2510.03,23.22,46.31,2.4,3.58228,152.95,NA,NA,17.653564899451556,8.015209125475284,8.06,8.63,2510.030029296875
2019-01-03,19.6073,NA,8.5938,NA,42044.3203125,41.790000915527344,2447.89,25.45,46.92,2.4,3.61951,152.85,NA,NA,15.27330895795247,5.186311787072243,8.02,8.6,2447.889892578125
2019-01-04,19.4902,NA,8.59,NA,42455.12890625,42.650001525878906,2531.94,21.38,47.76,2.4,3.42108,144.68,NA,NA,13.884826325411336,4.7148288973384025,8.03,8.47,2531.93994140625
2019-01-05,NA,NA,NA,NA,NA,NA,NA,NA,NA,2.4,3.42108,NA,NA,NA,14.678244972577698,3.0646387832699618,NA,NA,NA
2019-01-06,NA,NA,NA,NA,NA,NA,NA,NA,NA,2.4,3.42108,NA,NA,NA,13.091407678244973,2.5931558935361214,NA,NA,NA
2019-01-07,19.3208,NA,8.5875,NA,42834.19921875,43.150001525878906,2549.69,21.4,48.27,2.4,3.30472,136.3,NA,NA,13.488117001828154,4.7148288973384025,8.07,8.59,2549.68994140625
2019-01-08,19.3479,8,8.5856,NA,43542.87109375,43.86000061035156,2574.41,20.47,49.58,2.4,3.28417,134.84,NA,NA,14.281535648994517,5.657794676806083,7.99,8.68,2574.409912109375
2019-01-09,19.2456,NA,8.585,NA,43648.0703125,44.349998474121094,2584.96,19.98,52.19,2.4,3.26644,132.85,NA,NA,15.074954296160879,5.422053231939163,8.01,8.76,2584.9599609375
2019-01-10,19.1714,NA,8.5841,NA,43668.94921875,44.45000076293945,2596.64,19.5,52.42,2.4,3.36177,136.3,NA,NA,13.884826325411336,5.186311787072243,8.02,8.6,2596.639892578125
2019-01-11,19.1236,NA,8.595,NA,43556.109375,44.2599983215332,2596.26,18.19,51.44,2.4,3.36177,136.77,NA,NA,15.868372943327241,5.422053231939163,8.03,8.69,2596.260009765625
2019-01-12,NA,NA,NA,NA,NA,NA,NA,NA,NA,2.4,3.36177,NA,NA,NA,14.876599634369288,3.0646387832699618,NA,NA,NA
2019-01-13,NA,NA,NA,NA,NA,NA,NA,NA,NA,2.4,3.40401,NA,NA,NA,12.694698354661792,2.3574144486692012,NA,NA,NA
2019-01-14,19.0064,NA,8.595,NA,43397.98046875,44.470001220703125,2582.61,19.07,50.31,2.4,3.3487,137.77,NA,NA,14.479890310786107,4.950570342205323,8.03,8.62,2582.610107421875
2019-01-15,19.0457,7.91,8.595,NA,43603.62109375,44.720001220703125,2610.3,18.6,51.8,2.4,3.33309,136.79,NA,NA,19.83546617915905,4.7148288973384025,7.99,8.65,2610.300048828125
2019-01-16,18.9908,NA,8.5925,NA,43819.53125,45.209999084472656,2616.1,19.04,52.08,2.4,3.30968,134.83,NA,NA,15.868372943327241,5.186311787072243,7.92,8.63,2616.10009765625
2019-01-17,19.063,NA,8.5831,NA,43932.078125,45.09000015258789,2635.96,18.06,51.83,2.4,3.2205,133.36,NA,NA,18.44698354661792,4.007604562737642,7.9,8.69,2635.9599609375
2019-01-18,19.0844,NA,8.5925,NA,44241.5390625,45.06999969482422,2670.71,17.8,53.6,2.4,3.09595,127.48,NA,NA,13.884826325411336,2.5931558935361214,8.03,8.67,2670.7099609375
2019-01-19,NA,NA,NA,NA,NA,NA,NA,NA,NA,2.4,3.09595,NA,NA,NA,14.083180987202926,2.121673003802281,NA,NA,NA
2019-01-20,NA,NA,NA,NA,NA,NA,NA,NA,NA,2.4,3.09595,NA,NA,NA,10.909506398537477,0,NA,NA,NA
2019-01-21,19.1902,NA,8.6,NA,44028.9609375,NA,NA,NA,NA,2.4,3.09595,127.48,NA,NA,10.909506398537477,4.007604562737642,7.97,8.71,NA
2019-01-22,19.1297,7.91,8.595,NA,43768.078125,44.34000015258789,2632.9,20.8,52.59,2.4,3.17796,131.38,NA,NA,12.893053016453383,4.007604562737642,7.95,8.69,2632.89990234375
2019-01-23,19.0771,NA,8.5996,NA,43679.671875,44.68000030517578,2638.7,19.52,52.44,2.4,3.14517,129.92,NA,NA,12.496343692870202,4.7148288973384025,8.08,8.63,2638.699951171875
2019-01-24,18.9859,NA,8.5963,NA,43566.109375,44.61000061035156,2642.33,18.89,52.94,2.4,3.15223,130.4,NA,NA,10.314442413162705,4.007604562737642,8.05,8.48,2642.330078125
2019-01-25,18.928,NA,8.595,NA,43638.62109375,44.810001373291016,2664.76,17.42,53.53,2.4,3.10342,130.43,NA,NA,13.488117001828154,5.186311787072243,8.12,8.42,2664.760009765625
2019-01-26,NA,NA,NA,NA,NA,NA,NA,NA,NA,2.4,3.10342,NA,NA,NA,14.083180987202926,3.300380228136882,NA,NA,NA
2019-01-27,NA,NA,NA,NA,NA,NA,NA,NA,NA,2.4,3.10342,NA,NA,NA,11.504570383912249,1.8859315589353611,NA,NA,NA
2019-01-28,19.0381,NA,8.5944,NA,43626.1484375,44.61000061035156,2643.85,18.87,51.79,2.4,3.07632,130.91,NA,NA,14.083180987202926,3.536121673003802,8.11,8.45,2643.85009765625
2019-01-29,18.9972,7.86,8.59,NA,43700.1015625,44.810001373291016,2640,19.13,53.07,2.4,3.18796,132.36,NA,NA,13.091407678244973,5.186311787072243,7.85,8.4,2640
2019-01-30,19.1623,NA,8.5918,NA,43631.359375,44.61000061035156,2681.05,17.66,54.18,2.4,3.29419,135.31,NA,NA,11.90127970749543,5.186311787072243,8.03,8.53,2681.050048828125
2019-01-31,19.0388,NA,8.595,NA,43987.94140625,45,2704.1,16.57,53.84,2.4,3.30338,134.29,NA,NA,11.90127970749543,4.007604562737642,7.86,8.47,2704.10009765625
2019-02-01,19.1098,NA,8.5875,8.49,43738.26953125,44.849998474121094,2706.53,16.14,55.29,2.4,3.19161,135.32,11,3,11.523809523809524,2.5754716981132075,7.98,8.47,2706.530029296875
2019-02-02,NA,NA,NA,NA,NA,NA,NA,NA,NA,2.4,3.19161,NA,NA,NA,12.99047619047619,1.9811320754716983,NA,NA,NA
2019-02-03,NA,NA,NA,NA,NA,NA,NA,NA,NA,2.4,3.19161,NA,NA,NA,10.057142857142857,0,NA,NA,NA
2019-02-04,NA,NA,NA,NA,NA,45.09000015258789,2724.87,15.73,54.57,2.4,3.13001,134.32,NA,NA,11.104761904761904,1.7830188679245285,NA,NA,2724.8701171875
2019-02-05,19.0824,7.9,8.586,NA,44337.1015625,45.58000183105469,2737.7,15.57,53.69,2.4,3.0498,129.89,NA,NA,10.266666666666667,2.179245283018868,7.89,8.41,2737.699951171875
2019-02-06,19.1058,NA,8.585,NA,43855.7890625,45.22999954223633,2731.61,15.38,53.94,2.4,3.07767,131.12,NA,NA,10.266666666666667,4.358490566037736,7.9,8.4,2731.610107421875
2019-02-07,19.08,NA,8.585,NA,43624.55078125,45,2706.05,16.37,52.68,2.4,3.17893,136.76,NA,NA,11.314285714285715,3.9622641509433967,7.9,8.41,2706.050048828125
2019-02-08,19.0893,NA,8.579,NA,43180.44921875,44.43000030517578,2707.88,15.72,52.75,2.4,3.2156,139.22,NA,NA,11.523809523809524,3.9622641509433967,7.9,8.34,2707.8798828125
2019-02-09,NA,NA,NA,NA,NA,NA,NA,NA,NA,2.4,3.2156,NA,NA,NA,10.476190476190476,2.7735849056603774,NA,NA,NA
2019-02-10,NA,NA,NA,NA,NA,NA,NA,NA,NA,2.4,3.2156,NA,NA,NA,9.21904761904762,1.5849056603773586,NA,NA,NA
2019-02-11,19.2524,NA,8.5735,NA,43285.171875,43.93000030517578,2709.8,15.97,52.43,2.4,3.22014,140.71,NA,NA,11.733333333333334,2.3773584905660377,7.97,8.48,2709.800048828125
2019-02-12,19.2592,7.88,8.5685,NA,43113.7890625,43.97999954223633,2744.73,15.43,53.14,2.4,3.17563,138.15,NA,NA,10.685714285714287,4.358490566037736,7.99,8.38,2744.72998046875
2019-02-13,19.4084,NA,8.561,NA,42284.05859375,42.630001068115234,2753.03,15.65,53.84,2.4,3.17575,138.24,NA,NA,10.476190476190476,3.367924528301887,7.89,8.54,2753.030029296875
2019-02-14,19.3569,NA,8.5575,NA,42725.21875,43.36000061035156,2745.73,16.22,54.4,2.4,3.16882,136.27,NA,NA,12.152380952380952,2.5754716981132075,7.99,8.4,2745.72998046875
2019-02-15,19.3625,NA,8.56,NA,42988.71875,43.790000915527344,2775.6,14.91,55.58,2.4,3.1989,134.66,NA,NA,11.104761904761904,3.566037735849057,7.96,8.27,2775.60009765625
2019-02-16,NA,NA,NA,NA,NA,NA,NA,NA,NA,2.4,3.1989,NA,NA,NA,12.152380952380952,1.9811320754716983,NA,NA,NA
2019-02-17,NA,NA,NA,NA,NA,NA,NA,NA,NA,2.4,3.1989,NA,NA,NA,10.057142857142857,2.9716981132075473,NA,NA,NA
2019-02-18,19.2578,NA,8.5642,NA,42981.30859375,NA,NA,NA,NA,2.4,3.1989,134.66,NA,NA,11.733333333333334,3.566037735849057,8,8.37,NA
2019-02-19,19.1778,7.85,8.5475,NA,42949.5,43.959999084472656,2779.76,14.88,56.12,2.4,3.22927,133.35,NA,NA,12.99047619047619,3.169811320754717,8.02,8.34,2779.760009765625
2019-02-20,19.1835,NA,8.535,NA,43178,43.90999984741211,2784.7,14.02,56.9,2.4,3.22923,134.27,NA,NA,10.057142857142857,3.367924528301887,7.86,8.35,2784.699951171875
2019-02-21,19.2652,NA,8.5399,NA,43577.640625,44.16999816894531,2774.88,14.46,56.95,2.4,3.27747,135.16,NA,NA,11.104761904761904,3.566037735849057,7.9,8.33,2774.8798828125
2019-02-22,19.1394,NA,8.535,NA,43738.66015625,44.650001525878906,2792.67,13.51,57.01,2.4,3.24854,132.42,NA,NA,10.685714285714287,2.9716981132075473,7.9,8.32,2792.669921875
2019-02-23,NA,NA,NA,NA,NA,NA,NA,NA,NA,2.4,3.24854,NA,NA,NA,11.942857142857143,3.367924528301887,NA,NA,NA
2019-02-24,NA,NA,NA,NA,NA,NA,NA,NA,NA,2.4,3.24854,NA,NA,NA,9.21904761904762,1.9811320754716983,NA,NA,NA
2019-02-25,19.1185,NA,8.5408,NA,43664.328125,44.77000045776367,2796.11,14.85,55.32,2.4,3.25934,130.06,NA,NA,12.152380952380952,3.169811320754717,7.93,8.24,2796.110107421875
2019-02-26,19.163,8.1,8.5354,NA,43623.328125,44.5099983215332,2793.9,15.17,55.4,2.4,3.24439,124.07,NA,NA,9.638095238095238,4.358490566037736,8.09,8.07,2793.89990234375
2019-02-27,19.2201,NA,8.5365,NA,43311.1796875,44.09000015258789,2792.38,14.7,56.92,2.4,3.17681,122.38,NA,NA,11.523809523809524,3.566037735849057,8.1,8.1,2792.3798828125
2019-02-28,19.2607,NA,8.535,NA,42823.80859375,43.560001373291016,2784.49,14.78,57.21,2.4,3.15843,122.53,NA,NA,9.847619047619048,4.556603773584906,8.13,8.198,2784.489990234375
2019-03-01,19.2978,NA,8.5339,8.01,42619.23046875,43.290000915527344,2803.69,13.57,55.76,2.4,3.16619,125.71,11,3,8.2144535840188,3.134831460674157,8.14,8.13,2803.68994140625
2019-03-02,NA,NA,NA,NA,NA,NA,NA,NA,NA,2.4,3.16619,NA,NA,NA,10.81903642773208,0,NA,NA,NA
2019-03-03,NA,NA,NA,NA,NA,NA,NA,NA,NA,2.4,3.16619,NA,NA,NA,10.418331374853114,2.0898876404494384,NA,NA,NA
2019-03-04,19.3039,NA,8.5325,NA,42418.48828125,43.060001373291016,2792.81,14.63,56.6,2.4,3.21015,127.39,NA,NA,8.014101057579317,3.552808988764045,8.13,8.17,2792.81005859375
2019-03-05,19.2597,NA,8.52,NA,42128.91015625,42.86000061035156,2789.65,14.74,56.55,2.4,3.20902,126.88,NA,NA,9.015863689776733,3.552808988764045,7.99,8.13,2789.64990234375
2019-03-06,19.3708,NA,8.5265,NA,41908.1484375,42.349998474121094,2771.45,15.74,56.22,2.4,3.18144,127.95,NA,NA,11.019388954171562,2.7168539325842698,8,8.084,2771.449951171875
2019-03-07,19.5225,8,8.526,NA,41641.83984375,41.77000045776367,2748.93,16.59,56.6,2.4,3.23819,129.37,NA,NA,9.616921269095181,3.552808988764045,8.05,8.104,2748.929931640625
2019-03-08,19.4902,NA,8.526,NA,41586.69921875,41.970001220703125,2743.07,16.05,55.77,2.4,3.20705,128.06,NA,NA,11.820799059929493,3.9707865168539325,8.06,8.044,2743.070068359375
2019-03-09,NA,NA,NA,NA,NA,NA,NA,NA,NA,2.4,3.20705,NA,NA,NA,10.418331374853114,2.9258426966292133,NA,NA,NA
2019-03-10,NA,NA,NA,NA,NA,NA,NA,NA,NA,2.4,3.20705,NA,NA,NA,8.014101057579317,0,NA,NA,NA
2019-03-11,19.4243,NA,8.52,NA,41876.171875,42.45000076293945,2783.3,14.33,56.79,2.4,3.10075,122.63,NA,NA,10.017626321974147,3.9707865168539325,8.09,8.02,2783.300048828125
2019-03-12,19.3049,8.09,8.5125,NA,41740.62109375,42.560001373291016,2791.52,13.77,56.89,2.4,3.10053,123.64,NA,NA,10.418331374853114,5.224719101123595,8.08,8.012,2791.52001953125
2019-03-13,19.332,NA,8.5151,NA,41932.55859375,42.66999816894531,2810.92,13.41,58.27,2.4,3.09607,123.99,NA,NA,9.416568742655699,3.552808988764045,NA,8.01,2810.919921875
2019-03-14,19.3233,NA,8.5156,NA,41777.80859375,42.540000915527344,2808.48,13.5,58.59,2.4,3.04245,123.8,NA,NA,8.615158636897768,3.9707865168539325,NA,NA,2808.47998046875
2019-03-15,19.2176,NA,8.515,NA,42210.4609375,43.15999984741211,2822.48,12.88,58.51,2.4,3.05773,123.35,NA,NA,10.017626321974147,3.343820224719101,8.08,8.02,2822.47998046875
2019-03-16,NA,NA,NA,NA,NA,NA,NA,NA,NA,2.4,3.05773,NA,NA,NA,9.616921269095181,0,NA,NA,NA
2019-03-17,NA,NA,NA,NA,NA,NA,NA,NA,NA,2.4,3.05773,NA,NA,NA,13.223266745005875,0,NA,NA,NA
2019-03-18,NA,NA,NA,NA,NA,43.88999938964844,2832.94,13.1,59.09,2.4,3.03329,121.11,NA,NA,11.420094007050528,2.9258426966292133,NA,8.04,2832.93994140625
2019-03-19,19.0004,8.15,8.5137,NA,42378.609375,43.81999969482422,2832.57,13.56,59.12,2.4,3.02038,119.64,NA,NA,13.423619271445357,3.552808988764045,8.14,8.03,2832.570068359375
2019-03-20,18.9098,NA,8.5175,NA,43156.2109375,44.939998626708984,2824.23,13.91,60.12,2.41,3.07884,130.21,NA,NA,12.021151586368978,3.761797752808989,8.11,7.976,2824.22998046875
2019-03-21,18.8694,NA,8.5112,NA,43251.19140625,45.06999969482422,2854.88,13.63,59.98,2.41,2.96634,125.64,NA,NA,20.035252643948294,4.38876404494382,8.08,7.93,2854.8798828125
2019-03-22,19.1369,NA,8.5125,NA,42259.12109375,43.29999923706055,2800.71,16.48,58.87,2.41,3.00418,127.83,NA,NA,12.822561692126909,3.552808988764045,8.09,7.89,2800.7099609375
2019-03-23,NA,NA,NA,NA,NA,NA,NA,NA,NA,2.41,3.00418,NA,NA,NA,14.024676850763807,3.134831460674157,NA,NA,NA
2019-03-24,NA,NA,NA,NA,NA,NA,NA,NA,NA,2.41,3.00418,NA,NA,NA,10.618683901292597,1.8808988764044945,NA,NA,NA
2019-03-25,19.0151,NA,8.5138,NA,42703.37890625,43.91999816894531,2798.36,16.33,58.71,2.4,3.03787,126.99,NA,NA,10.418331374853114,4.806741573033708,8.07,7.84,2798.360107421875
2019-03-26,19.0989,7.85,8.5137,NA,42826.16015625,43.97999954223633,2818.46,14.68,59.87,2.4,3.01855,123.69,NA,NA,11.420094007050528,4.38876404494382,7.95,7.89,2818.4599609375
2019-03-27,19.3201,NA,8.51,NA,42947.55078125,43.4900016784668,2805.37,15.15,59.39,2.41,3.04743,127.44,NA,NA,11.62044653349001,3.343820224719101,7.87,7.94,2805.3701171875
2019-03-28,19.3793,NA,8.5099,NA,42942.23046875,43.400001525878906,2815.44,14.43,59.29,2.41,3.08177,124.41,NA,NA,11.019388954171562,3.761797752808989,7.89,7.96,2815.43994140625
2019-03-29,19.3779,NA,8.515,NA,43281.28125,43.59000015258789,2834.4,13.71,60.19,2.43,3.07824,121.35,NA,NA,12.021151586368978,3.761797752808989,7.93,8.01,2834.39990234375
2019-03-30,NA,NA,NA,NA,NA,NA,NA,NA,NA,2.43,3.07824,NA,NA,NA,13.223266745005875,1.8808988764044945,NA,NA,NA
2019-03-31,NA,NA,NA,NA,NA,NA,NA,NA,NA,2.43,3.07824,NA,NA,NA,8.2144535840188,2.298876404494382,NA,NA,NA
2019-04-01,19.2169,NA,8.51,NA,43672.05859375,44.58000183105469,2867.19,13.4,61.59,2.41,3.03348,119.83,11,3,10.48235294117647,4.622356495468278,7.99,7.99,2867.18994140625
2019-04-02,19.2279,7.8,8.4962,NA,43324.58984375,44.15999984741211,2867.24,13.36,62.53,2.41,3.07634,121.56,NA,NA,11.258823529411766,5.166163141993958,7.79,8.01,2867.239990234375
2019-04-03,19.1805,NA,8.5,NA,43339.75,44.22999954223633,2873.4,13.74,62.46,2.41,3.00446,118.68,NA,NA,10.094117647058823,3.262839879154079,7.82,8.04,2873.39990234375
2019-04-04,19.1728,NA,8.5,NA,43937.390625,44.91999816894531,2879.39,13.58,62.12,2.41,3.00473,118.68,NA,NA,11.452941176470588,5.981873111782478,7.9,8,2879.389892578125
2019-04-05,19.0805,NA,8.491,NA,44989.859375,46.040000915527344,2892.74,12.82,63.1,2.41,2.99009,118.03,NA,NA,10.094117647058823,4.622356495468278,7.94,7.93,2892.739990234375
2019-04-06,NA,NA,NA,NA,NA,NA,NA,NA,NA,2.41,2.99009,NA,NA,NA,11.064705882352941,2.719033232628399,NA,7.95,NA
2019-04-07,NA,NA,NA,NA,NA,NA,NA,NA,NA,2.41,2.99009,NA,NA,NA,6.405882352941177,0,NA,NA,NA
2019-04-08,18.9701,NA,8.4975,NA,45436.28125,46.75,2895.77,13.18,64.37,2.41,2.95822,117.83,NA,NA,11.064705882352941,2.990936555891239,7.97,7.93,2895.77001953125
2019-04-09,18.9229,7.76,8.4925,NA,45151.62890625,46.56999969482422,2878.2,14.28,64.05,2.41,2.9372,116.35,NA,NA,11.064705882352941,5.981873111782478,7.76,7.96,2878.199951171875
2019-04-10,18.836,NA,8.4925,NA,44909.140625,46.61000061035156,2888.21,13.3,64.62,2.41,2.95674,115.24,NA,NA,9.705882352941178,3.8066465256797586,7.8,7.94,2888.2099609375
2019-04-11,18.8432,NA,8.4925,NA,44580.05859375,46.34000015258789,2888.32,13.02,63.61,2.41,2.92396,115.8,NA,NA,10.48235294117647,4.622356495468278,8,7.91,2888.320068359375
2019-04-12,18.7719,NA,8.4925,NA,44686.05859375,46.5099983215332,2907.41,12.01,63.86,2.41,2.92713,112.71,NA,NA,12.035294117647059,4.350453172205438,7.93,7.89,2907.409912109375
2019-04-13,NA,NA,NA,NA,NA,NA,NA,NA,NA,2.41,2.92713,NA,NA,NA,10.676470588235293,3.262839879154079,NA,NA,NA
2019-04-14,NA,NA,NA,NA,NA,NA,NA,NA,NA,2.41,2.92713,NA,NA,NA,12.035294117647059,0,NA,NA,NA
2019-04-15,18.8489,7.81,8.495,NA,44625.78125,46.27000045776367,2905.58,12.32,63.43,2.41,2.97915,112.11,NA,NA,13.782352941176471,0,7.79,7.92,2905.580078125
2019-04-16,18.9516,NA,8.4925,NA,45009.359375,46.63999938964844,2907.06,12.18,64.01,2.41,2.94359,111.3,NA,NA,10.48235294117647,2.719033232628399,7.91,8.01,2907.06005859375
2019-04-17,18.848,NA,8.497,NA,45525.2890625,47.18000030517578,2900.45,12.6,63.74,2.42,2.93058,110.06,NA,NA,13.588235294117647,2.719033232628399,7.96,8.02,2900.449951171875
2019-04-18,NA,NA,NA,NA,NA,47.130001068115234,2905.03,12.09,64.02,2.43,2.94252,109.73,NA,NA,10.870588235294118,0,NA,8.03,2905.030029296875
2019-04-19,NA,NA,NA,NA,NA,NA,NA,NA,NA,2.44,2.94252,109.73,NA,NA,10.870588235294118,0,NA,NA,NA
2019-04-20,NA,NA,NA,NA,NA,NA,NA,NA,NA,2.44,2.94252,NA,NA,NA,10.870588235294118,0,NA,NA,NA
2019-04-21,NA,NA,NA,NA,NA,NA,NA,NA,NA,2.44,2.94252,NA,NA,NA,8.929411764705883,0,NA,NA,NA
2019-04-22,18.8359,NA,8.495,NA,45381.21875,47.06999969482422,2907.97,12.42,65.66,2.44,2.91957,109.57,NA,NA,12.229411764705883,2.719033232628399,7.99,8.03,2907.969970703125
2019-04-23,18.9578,7.75,8.4975,NA,45148.3203125,46.63999938964844,2933.68,12.28,66.24,2.44,2.90845,110.82,NA,NA,11.064705882352941,5.166163141993958,8.02,8.05,2933.679931640625
2019-04-24,19.0046,NA,8.5,NA,45045.328125,46.15999984741211,2927.25,13.14,65.96,2.44,2.93556,115.87,NA,NA,13.200000000000001,4.894259818731118,7.76,8.1,2927.25
2019-04-25,19.0942,NA,8.5021,NA,45026.6796875,46.40999984741211,2926.17,13.25,65.23,2.44,2.93601,115.82,NA,NA,11.647058823529411,2.447129909365559,7.94,8.1,2926.169921875
2019-04-26,18.9414,NA,8.5043,NA,44974.96875,46.52000045776367,2939.88,12.73,63.29,2.44,2.89984,113.82,NA,NA,12.035294117647059,4.078549848942599,7.98,8.04,2939.8798828125
2019-04-27,NA,NA,NA,NA,NA,NA,NA,NA,NA,2.44,2.89984,NA,NA,NA,11.647058823529411,2.447129909365559,NA,NA,NA
2019-04-28,NA,NA,NA,NA,NA,NA,NA,NA,NA,2.44,2.89984,NA,NA,NA,8.541176470588235,2.447129909365559,NA,NA,NA
2019-04-29,19.012,8.2,8.5,NA,44956.73046875,46.220001220703125,2943.03,13.11,63.39,2.45,2.8825,112.69,NA,NA,11.452941176470588,2.719033232628399,8.02,8.09,2943.030029296875
2019-04-30,19.0099,NA,8.5,NA,44597.3203125,46.150001525878906,2945.83,13.12,63.83,2.45,2.9205,112.6,NA,NA,10.870588235294118,6.253776435045317,8.24,8.08,2945.830078125
2019-05-01,NA,NA,NA,8.24,NA,45.689998626708984,2923.73,14.8,63.55,2.45,2.94997,112.76,10,3,10.345224395857308,2.147806004618938,NA,NA,2923.72998046875
2019-05-02,19.1014,NA,8.5055,NA,44312.4296875,45.45000076293945,2917.52,14.42,61.75,2.41,2.98542,114.65,NA,NA,11.593785960874568,1.7182448036951503,8.22,8.11,2917.52001953125
2019-05-03,19.0012,NA,8.5125,NA,44277.23828125,46,2945.64,12.87,61.98,2.4,2.96432,110.67,NA,NA,9.98849252013809,1.7182448036951503,8.24,8.08,2945.639892578125
2019-05-04,NA,NA,NA,NA,NA,NA,NA,NA,NA,2.4,2.96432,NA,NA,NA,12.128883774453396,2.3625866050808315,NA,NA,NA
2019-05-05,NA,NA,NA,NA,NA,NA,NA,NA,NA,2.4,2.96432,NA,NA,NA,8.026467203682394,3.006928406466513,NA,NA,NA
2019-05-06,18.9781,NA,8.5075,NA,44116.69921875,45.70000076293945,2932.47,15.44,62.3,2.4,2.98362,112.6,NA,NA,11.41542002301496,3.6512702078521944,8.24,8.11,2932.469970703125
2019-05-07,19.0499,8.02,8.5087,NA,43583.6015625,44.959999084472656,2884.05,19.32,61.41,2.4,3.0724,117.49,NA,NA,11.058688147295742,4.725173210161663,8.24,8.13,2884.050048828125
2019-05-08,19.0837,NA,8.511,NA,43410.73828125,44.43000030517578,2879.42,19.4,62.13,2.39,3.02421,116.54,NA,NA,9.631760644418872,4.080831408775982,8.22,8.12,2879.419921875
2019-05-09,19.2623,NA,8.5043,NA,43193.359375,44.13999938964844,2870.72,19.1,61.58,2.38,3.07039,118.76,NA,NA,10.166858457997698,5.369515011547345,8.2,8.128,2870.719970703125
2019-05-10,19.1374,NA,8.5062,NA,43382.3515625,44.59000015258789,2881.4,16.04,61.65,2.38,3.06987,118.77,NA,NA,9.096662830840046,2.5773672055427257,8.19,8.1,2881.39990234375
2019-05-11,NA,NA,NA,NA,NA,NA,NA,NA,NA,2.38,3.06987,NA,NA,NA,11.41542002301496,2.147806004618938,NA,NA,NA
2019-05-12,NA,NA,NA,NA,NA,NA,NA,NA,NA,2.38,3.06987,NA,NA,NA,9.631760644418872,2.7921478060046194,NA,NA,NA
2019-05-13,19.1928,NA,8.5061,NA,43142.4609375,43.93000030517578,2811.87,20.55,60.97,2.38,3.11107,124.07,NA,NA,9.453394706559264,3.4364896073903006,8.17,8.1,2811.8701171875
2019-05-14,19.1427,8.05,8.5075,NA,43431.53125,44.45000076293945,2834.41,18.06,61.82,2.38,3.07492,122.4,NA,NA,12.485615650172612,2.3625866050808315,8.16,8.07,2834.409912109375
2019-05-15,19.1236,NA,8.5075,NA,43338.8203125,44.529998779296875,2850.96,16.44,62.03,2.4,3.08931,117.97,NA,NA,12.128883774453396,3.866050808314088,8.08,8.032,2850.9599609375
2019-05-16,19.071,NA,8.505,NA,43442.48828125,44.470001220703125,2876.32,15.29,62.93,2.39,3.08598,116.66,NA,NA,10.345224395857308,2.7921478060046194,8.14,8.04,2876.320068359375
2019-05-17,19.1454,NA,8.504,NA,43445.62109375,44.22999954223633,2859.53,15.96,62.77,2.39,3.12914,117.26,NA,NA,8.56156501726122,4.080831408775982,8.16,8.05,2859.530029296875
2019-05-18,NA,NA,NA,NA,NA,NA,NA,NA,NA,2.39,3.12914,NA,NA,NA,8.918296892980438,2.147806004618938,NA,NA,NA
2019-05-19,NA,NA,NA,NA,NA,NA,NA,NA,NA,2.39,3.12914,NA,NA,NA,8.204833141542002,2.3625866050808315,NA,NA,NA
2019-05-20,19.0908,NA,8.5075,NA,43519.21875,44.630001068115234,2840.23,16.31,63.12,2.39,3.11286,116.99,NA,NA,9.810126582278482,3.221709006928407,8.16,8.112,2840.22998046875
2019-05-21,19.0309,8.03,8.5066,NA,43190.1015625,44.58000183105469,2864.36,14.95,63.02,2.39,3.05739,114.29,NA,NA,6.956271576524741,2.5773672055427257,8.19,8.112,2864.360107421875
2019-05-22,18.9755,NA,8.5037,NA,42942.23046875,44.290000915527344,2856.27,14.75,61.42,2.38,3.08095,115.7,NA,NA,10.523590333716916,3.6512702078521944,8.04,8.104,2856.27001953125
2019-05-23,19.0122,NA,8.5035,NA,42812.5703125,43.97999954223633,2822.24,16.92,57.65,2.38,3.18587,120.03,NA,NA,8.918296892980438,4.295612009237876,8.02,8.05,2822.239990234375
2019-05-24,19.0658,NA,8.5075,NA,42617.6015625,43.79999923706055,2826.06,15.85,58.4,2.38,3.13322,120,NA,NA,8.383199079401612,1.7182448036951503,8.04,8.02,2826.06005859375
2019-05-25,NA,NA,NA,NA,NA,NA,NA,NA,NA,2.38,3.13322,NA,NA,NA,8.56156501726122,0,NA,NA,NA
2019-05-26,NA,NA,NA,NA,NA,NA,NA,NA,NA,2.38,3.13322,NA,NA,NA,7.669735327963176,2.3625866050808315,NA,NA,NA
2019-05-27,19.0521,NA,8.5075,NA,42491.4296875,NA,NA,NA,NA,2.38,3.13322,120,NA,NA,9.096662830840046,3.006928406466513,8.04,8.03,NA
2019-05-28,19.1652,8.05,8.5075,NA,42207.7109375,43.29999923706055,2802.39,17.5,58.91,2.39,3.16794,121.65,NA,NA,9.810126582278482,3.6512702078521944,8.04,7.95,2802.389892578125
2019-05-29,19.2395,NA,8.5071,NA,42854.75,43.90999984741211,2783.02,17.9,58.84,2.39,3.16833,123.2,NA,NA,8.383199079401612,4.295612009237876,8.05,7.94,2783.02001953125
2019-05-30,19.0683,NA,8.5075,NA,43345.8203125,44.540000915527344,2788.86,17.3,56.47,2.39,3.19651,122.61,NA,NA,9.453394706559264,4.080831408775982,8.13,7.98,2788.860107421875
2019-05-31,19.6426,NA,8.5078,NA,42749.16015625,42.91999816894531,2752.06,18.71,53.49,2.4,3.29158,129.44,NA,NA,17.836593785960876,2.7921478060046194,8.21,8.06,2752.06005859375
2019-06-01,NA,NA,NA,7.68,NA,NA,NA,NA,NA,2.4,3.29158,NA,13,2,14.203954214360042,1.702127659574468,NA,NA,NA
2019-06-02,NA,NA,NA,NA,NA,NA,NA,NA,NA,2.4,3.29158,NA,NA,NA,11.56607700312175,0,NA,NA,NA
2019-06-03,19.7609,NA,8.5114,NA,43108.421875,42.66999816894531,2744.45,18.86,53.25,2.38,3.3353,129.47,NA,NA,13.798126951092613,2.978723404255319,8.19,8.06,2744.449951171875
2019-06-04,19.6007,8.3,8.527,NA,43241.8203125,43.459999084472656,2803.27,16.97,53.5,2.38,3.2215,122.8,NA,NA,15.218522372528618,2.765957446808511,8.29,7.98,2803.27001953125
2019-06-05,19.5418,NA,8.5143,NA,43420.37890625,43.7400016784668,2826.15,16.09,51.57,2.38,3.18351,123.37,NA,NA,13.798126951092613,2.765957446808511,8.28,7.974,2826.14990234375
2019-06-06,19.7084,NA,8.5139,NA,43147.828125,43.40999984741211,2843.49,15.93,52.59,2.37,3.28585,125.78,NA,NA,14.609781477627472,4.8936170212765955,8.27,8.01,2843.489990234375
2019-06-07,19.6528,NA,8.5108,NA,43291.328125,43.56999969482422,2873.34,16.3,53.95,2.37,3.41375,128.25,NA,NA,14.609781477627472,2.5531914893617023,8.27,7.92,2873.340087890625
2019-06-08,NA,NA,NA,NA,NA,NA,NA,NA,NA,2.37,3.41375,NA,NA,NA,17.856399583766912,1.9148936170212767,NA,NA,NA
2019-06-09,NA,NA,NA,NA,NA,NA,NA,NA,NA,2.37,3.41375,NA,NA,NA,14.203954214360042,0,NA,NA,NA
2019-06-10,19.204,NA,8.51,NA,43609.171875,44.86000061035156,2886.73,15.94,53.33,2.37,3.28437,124.21,NA,NA,15.827263267429762,1.2765957446808511,8.29,7.75,2886.72998046875
2019-06-11,19.1222,8.28,8.5125,NA,43713.66015625,45.099998474121094,2885.72,15.99,53.3,2.37,3.24873,120.99,NA,NA,13.392299687825183,2.3404255319148937,8.28,7.68,2885.719970703125
2019-06-12,19.1383,NA,8.5116,NA,43800.16015625,44.91999816894531,2879.84,15.91,51.13,2.37,3.2906,119.52,NA,NA,11.768990634755465,2.765957446808511,8.24,7.7,2879.840087890625
2019-06-13,19.1645,NA,8.5105,NA,43483.19921875,44.66999816894531,2891.64,15.82,52.38,2.37,3.32963,121.42,NA,NA,12.174817898022894,1.9148936170212767,8.25,7.67,2891.639892578125
2019-06-14,19.1487,NA,8.5105,NA,43130.6484375,44.34000015258789,2886.98,15.28,52.47,2.36,3.41984,123.15,NA,NA,11.160249739854319,1.9148936170212767,8.25,7.65,2886.97998046875
2019-06-15,NA,NA,NA,NA,NA,NA,NA,NA,NA,2.36,3.41984,NA,NA,NA,11.56607700312175,1.702127659574468,NA,NA,NA
2019-06-16,NA,NA,NA,NA,NA,NA,NA,NA,NA,2.36,3.41984,NA,NA,NA,12.783558792924039,0,NA,NA,NA
2019-06-17,19.1924,NA,8.5098,NA,42964.7109375,43.279998779296875,2889.67,15.35,51.94,2.38,3.4406,123.44,NA,NA,12.174817898022894,2.3404255319148937,8.26,7.744,2889.669921875
2019-06-18,19.1011,8.24,8.5088,NA,43161.05078125,43.65999984741211,2917.75,15.15,53.86,2.37,3.38015,116.97,NA,NA,10.957336108220604,2.978723404255319,8.23,7.682,2917.75
2019-06-19,19.1753,NA,8.505,NA,43375.671875,44.029998779296875,2926.46,14.33,53.74,2.37,3.3752,113.97,NA,NA,12.986472424557753,2.5531914893617023,8.23,7.63,2926.4599609375
2019-06-20,18.9804,NA,8.5043,NA,43645.109375,44.56999969482422,2954.18,14.75,56.88,2.37,3.2818,109.28,NA,NA,13.392299687825183,2.765957446808511,8.19,7.564,2954.179931640625
2019-06-21,19.0661,NA,8.5039,NA,43526.73046875,44.06999969482422,2950.46,15.4,57.35,2.38,3.27756,110.74,NA,NA,12.986472424557753,2.765957446808511,8.21,7.68,2950.4599609375
2019-06-22,NA,NA,NA,NA,NA,NA,NA,NA,NA,2.38,3.27756,NA,NA,NA,12.377731529656609,2.3404255319148937,NA,NA,NA
2019-06-23,NA,NA,NA,NA,NA,NA,NA,NA,NA,2.38,3.27756,NA,NA,NA,10.957336108220604,0,NA,NA,NA
2019-06-24,19.1833,NA,8.4993,NA,43743.71875,44.08000183105469,2945.35,15.26,57.73,2.38,3.35671,113.08,NA,NA,13.798126951092613,2.3404255319148937,8.21,7.66,2945.35009765625
2019-06-25,19.2271,8.18,8.4951,NA,43792.171875,43.959999084472656,2917.38,16.28,57.63,2.38,3.40475,114.43,NA,NA,12.986472424557753,2.765957446808511,8.21,7.698,2917.3798828125
2019-06-26,19.1442,NA,8.495,NA,43792.078125,44.220001220703125,2913.78,16.21,59.17,2.38,3.34707,114.6,NA,NA,10.957336108220604,2.5531914893617023,8.17,7.69,2913.780029296875
2019-06-27,19.1685,NA,8.488,NA,43316.55859375,43.54999923706055,2924.92,15.82,59.18,2.38,3.33663,111.68,NA,NA,12.783558792924039,2.5531914893617023,9.961,7.58,2924.919921875
2019-06-28,19.2087,NA,8.4887,NA,43161.171875,43.380001068115234,2941.76,15.08,58.2,2.4,3.2933,111.34,NA,NA,11.160249739854319,2.5531914893617023,8.21,7.566,2941.760009765625
2019-06-29,NA,NA,NA,NA,NA,NA,NA,NA,NA,2.4,3.2933,NA,NA,NA,10.957336108220604,0,NA,NA,NA
2019-06-30,NA,NA,NA,NA,NA,NA,NA,NA,NA,2.4,3.2933,NA,NA,NA,12.986472424557753,0,NA,NA,NA
2019-07-01,19.076,NA,8.485,NA,43438.23828125,43.86000061035156,2964.33,14.06,58.91,2.39,3.23728,107.41,13,2,10.17163048965169,3.085972850678733,8.19,7.484,2964.330078125
2019-07-02,19.0694,8.1,8.475,NA,43441.80078125,43.88999938964844,2973.01,12.93,56,2.4,3.27725,108.5,NA,NA,10.375063099444725,0,8.14,7.39,2973.010009765625
2019-07-03,19.0502,NA,8.47,NA,43483.23046875,43.97999954223633,2995.82,12.57,57.06,2.41,3.27065,110.52,NA,NA,10.985360928823827,3.085972850678733,8.1,7.314,2995.820068359375
2019-07-04,18.9947,NA,8.4749,NA,43461.48046875,NA,NA,NA,NA,2.41,3.27065,110.52,NA,NA,10.578495709237759,3.9276018099547514,8.11,7.29,NA
2019-07-05,19.0446,NA,8.475,NA,43405.3203125,44.099998474121094,2990.41,13.28,NA,2.42,3.20134,109.78,NA,NA,10.985360928823827,3.085972850678733,8.11,7.3,2990.409912109375
2019-07-06,NA,NA,NA,NA,NA,NA,NA,NA,NA,2.42,3.20134,NA,NA,NA,13.019687026754164,0,NA,NA,NA
2019-07-07,NA,NA,NA,NA,NA,NA,NA,NA,NA,2.42,3.20134,NA,NA,NA,12.002523977788995,0,NA,NA,NA
2019-07-08,18.9116,NA,8.4787,NA,43589.078125,44.540000915527344,2975.95,13.96,57.35,2.41,3.20234,111.42,NA,NA,9.764765270065624,3.3665158371040724,8.12,7.37,2975.949951171875
2019-07-09,19.0043,8.17,8.4763,NA,42818.66015625,43.15999984741211,2979.63,14.09,57.57,2.41,3.26139,115.82,NA,NA,18.512367491166078,4.48868778280543,8.16,7.56,2979.6298828125
2019-07-10,19.2425,NA,8.48,NA,42805.609375,43.15999984741211,2993.07,13.03,60.28,2.41,3.32154,116.59,NA,NA,18.71580010095911,3.085972850678733,8.16,7.58,2993.070068359375
2019-07-11,19.1227,NA,8.4725,NA,42882.01953125,43.560001373291016,2999.91,12.93,59.93,2.4,3.27948,116.96,NA,NA,16.274608783442705,2.244343891402715,8.19,7.658,2999.909912109375
2019-07-12,19.0307,NA,8.475,NA,42647.30859375,43.5099983215332,3013.77,12.39,59.99,2.38,3.24744,113.51,NA,NA,14.647147905098436,3.6470588235294117,8.19,7.614,3013.77001953125
2019-07-13,NA,NA,NA,NA,NA,NA,NA,NA,NA,2.38,3.24744,NA,NA,NA,13.8334174659263,2.8054298642533935,NA,NA,NA
2019-07-14,NA,NA,NA,NA,NA,NA,NA,NA,NA,2.38,3.24744,NA,NA,NA,10.985360928823827,0,NA,NA,NA
2019-07-15,18.9803,NA,8.4725,NA,43063.94921875,44.06999969482422,3014.3,12.68,59.3,2.4,3.22614,110.54,NA,NA,14.4437152953054,1.9638009049773757,8.19,7.602,3014.300048828125
2019-07-16,19.0781,8.13,8.4725,NA,42984.96875,43.650001525878906,3004.04,12.86,57.44,2.41,3.24905,113.41,NA,NA,14.240282685512367,2.8054298642533935,8.18,7.604,3004.0400390625
2019-07-17,19.0233,NA,8.475,NA,42551.5390625,43.2599983215332,2984.42,13.97,56.5,2.41,3.31951,115.36,NA,NA,11.799091367995961,3.3665158371040724,8.17,7.74,2984.419921875
2019-07-18,19.0108,NA,8.475,NA,41618.109375,42.83000183105469,2995.11,13.53,55.08,2.41,3.34623,114.2,NA,NA,13.629984856133266,0,8.17,7.54,2995.110107421875
2019-07-19,19.0123,NA,8.4775,NA,41606.5390625,42.459999084472656,2976.61,14.45,55.42,2.41,3.33804,115.12,NA,NA,15.46087834427057,0,8.15,7.48,2976.610107421875
2019-07-20,NA,NA,NA,NA,NA,NA,NA,NA,NA,2.41,3.33804,NA,NA,NA,11.18879353861686,0,NA,NA,NA
2019-07-21,NA,NA,NA,NA,NA,NA,NA,NA,NA,2.41,3.33804,NA,NA,NA,12.409389197375063,0,NA,NA,NA
2019-07-22,19.0659,NA,8.4775,NA,41209.3203125,42.02000045776367,2985.03,13.53,55.87,2.4,3.31068,115.48,NA,NA,12.20595658758203,2.8054298642533935,8.15,7.46,2985.030029296875
2019-07-23,19.1315,8.15,8.475,NA,40935.33984375,41.38999938964844,3005.47,12.61,56.58,2.4,3.2993,115.69,NA,NA,12.612821807168096,2.8054298642533935,8.15,7.478,3005.469970703125
2019-07-24,19.0894,NA,8.4775,NA,41167.73828125,41.91999816894531,3019.56,12.07,55.9,2.4,3.28926,114.28,NA,NA,15.054013124684502,1.9638009049773757,8.14,7.43,3019.56005859375
2019-07-25,19.0623,NA,8.474,NA,40933.4296875,41.720001220703125,3003.67,12.74,55.88,2.4,3.23986,113.38,NA,NA,12.002523977788995,3.085972850678733,8.12,7.43,3003.669921875
2019-07-26,19.0699,NA,8.47,NA,40673.78125,41.4900016784668,3025.86,12.16,56.04,2.4,3.25883,114.4,NA,NA,12.20595658758203,2.244343891402715,8.13,7.53,3025.860107421875
2019-07-27,NA,NA,NA,NA,NA,NA,NA,NA,NA,2.4,3.25883,NA,NA,NA,13.019687026754164,0,NA,NA,NA
2019-07-28,NA,NA,NA,NA,NA,NA,NA,NA,NA,2.4,3.25883,NA,NA,NA,13.8334174659263,0,NA,NA,NA
2019-07-29,19.09,NA,8.4675,NA,41276.671875,42.16999816894531,3020.97,12.83,56.85,2.4,3.2267,114.65,NA,NA,11.595658758202928,2.8054298642533935,8.13,7.5,3020.969970703125
2019-07-30,19.0747,8.01,8.465,NA,41159.26953125,41.849998474121094,3013.18,13.94,58.04,2.39,3.24392,115.72,NA,NA,11.392226148409893,2.8054298642533935,8.13,7.52,3013.179931640625
2019-07-31,18.9929,NA,8.4589,NA,40863.08984375,41.27000045776367,2980.38,16.12,58.53,2.4,3.23104,116.16,NA,NA,15.054013124684502,2.524886877828054,8.01,7.49,2980.3798828125
2019-08-01,19.1627,NA,8.4575,7.53,40346.80078125,40.75,2953.56,17.87,53.64,2.14,3.33756,117.16,14,3,12.374745417515275,1.476190476190476,8.03,7.49,2953.56005859375
2019-08-02,19.3116,NA,8.4565,NA,39977.51953125,40.22999954223633,2932.05,17.61,55.67,2.14,3.36195,122.95,NA,NA,11.4908350305499,3.3741496598639453,8.03,7.426,2932.050048828125
2019-08-03,NA,NA,NA,NA,NA,NA,NA,NA,NA,2.14,3.36195,NA,NA,NA,12.905091649694501,2.3197278911564623,NA,NA,NA
2019-08-04,NA,NA,NA,NA,NA,NA,NA,NA,NA,2.14,3.36195,NA,NA,NA,9.723014256619145,0,NA,NA,NA
2019-08-05,19.5731,NA,8.4575,NA,39496.359375,39.15999984741211,2844.74,24.59,54.63,2.13,3.49871,131.3,NA,NA,12.1979633401222,1.8979591836734693,8.05,7.42,2844.739990234375
2019-08-06,19.6291,8.15,8.4537,NA,39785.62890625,39.58000183105469,2881.77,20.17,53.6,2.13,3.48348,127.74,NA,NA,13.258655804480652,2.1088435374149657,8.07,7.43,2881.77001953125
2019-08-07,19.6953,NA,8.4525,NA,40432.359375,40.130001068115234,2883.98,19.49,51.14,2.12,3.42042,128.94,NA,NA,12.021181262729124,1.8979591836734693,8.04,7.3,2883.97998046875
2019-08-08,19.5118,NA,8.449,NA,40439.421875,40.560001373291016,2938.09,16.91,52.6,2.12,3.34734,120.15,NA,NA,11.667617107942974,2.952380952380952,8.1,7.262,2938.090087890625
2019-08-09,19.4283,NA,8.445,NA,40421.28125,40.5099983215332,2918.65,17.97,54.41,2.12,3.31004,120.46,NA,NA,12.905091649694501,2.530612244897959,8.1,7.186,2918.64990234375
2019-08-10,NA,NA,NA,NA,NA,NA,NA,NA,NA,2.12,3.31004,NA,NA,NA,11.314052953156823,2.7414965986394555,NA,NA,NA
2019-08-11,NA,NA,NA,NA,NA,NA,NA,NA,NA,2.12,3.31004,NA,NA,NA,9.54623217922607,0,NA,NA,NA
2019-08-12,19.5803,NA,8.4405,NA,39851.2109375,39.4900016784668,2883.75,21.09,54.98,2.12,3.45777,124.68,NA,NA,17.678207739307535,4.006802721088435,8.07,7.184,2882.699951171875
2019-08-13,19.463,8.05,8.4355,NA,39476.5,39.61000061035156,2926.32,17.52,57.05,2.12,3.43167,119.68,NA,NA,17.678207739307535,2.952380952380952,8.02,7.18,2926.320068359375
2019-08-14,19.5763,NA,8.4325,NA,38650.08984375,38.22999954223633,2840.6,22.1,55.16,2.12,3.52031,123.17,NA,NA,13.081873727087576,4.850340136054421,8.04,7.23,2840.60009765625
2019-08-15,19.6365,NA,8.4262,NA,38574.1796875,38.43000030517578,2847.6,21.18,54.51,2.13,3.58155,120.45,NA,NA,16.79429735234216,3.1632653061224487,8.02,7.04,2847.60009765625
2019-08-16,19.5669,NA,8.28,NA,39339.55078125,39.119998931884766,2888.68,18.47,54.83,2.13,3.51935,117.5,NA,NA,14.84969450101833,5.482993197278911,7.97,6.93,2888.679931640625
2019-08-17,NA,NA,NA,NA,NA,NA,NA,NA,NA,2.13,3.51935,NA,NA,NA,15.910386965376782,2.3197278911564623,NA,NA,NA
2019-08-18,NA,NA,NA,NA,NA,NA,NA,NA,NA,2.13,3.51935,NA,NA,NA,12.1979633401222,0,NA,NA,NA
2019-08-19,19.8153,NA,8.285,NA,39556.3203125,38.81999969482422,2923.65,16.88,56.24,2.13,3.49676,117.58,NA,NA,15.20325865580448,2.530612244897959,8.01,7.042,2923.64990234375
2019-08-20,19.7522,7.96,8.2825,NA,39700.05078125,39.06999969482422,2900.51,17.5,56.18,2.13,3.53799,117.57,NA,NA,17.50142566191446,4.006802721088435,7.93,7.06,2900.510009765625
2019-08-21,19.6798,NA,8.282,NA,40076.0390625,39.72999954223633,2924.43,15.8,55.65,2.12,3.5163,115.59,NA,NA,12.728309572301425,3.585034013605442,7.95,7.016,2924.429931640625
2019-08-22,19.7467,NA,8.2785,NA,40144.23828125,39.33000183105469,2922.95,16.68,55.33,2.12,3.49221,115.39,NA,NA,14.14256619144603,4.006802721088435,7.95,6.972,2922.949951171875
2019-08-23,19.8402,NA,8.2775,NA,39862.0703125,38.970001220703125,2847.11,19.87,54.08,2.12,3.54762,116.74,NA,NA,15.380040733197557,5.272108843537414,7.88,6.94,2847.110107421875
2019-08-24,NA,NA,NA,NA,NA,NA,NA,NA,NA,2.12,3.54762,NA,NA,NA,14.49613034623218,2.952380952380952,NA,NA,NA
2019-08-25,NA,NA,NA,NA,NA,NA,NA,NA,NA,2.12,3.54762,NA,NA,NA,13.258655804480652,3.7959183673469385,NA,NA,NA
2019-08-26,19.9086,NA,8.275,NA,40081.71875,39.29999923706055,2878.38,19.32,53.54,2.12,3.53144,118.44,NA,NA,15.380040733197557,4.217687074829931,7.88,6.97,2878.3798828125
2019-08-27,19.9934,7.87,8.275,NA,40648.96875,39.529998779296875,2869.16,20.31,54.99,2.12,3.56967,116.59,NA,NA,13.965784114052953,4.217687074829931,7.84,7.01,2869.159912109375
2019-08-28,20.0314,NA,8.2725,NA,40941.9609375,39.79999923706055,2887.94,19.35,55.76,2.12,3.54145,116.34,NA,NA,14.49613034623218,5.272108843537414,7.86,6.99,2887.93994140625
2019-08-29,20.0988,NA,8.2625,NA,41831.30078125,40.619998931884766,2924.58,17.88,56.67,2.12,3.43389,114.75,NA,NA,16.263951120162933,4.428571428571428,7.89,7.01,2924.580078125
2019-08-30,20.0696,NA,8.26,NA,42622.5,41.5099983215332,2926.46,18.98,55.07,2.13,3.34346,111.24,NA,NA,17.14786150712831,2.3197278911564623,7.88,6.95,2926.4599609375
2019-08-31,NA,NA,NA,NA,NA,NA,NA,NA,NA,2.13,3.34346,NA,NA,NA,16.440733197556007,2.3197278911564623,NA,NA,NA
2019-09-01,NA,NA,NA,7.08,NA,NA,NA,NA,NA,2.13,3.34346,NA,11,3,11.780320366132724,0,NA,NA,NA
2019-09-02,20.1253,NA,8.2525,NA,42108.23046875,NA,NA,NA,NA,2.13,3.34346,111.24,NA,NA,11.780320366132724,2.87593984962406,7.87,6.96,NA
2019-09-03,20.0039,7.81,8.24,NA,41826.55078125,40.959999084472656,2906.27,19.66,53.91,2.13,3.33082,110.91,NA,NA,13.743707093821511,3.045112781954887,7.8,6.93,2906.27001953125
2019-09-04,19.7806,NA,8.235,NA,42324.46875,41.86000061035156,2937.78,17.33,56.22,2.13,3.31246,105.09,NA,NA,14.045766590389018,4.2293233082706765,7.81,6.93,2937.780029296875
2019-09-05,19.6834,NA,8.223,NA,42731.48046875,42.29999923706055,2976,16.27,56.33,2.13,3.25507,103.58,NA,NA,11.327231121281466,3.8909774436090223,7.77,6.99,2976
2019-09-06,19.5623,NA,8.2225,NA,42707.66015625,42.70000076293945,2978.71,15,56.45,2.12,3.30512,99.91,NA,NA,11.780320366132724,4.2293233082706765,7.84,6.95,2978.7099609375
2019-09-07,NA,NA,NA,NA,NA,NA,NA,NA,NA,2.12,3.30512,NA,NA,NA,12.384439359267736,2.199248120300752,NA,NA,NA
2019-09-08,NA,NA,NA,NA,NA,NA,NA,NA,NA,2.12,3.30512,NA,NA,NA,11.478260869565219,2.706766917293233,NA,NA,NA
2019-09-09,19.5398,NA,8.2225,NA,42662.46875,42.58000183105469,2978.43,15.27,57.88,2.13,3.27488,100,NA,NA,13.1395881006865,4.398496240601504,7.82,7,2978.429931640625
2019-09-10,19.5354,7.72,8.2175,NA,42588.1015625,42.4900016784668,2979.39,15.2,57.37,2.13,3.2472,99.01,NA,NA,10.874141876430206,4.2293233082706765,7.8,7.07,2979.389892578125
2019-09-11,19.5478,NA,8.21,NA,42749.171875,42.689998626708984,3000.93,14.61,55.66,2.13,3.18066,99.75,NA,NA,10.421052631578949,2.87593984962406,7.71,7.17,3000.929931640625
2019-09-12,19.4265,NA,8.207,NA,42670.41015625,42.79999923706055,3009.57,14.22,55.13,2.13,3.12315,99.5,NA,NA,11.327231121281466,2.706766917293233,7.72,7.16,3009.570068359375
2019-09-13,19.3665,NA,8.2,NA,42841.4609375,43.150001525878906,3007.39,13.74,54.76,2.14,3.08459,99.5,NA,NA,11.478260869565219,3.552631578947368,7.71,7.23,3007.389892578125
2019-09-14,NA,NA,NA,NA,NA,NA,NA,NA,NA,2.14,3.08459,NA,NA,NA,10.421052631578949,2.706766917293233,NA,NA,NA
2019-09-15,NA,NA,NA,NA,NA,NA,NA,NA,NA,2.14,3.08459,NA,NA,NA,11.025171624713959,0,NA,NA,NA
2019-09-16,NA,NA,NA,NA,NA,43.04999923706055,2997.96,14.67,63.1,2.25,3.13026,102.94,NA,NA,11.931350114416476,2.0300751879699246,NA,NA,2997.9599609375
2019-09-17,19.4262,7.72,8.1985,NA,43448.94140625,43.810001373291016,3005.7,14.44,59.26,2.3,3.16845,101.96,NA,NA,12.686498855835241,4.398496240601504,7.67,7.17,3005.699951171875
2019-09-18,19.3528,NA,8.195,NA,43070.33984375,43.369998931884766,3006.73,13.95,58.19,2.25,3.1506,100.73,NA,NA,9.514874141876431,3.045112781954887,7.71,7.13,3006.72998046875
2019-09-19,19.3981,NA,8.19,NA,43017.4609375,43.290000915527344,3006.79,14.05,58.19,1.9,3.1187,99.71,NA,NA,9.665903890160184,3.045112781954887,7.7,7,3006.7900390625
2019-09-20,19.4478,NA,8.185,NA,43559.44921875,43.72999954223633,2992.07,15.32,57.92,1.9,3.09177,110.18,NA,NA,9.9679633867276891,4.398496240601504,7.7,6.98,2992.070068359375
2019-09-21,NA,NA,NA,NA,NA,NA,NA,NA,NA,1.9,3.09177,NA,NA,NA,11.025171624713959,2.537593984962406,NA,NA,NA
2019-09-22,NA,NA,NA,NA,NA,NA,NA,NA,NA,1.9,3.09177,NA,NA,NA,9.665903890160184,2.0300751879699246,NA,NA,NA
2019-09-23,19.4459,NA,8.1825,NA,43507.94921875,43.599998474121094,2991.78,14.91,58.69,1.9,3.11546,110.45,NA,NA,9.665903890160184,2.706766917293233,7.71,6.89,2991.780029296875
2019-09-24,19.4587,7.61,8.1675,NA,43099.328125,43.15999984741211,2966.6,17.05,57.22,1.9,3.22499,115.66,NA,NA,9.514874141876431,4.2293233082706765,7.58,6.9,2966.60009765625
2019-09-25,19.5775,NA,8.1625,NA,43014.078125,43.0099983215332,2984.87,15.96,56.38,1.9,3.19669,115.74,NA,NA,9.212814645308926,3.552631578947368,7.61,6.892,2984.8701171875
2019-09-26,19.6363,NA,8.1312,NA,42984.75,42.849998474121094,2977.62,16.07,56.24,1.85,3.18843,116.07,NA,NA,9.9679633867276891,2.537593984962406,7.62,6.82,2977.6201171875
2019-09-27,19.6808,NA,8.04,NA,42857.578125,42.529998779296875,2961.79,17.22,55.95,1.83,3.19367,115.68,NA,NA,9.665903890160184,3.552631578947368,7.45,6.88,2961.7900390625
2019-09-28,NA,NA,NA,NA,NA,NA,NA,NA,NA,1.83,3.19367,NA,NA,NA,11.931350114416476,2.0300751879699246,NA,NA,NA
2019-09-29,NA,NA,NA,NA,NA,NA,NA,NA,NA,1.83,3.19367,NA,NA,NA,8.608695652173914,2.3684210526315788,NA,NA,NA
2019-09-30,19.7345,NA,8.0275,NA,43011.26953125,42.720001220703125,2976.74,16.24,54.09,1.9,3.17172,114.71,NA,NA,9.9679633867276891,3.8909774436090223,7.67,6.86,2976.739990234375
2019-10-01,19.7792,7.65,8.015,6.87,42937.16015625,42.36000061035156,2940.25,18.56,53.6,1.88,3.20905,114.71,11,3,10.950248756218905,3.734225621414914,7.61,6.9,2940.25
2019-10-02,19.7985,NA,8.015,NA,42222.8984375,41.7599983215332,2887.61,20.56,52.67,1.85,3.26939,116.26,NA,NA,10.796019900497512,2.311663479923518,7.64,6.83,2887.610107421875
2019-10-03,19.7368,NA,8.0075,NA,42443.30859375,42.34000015258789,2910.63,19.12,52.41,1.83,3.2868,114.67,NA,NA,10.17910447761194,3.2007648183556405,7.64,6.72,2910.6298828125
2019-10-04,19.5255,NA,8.005,NA,43416.8984375,43.63999938964844,2952.01,17.04,52.84,1.82,3.26728,113.73,NA,NA,11.25870646766169,2.8451242829827916,7.63,6.73,2952.010009765625
2019-10-05,NA,NA,NA,NA,NA,NA,NA,NA,NA,1.82,3.26728,NA,NA,NA,10.641791044776118,2.8451242829827916,NA,NA,NA
2019-10-06,NA,NA,NA,NA,NA,NA,NA,NA,NA,1.82,3.26728,NA,NA,NA,11.412935323383085,2.4894837476099427,NA,NA,NA
2019-10-07,19.5522,NA,8.0025,NA,42952.2890625,43,2938.79,17.86,52.76,1.82,3.22474,115.71,NA,NA,10.950248756218905,3.2007648183556405,7.61,6.77,2938.7900390625
2019-10-08,19.584,7.7,8.0012,NA,42535.140625,42.4900016784668,2893.06,20.28,52.64,1.82,3.25598,116.65,NA,NA,10.641791044776118,2.667304015296367,7.62,6.75,2893.06005859375
2019-10-09,19.5689,NA,8.005,NA,42501.921875,42.619998931884766,2919.4,18.64,52.63,1.82,3.22281,115.51,NA,NA,12.800995024875622,3.0229445506692163,7.69,6.71,2919.39990234375
2019-10-10,19.4764,NA,8.005,NA,42929.76171875,43.4900016784668,2938.13,17.57,53.57,1.82,3.16253,113.46,NA,NA,9.407960199004975,4.801147227533461,7.71,6.74,2938.1298828125
2019-10-11,19.3217,NA,8.0025,NA,43214.6015625,44.119998931884766,2970.27,15.58,54.76,1.82,3.08849,110.82,NA,NA,12.492537313432836,3.2007648183556405,7.71,6.74,2970.27001953125
2019-10-12,NA,NA,NA,NA,NA,NA,NA,NA,NA,1.82,3.08849,NA,NA,NA,9.870646766169154,3.378585086042065,NA,NA,NA
2019-10-13,NA,NA,NA,NA,NA,NA,NA,NA,NA,1.82,3.08849,NA,NA,NA,9.407960199004975,2.4894837476099427,NA,NA,NA
2019-10-14,19.2652,NA,7.9987,NA,43299.53125,44.16999816894531,2966.15,14.57,53.57,1.82,3.08849,110.81,NA,NA,10.024875621890546,3.378585086042065,7.62,6.744,2966.14990234375
2019-10-15,19.252,7.67,7.9975,NA,43244.62890625,44.2400016784668,2995.68,13.54,52.81,1.9,3.06891,109.04,NA,NA,10.796019900497512,3.2007648183556405,7.71,6.77,2995.679931640625
2019-10-16,19.2135,NA,7.9975,NA,43538.48828125,44.56999969482422,2989.69,13.68,53.42,1.9,3.06518,107.84,NA,NA,9.253731343283581,4.267686424474188,NA,6.81,2989.68994140625
2019-10-17,19.1602,NA,7.995,NA,43479.98046875,44.439998626708984,2997.95,13.79,53.89,1.85,3.04957,105.49,NA,NA,10.024875621890546,4.801147227533461,7.62,6.84,2997.949951171875
2019-10-18,19.1492,NA,7.9962,NA,43178.62890625,44.33000183105469,2986.2,14.25,53.75,1.85,3.03487,104.62,NA,NA,12.646766169154228,2.311663479923518,7.62,6.8,2986.199951171875
2019-10-19,NA,NA,NA,NA,NA,NA,NA,NA,NA,1.85,3.03487,NA,NA,NA,10.796019900497512,2.311663479923518,NA,NA,NA
2019-10-20,NA,NA,NA,NA,NA,NA,NA,NA,NA,1.85,3.03487,NA,NA,NA,11.104477611940299,0,NA,NA,NA
2019-10-21,19.1422,NA,7.9931,NA,43405.4296875,44.79999923706055,3006.72,14,53.28,1.85,2.97072,102.94,NA,NA,12.492537313432836,3.2007648183556405,7.71,6.83,3006.719970703125
2019-10-22,19.105,7.65,7.9975,NA,43363.5390625,44.66999816894531,2995.99,14.46,54.21,1.85,2.96527,102.08,NA,NA,12.955223880597014,2.4894837476099427,7.64,6.86,2995.989990234375
2019-10-23,19.1258,NA,7.9935,NA,43546.48046875,44.779998779296875,3004.52,14.01,55.9,1.85,2.96732,99.01,NA,NA,10.333333333333332,4.445506692160612,7.64,6.85,3004.52001953125
2019-10-24,19.0878,NA,7.9915,NA,43776.6015625,44.79999923706055,3010.29,13.71,56.11,1.85,2.96852,96.07,NA,NA,12.338308457711442,3.5564053537284894,7.66,6.8,3010.2900390625
2019-10-25,19.082,NA,7.9857,NA,43389.16015625,44.7599983215332,3022.55,12.65,56.52,1.83,2.94382,92.58,NA,NA,11.104477611940299,3.0229445506692163,7.62,6.83,3022.550048828125
2019-10-26,NA,NA,NA,NA,NA,NA,NA,NA,NA,1.83,2.94382,NA,NA,NA,12.029850746268655,2.667304015296367,NA,NA,NA
2019-10-27,NA,NA,NA,NA,NA,NA,NA,NA,NA,1.83,2.94382,NA,NA,NA,10.17910447761194,1.9560229445506692,NA,NA,NA
2019-10-28,19.0543,NA,7.985,NA,43765.48828125,45.130001068115234,3039.42,13.11,55.6,1.83,2.89099,90.17,NA,NA,13.417910447761193,2.4894837476099427,7.62,6.87,3039.419921875
2019-10-29,19.1167,7.62,7.98,NA,43851.05859375,44.970001220703125,3036.89,13.2,55.34,1.82,2.8696,88.21,NA,NA,9.253731343283581,2.8451242829827916,7.65,6.84,3036.889892578125
2019-10-30,19.1643,NA,7.9705,NA,43741.62109375,44.880001068115234,3046.77,12.33,54.85,1.82,2.96231,90.03,NA,NA,10.17910447761194,3.734225621414914,7.57,6.77,3046.77001953125
2019-10-31,19.1948,NA,7.9625,NA,43337.28125,44.310001373291016,3037.56,13.22,54.02,1.58,3.20158,92.97,NA,NA,11.25870646766169,2.133843212237094,7.62,6.74,3037.56005859375
2019-11-01,19.1058,NA,7.96,NA,43814.55078125,45.13999938964844,3066.91,12.3,56.04,1.57,3.1504,89.18,12,3,19.022727272727273,2.911764705882353,7.55,6.77,3066.909912109375
2019-11-02,NA,NA,NA,NA,NA,NA,NA,NA,NA,1.57,3.1504,NA,NA,NA,15.954545454545455,0,NA,NA,NA
2019-11-03,NA,NA,NA,NA,NA,NA,NA,NA,NA,1.57,3.1504,NA,NA,NA,13.5,0,NA,NA,NA
2019-11-04,19.1525,NA,7.955,NA,43815.76171875,45.029998779296875,3078.27,12.83,56.33,1.56,3.1199,86.21,NA,NA,16.363636363636363,5.029411764705882,7.57,6.77,3078.27001953125
2019-11-05,19.2125,7.55,7.9525,NA,43611.83984375,44.59000015258789,3074.62,13.1,57.04,1.56,3.10744,86.51,NA,NA,16.772727272727273,6.882352941176471,7.54,6.82,3074.6201171875
2019-11-06,19.1953,NA,7.947,NA,43818.51171875,45.09000015258789,3076.78,12.62,56.15,1.55,3.13547,87.1,NA,NA,15.136363636363637,5.5588235294117645,7.54,6.76,3076.780029296875
2019-11-07,19.1327,NA,7.945,NA,44119.8984375,45.45000076293945,3085.18,12.73,56.91,1.55,3.07931,84.85,NA,NA,15.136363636363637,4.764705882352941,7.45,6.81,3085.179931640625
2019-11-08,19.1068,NA,7.945,NA,43702.23046875,45.02000045776367,3093.08,12.07,57.02,1.55,3.08006,86.31,NA,NA,18.204545454545457,3.9705882352941178,7.52,6.84,3093.080078125
2019-11-09,NA,NA,NA,NA,NA,NA,NA,NA,NA,1.55,3.08006,NA,NA,NA,14.318181818181818,3.7058823529411766,NA,NA,NA
2019-11-10,NA,NA,NA,NA,NA,NA,NA,NA,NA,1.55,3.08006,NA,NA,NA,10.431818181818182,2.1176470588235294,NA,NA,NA
2019-11-11,19.109,NA,7.9412,NA,43595.6015625,44.97999954223633,3087.01,12.69,NA,1.55,3.08006,85.82,NA,NA,8.795454545454547,2.6470588235294117,7.49,6.86,3087.010009765625
2019-11-12,19.2178,7.45,7.9325,NA,43100.76953125,43.9900016784668,3091.84,12.68,56.67,1.55,3.12142,89.24,NA,NA,9.818181818181818,3.7058823529411766,7.44,6.92,3091.840087890625
2019-11-13,19.4543,NA,7.9212,NA,43098.66015625,43.779998779296875,3094.04,13,56.88,1.55,3.14891,90.47,NA,NA,10.431818181818182,3.4411764705882355,7.41,6.96,3094.0400390625
2019-11-14,19.4228,NA,7.8913,NA,43188.69140625,44.08000183105469,3096.63,13.05,56.57,1.55,3.17374,91.24,NA,NA,8.590909090909092,3.4411764705882355,7.46,6.94,3096.6298828125
2019-11-15,19.2063,NA,7.8025,NA,43392.359375,44.70000076293945,3120.46,12.05,57.54,1.55,3.17307,91.02,NA,NA,10.636363636363637,2.911764705882353,7.45,6.89,3120.4599609375
2019-11-16,NA,NA,NA,NA,NA,NA,NA,NA,NA,1.55,3.17307,NA,NA,NA,9.613636363636365,1.8529411764705883,NA,NA,NA
2019-11-17,NA,NA,NA,NA,NA,NA,NA,NA,NA,1.55,3.17307,NA,NA,NA,8.795454545454547,0,NA,NA,NA
2019-11-18,NA,NA,NA,NA,NA,44.349998474121094,3122.03,12.46,56.82,1.55,3.19089,93.27,NA,NA,9.818181818181818,2.1176470588235294,NA,7.101,3122.030029296875
2019-11-19,19.3687,7.43,7.795,NA,43602.25,44.36000061035156,3120.18,12.86,54.93,1.55,3.27357,94.04,NA,NA,10.636363636363637,3.7058823529411766,7.42,6.98,3120.179931640625
2019-11-20,19.48,NA,7.7925,NA,43604.69921875,44.189998626708984,3108.46,12.78,56.71,1.55,3.31605,94.18,NA,NA,9.40909090909091,2.911764705882353,7.43,7.03,3108.4599609375
2019-11-21,19.4138,NA,7.79,NA,43255.4296875,44.13999938964844,3103.54,13.13,58.36,1.55,3.25988,92.76,NA,NA,11.25,3.7058823529411766,7.45,7.01,3103.5400390625
2019-11-22,19.3987,NA,7.7875,NA,43521.859375,44.470001220703125,3110.29,12.34,57.68,1.55,3.2111,92.18,NA,NA,9.204545454545455,3.1764705882352944,7.48,7.02,3110.2900390625
2019-11-23,NA,NA,NA,NA,NA,NA,NA,NA,NA,1.55,3.2111,NA,NA,NA,9.204545454545455,2.3823529411764706,NA,NA,NA
2019-11-24,NA,NA,NA,NA,NA,NA,NA,NA,NA,1.55,3.2111,NA,NA,NA,11.454545454545455,0,NA,NA,NA
2019-11-25,19.4468,NA,7.7837,NA,43535.109375,44.40999984741211,3133.64,11.87,57.79,1.55,3.20622,92.28,NA,NA,13.090909090909092,4.235294117647059,7.47,7.074,3133.639892578125
2019-11-26,19.5185,7.46,7.785,NA,42852.359375,43.72999954223633,3140.52,11.54,58.25,1.55,3.21663,91.03,NA,NA,11.045454545454547,3.4411764705882355,7.46,7.11,3140.52001953125
2019-11-27,19.5607,NA,7.7825,NA,43036.16015625,43.77000045776367,3153.63,11.75,58.12,1.55,3.20891,91.29,NA,NA,9.613636363636365,3.7058823529411766,7.45,7.014,3153.6298828125
2019-11-28,19.6113,NA,7.7812,NA,43100.12109375,NA,NA,NA,NA,1.55,3.20891,91.29,NA,NA,10.227272727272728,2.6470588235294117,7.45,7.07,NA
2019-11-29,19.5352,NA,7.7804,NA,42820.1796875,43.52000045776367,3140.98,12.62,58.12,1.56,3.19918,91.43,NA,NA,10.840909090909092,3.4411764705882355,7.45,7.07,3140.97998046875
2019-11-30,NA,NA,NA,NA,NA,NA,NA,NA,NA,1.56,3.19918,NA,NA,NA,12.681818181818183,1.5882352941176472,NA,NA,NA
2019-12-01,NA,NA,NA,7.14,NA,NA,NA,NA,NA,1.56,3.19918,NA,17,2,12.67887029288703,3.1931330472103,NA,NA,NA
2019-12-02,19.5717,NA,7.7802,NA,42544.140625,43.099998474121094,3113.87,14.91,55.97,1.56,3.20939,91.31,NA,NA,14.332635983263598,4.257510729613734,7.43,7.13,3113.8701171875
2019-12-03,19.5678,7.4,7.7801,NA,42294.51953125,42.81999969482422,3093.2,15.96,56.15,1.55,3.35107,92.44,NA,NA,13.505753138075313,3.4592274678111585,7.37,7.13,3093.199951171875
2019-12-04,19.4707,NA,7.775,NA,42191.921875,43.06999969482422,3112.76,14.8,58.46,1.55,3.26668,88.14,NA,NA,12.403242677824268,2.128755364806867,7.39,6.98,3112.760009765625
2019-12-05,19.3688,NA,7.7725,NA,42216.03125,43.209999084472656,3117.43,14.52,58.42,1.55,3.21112,86.09,NA,NA,15.159518828451883,2.927038626609442,7.41,7.02,3117.429931640625
2019-12-06,19.3247,NA,7.771,NA,41938.69140625,43,3145.91,13.62,59.2,1.55,3.1382,82.61,NA,NA,13.781380753138075,2.6609442060085837,7.34,6.96,3145.909912109375
2019-12-07,NA,NA,NA,NA,NA,NA,NA,NA,NA,1.55,3.1382,NA,NA,NA,13.230125523012553,0,NA,NA,NA
2019-12-08,NA,NA,NA,NA,NA,NA,NA,NA,NA,1.55,3.1382,NA,NA,NA,10.473849372384937,1.8626609442060085,NA,NA,NA
2019-12-09,19.2302,7.04,7.746,NA,41951.58984375,43.119998931884766,3135.96,15.86,58.99,1.55,3.13036,81.85,NA,NA,14.60826359832636,2.6609442060085837,7.05,6.8,3135.9599609375
2019-12-10,19.2362,NA,7.75,NA,42633.4296875,43.849998474121094,3132.52,15.68,59.22,1.55,3.10633,80.49,NA,NA,14.057008368200837,3.4592274678111585,7.05,6.878,3132.52001953125
2019-12-11,19.1785,NA,7.7425,NA,43195.19140625,44.619998931884766,3141.63,14.99,58.74,1.55,3.1497,77.08,NA,NA,16.26202928870293,2.927038626609442,7,6.84,3141.6298828125
2019-12-12,NA,NA,NA,NA,NA,45.150001525878906,3168.57,13.94,59.18,1.55,3.03962,75.45,NA,NA,14.60826359832636,1.8626609442060085,NA,NA,3168.570068359375
2019-12-13,19.0455,NA,7.7412,NA,44254.4296875,45.75,3168.8,12.63,60.11,1.55,3.06726,77.7,NA,NA,17.364539748953977,1.8626609442060085,7.01,6.8,3168.800048828125
2019-12-14,NA,NA,NA,NA,NA,NA,NA,NA,NA,1.55,3.06726,NA,NA,NA,15.435146443514645,0,NA,NA,NA
2019-12-15,NA,NA,NA,NA,NA,NA,NA,NA,NA,1.55,3.06726,NA,NA,NA,15.710774058577407,1.8626609442060085,NA,NA,NA
2019-12-16,18.9702,NA,7.7401,NA,44356.21875,45.68000030517578,3191.45,12.14,60.21,1.56,2.96292,77.47,NA,NA,18.46705020920502,2.6609442060085837,6.99,6.77,3191.449951171875
2019-12-17,18.9165,6.8,7.73,NA,44401.16015625,45.709999084472656,3192.52,12.29,60.88,1.55,2.9338,76.86,NA,NA,19.018305439330543,5.587982832618025,7.02,6.8,3192.52001953125
2019-12-18,18.9542,NA,7.72,NA,45106.2890625,46.310001373291016,3191.14,12.58,60.93,1.55,2.8922,77.43,NA,NA,17.640167364016737,2.6609442060085837,6.81,6.77,3191.139892578125
2019-12-19,18.964,NA,7.7095,NA,44649.4296875,46.060001373291016,3205.37,12.5,61.3,1.55,2.95567,82.16,NA,NA,18.742677824267783,1.8626609442060085,7.07,6.87,3205.3701171875
2019-12-20,18.9133,NA,7.58,NA,44505.640625,45.84000015258789,3221.22,12.51,60.43,1.55,2.9715,81.54,NA,NA,19.84518828451883,2.128755364806867,6.99,6.91,3221.219970703125
2019-12-21,NA,NA,NA,NA,NA,NA,NA,NA,NA,1.55,2.9715,NA,NA,NA,17.915794979079497,2.6609442060085837,NA,NA,NA
2019-12-22,NA,NA,NA,NA,NA,NA,NA,NA,NA,1.55,2.9715,NA,NA,NA,19.018305439330543,0,NA,NA,NA
2019-12-23,18.9385,7.25,7.5675,NA,44276.8515625,45.66999816894531,3224.01,12.61,60.51,1.55,2.94276,81.62,NA,NA,20.947698744769873,2.3948497854077253,7.11,6.88,3224.010009765625
2019-12-24,18.9643,NA,7.565,NA,44157.96875,45.5099983215332,3223.38,12.67,61.17,1.55,2.97464,81.59,NA,NA,20.947698744769873,0,7.23,6.87,3223.3798828125
2019-12-25,NA,NA,NA,NA,NA,NA,NA,NA,NA,1.55,2.97464,81.58,NA,NA,17.088912133891213,0,NA,NA,NA
2019-12-26,18.9445,NA,7.5625,NA,44300.171875,45.79999923706055,3239.91,12.65,61.72,1.55,2.97489,80.67,NA,NA,22.05020920502092,2.927038626609442,7.19,6.84,3239.909912109375
2019-12-27,18.8452,NA,7.5615,NA,44261.51171875,45.900001525878906,3240.02,13.43,61.76,1.55,2.96628,79.34,NA,NA,22.05020920502092,1.59656652360515,7.15,6.81,3240.02001953125
2019-12-28,NA,NA,NA,NA,NA,NA,NA,NA,NA,1.55,2.96628,NA,NA,NA,21.77458158995816,0,NA,NA,NA
2019-12-29,NA,NA,NA,NA,NA,NA,NA,NA,NA,1.55,2.96628,NA,NA,NA,19.84518828451883,0,NA,NA,NA
2019-12-30,18.8727,7.25,7.5555,NA,43657.48046875,44.97999954223633,3221.29,14.82,61.66,1.55,2.94821,79,NA,NA,20.12081589958159,2.3948497854077253,7.19,6.82,3221.2900390625
2019-12-31,18.8642,NA,7.555,NA,43541.01953125,45.029998779296875,3230.78,13.78,61.14,1.55,2.92181,78.45,NA,NA,17.915794979079497,0,7.23,6.84,3230.780029296875
2020-01-01,NA,NA,NA,6.85,NA,NA,NA,NA,NA,1.55,2.92181,78.45,18,4,16.323744514870796,2.3903614457831326,NA,NA,NA
2020-01-02,18.8817,NA,7.5525,NA,44437.23046875,46.2599983215332,3257.85,12.47,61.17,1.55,2.95115,77.07,NA,NA,21.220867869332032,4.780722891566265,7.22,6.78,3257.85009765625
2020-01-03,18.8673,NA,7.5495,NA,44624.8515625,45.91999816894531,3234.85,14.02,63,1.55,3.00328,78.37,NA,NA,23.669429546562654,5.975903614457831,7.22,6.714,3234.85009765625
2020-01-04,NA,NA,NA,NA,NA,NA,NA,NA,NA,1.55,3.00328,NA,NA,NA,22.037055095075573,4.183132530120482,NA,NA,NA
2020-01-05,NA,NA,NA,NA,NA,NA,NA,NA,NA,1.55,3.00328,NA,NA,NA,19.588493417844955,1.7927710843373494,NA,NA,NA
2020-01-06,18.827,NA,7.5475,NA,44495.30078125,46.130001068115234,3246.28,13.85,63.27,1.55,2.95739,78.43,NA,NA,18.772306192101414,5.67710843373494,7.21,6.77,3246.280029296875
2020-01-07,18.8852,7.26,7.545,NA,44157.80859375,45.70000076293945,3237.18,13.79,62.7,1.55,2.94374,78.23,NA,NA,20.132618235007314,5.378313253012048,7.25,6.83,3237.179931640625
2020-01-08,18.798,NA,7.5425,NA,44470.91015625,46.11000061035156,3253.05,13.45,59.65,1.55,2.90434,76.18,NA,NA,27.20624085811799,6.274698795180723,7.22,6.83,3253.050048828125
2020-01-09,18.8453,NA,7.5425,NA,44572.171875,46.13999938964844,3274.7,12.54,59.56,1.55,2.93228,74.62,NA,NA,22.309117503656754,8.366265060240965,7.22,6.85,3274.699951171875
2020-01-10,18.7732,NA,7.5402,NA,44660.328125,46.38999938964844,3265.35,12.56,59.02,1.54,2.96123,76.21,NA,NA,17.956118966357874,5.378313253012048,7.15,6.764,3265.35009765625
2020-01-11,NA,NA,NA,NA,NA,NA,NA,NA,NA,1.54,2.96123,NA,NA,NA,16.867869332033155,3.8843373493975903,NA,NA,NA
2020-01-12,NA,NA,NA,NA,NA,NA,NA,NA,NA,1.54,2.96123,NA,NA,NA,16.051682106289615,0,NA,NA,NA
2020-01-13,18.8215,NA,7.5381,NA,44847.46875,46.709999084472656,3288.13,12.32,58.17,1.54,2.94374,76.67,NA,NA,15.779619697708435,4.780722891566265,7.17,6.83,3288.1298828125
2020-01-14,18.812,7,7.5375,NA,44773.23828125,46.41999816894531,3283.15,12.39,58.34,1.54,2.97465,78.37,NA,NA,15.779619697708435,4.183132530120482,6.99,6.83,3283.14990234375
2020-01-15,18.8077,NA,7.53,NA,44453.328125,46.279998779296875,3289.29,12.42,57.86,1.54,2.98809,78.44,NA,NA,18.228181374939055,4.481927710843373,7.01,6.8,3289.2900390625
2020-01-16,18.793,NA,7.525,NA,45303.078125,47.20000076293945,3316.81,12.32,58.52,1.54,2.93318,78.39,NA,NA,18.772306192101414,4.481927710843373,7.17,6.82,3316.81005859375
2020-01-17,18.7388,NA,7.53,NA,45817.76171875,48.0099983215332,3329.62,12.1,58.55,1.55,2.91822,78.5,NA,NA,17.139931740614333,3.2867469879518074,7.17,6.802,3329.6201171875
2020-01-18,NA,NA,NA,NA,NA,NA,NA,NA,NA,1.55,2.91822,NA,NA,NA,15.507557289127256,2.091566265060241,NA,NA,NA
2020-01-19,NA,NA,NA,NA,NA,NA,NA,NA,NA,1.55,2.91822,NA,NA,NA,15.507557289127256,1.7927710843373494,NA,NA,NA
2020-01-20,18.6725,NA,7.525,NA,45902.6796875,NA,NA,NA,NA,1.55,2.91822,78.51,NA,NA,16.867869332033155,3.2867469879518074,7.16,6.79,NA
2020-01-21,18.7007,7.05,7.5225,NA,45637.3203125,47.61000061035156,3320.79,12.85,58.25,1.55,2.95052,79.63,NA,NA,19.588493417844955,3.585542168674699,7.04,6.83,3320.7900390625
2020-01-22,18.6883,NA,7.5215,NA,45604.44140625,47.77000045776367,3321.75,12.91,56.76,1.55,2.92652,80.19,NA,NA,15.779619697708435,4.780722891566265,7.06,6.82,3321.75
2020-01-23,18.8018,NA,7.5225,NA,45476.4296875,47.400001525878906,3325.54,12.98,55.51,1.55,2.97111,81.77,NA,NA,17.956118966357874,3.585542168674699,7.15,6.78,3325.5400390625
2020-01-24,18.8313,NA,7.5202,NA,45141.62109375,46.880001068115234,3295.47,14.56,54.09,1.55,3.01476,84.24,NA,NA,16.595806923451974,4.780722891566265,7.15,6.76,3295.469970703125
2020-01-25,NA,NA,NA,NA,NA,NA,NA,NA,NA,1.55,3.01476,NA,NA,NA,17.411994149195515,2.091566265060241,NA,NA,NA
2020-01-26,NA,NA,NA,NA,NA,NA,NA,NA,NA,1.55,3.01476,NA,NA,NA,14.419307654802536,0,NA,NA,NA
2020-01-27,18.9407,NA,7.51,NA,44134.390625,45.560001373291016,3243.63,18.23,53.09,1.55,3.13021,88.4,NA,NA,17.139931740614333,3.8843373493975903,7.16,6.73,3243.6298828125
2020-01-28,18.8022,7.04,7.5065,NA,44717.94140625,46.7400016784668,3276.24,16.28,53.33,1.55,3.05513,81.62,NA,NA,16.323744514870796,4.780722891566265,7.01,6.706,3276.239990234375
2020-01-29,18.7067,NA,7.5025,NA,45132.6015625,47.22999954223633,3273.4,16.39,53.29,1.55,3.04674,78.12,NA,NA,16.867869332033155,5.079518072289157,7.09,6.62,3273.39990234375
2020-01-30,18.7853,NA,7.5002,NA,44862.76171875,46.77000045776367,3283.66,15.49,52.19,1.6,3.04314,80.83,NA,NA,14.691370063383715,4.183132530120482,7.09,6.61,3283.659912109375
2020-01-31,18.9082,NA,7.4951,NA,44108.30859375,45.86000061035156,3225.52,18.84,51.58,1.59,3.08385,84.25,NA,NA,15.507557289127256,4.780722891566265,7.06,6.6,3225.52001953125
2020-02-01,NA,NA,NA,6.47,NA,NA,NA,NA,NA,1.59,3.08385,NA,17,3,40.19021739130435,5.2727272727272725,NA,NA,NA
2020-02-02,NA,NA,NA,NA,NA,NA,NA,NA,NA,1.59,3.08385,NA,NA,NA,33.49184782608695,0,NA,NA,NA
2020-02-03,NA,NA,NA,NA,NA,46.75,3248.92,17.97,50.06,1.59,3.09434,82.52,NA,NA,44.87907608695652,5.2727272727272725,NA,NA,3248.919921875
2020-02-04,18.6797,6.99,7.4937,NA,45047.0703125,47.2400016784668,3297.59,16.05,49.59,1.59,3.04684,79.39,NA,NA,41.52989130434783,9.886363636363637,6.98,6.64,3297.590087890625
2020-02-05,18.6245,NA,7.4925,NA,44782.859375,47.150001525878906,3334.69,15.15,50.87,1.59,3.00482,77.34,NA,NA,36.841032608695656,9.886363636363637,6.99,6.65,3334.68994140625
2020-02-06,18.6645,NA,7.4915,NA,44493.1484375,46.52000045776367,3345.78,14.96,50.94,1.59,2.98305,77.38,NA,NA,35.50135869565217,9.227272727272727,7.01,6.638,3345.780029296875
2020-02-07,18.7763,NA,7.4892,NA,44399.328125,46.22999954223633,3327.71,15.47,50.34,1.58,3.03131,79.03,NA,NA,38.85054347826087,8.568181818181818,7.02,6.62,3327.7099609375
2020-02-08,NA,NA,NA,NA,NA,NA,NA,NA,NA,1.58,3.03131,NA,NA,NA,9.377717391304348,1.3181818181818181,NA,NA,NA
2020-02-09,NA,NA,NA,NA,NA,NA,NA,NA,NA,1.58,3.03131,NA,NA,NA,10.047554347826088,0.6590909090909091,NA,NA,NA
2020-02-10,18.7653,NA,7.4875,NA,44290.53125,46.189998626708984,3352.09,15.04,49.59,1.58,3.05038,79.16,NA,NA,9.377717391304348,1.977272727272727,7.03,6.58,3352.090087890625
2020-02-11,18.674,7,7.4837,NA,45027.41015625,47.189998626708984,3357.75,15.18,50,1.58,2.99445,77.12,NA,NA,10.047554347826088,2.6363636363636362,6.99,6.558,3357.75
2020-02-12,18.6308,NA,7.4812,NA,45338.37109375,47.86000061035156,3379.45,13.74,51.13,1.58,2.925,76.21,NA,NA,8.70788043478261,2.6363636363636362,6.96,6.57,3379.449951171875
2020-02-13,18.6458,NA,7.45,NA,45005.12109375,47.54999923706055,3373.94,14.15,51.41,1.58,2.92742,76.32,NA,NA,9.377717391304348,1.977272727272727,7,6.57,3373.93994140625
2020-02-14,18.5712,NA,7.33,NA,44999.6796875,47.709999084472656,3380.16,13.68,52.03,1.58,2.93088,74.6,NA,NA,10.047554347826088,1.977272727272727,7.01,6.53,3380.159912109375
2020-02-15,NA,NA,NA,NA,NA,NA,NA,NA,NA,1.58,2.93088,NA,NA,NA,10.717391304347826,0.6590909090909091,NA,NA,NA
2020-02-16,NA,NA,NA,NA,NA,NA,NA,NA,NA,1.58,2.93088,NA,NA,NA,9.377717391304348,1.3181818181818181,NA,NA,NA
2020-02-17,18.5715,NA,7.315,NA,45016.9609375,NA,NA,NA,NA,1.58,2.93088,74.6,NA,NA,9.377717391304348,2.6363636363636362,7.01,6.54,NA
2020-02-18,18.5952,6.95,7.31,NA,44974.109375,47.47999954223633,3370.29,14.83,52.1,1.59,2.94205,73.69,NA,NA,9.377717391304348,1.977272727272727,7.01,6.53,3370.2900390625
2020-02-19,18.591,NA,7.305,NA,44901.5,47.560001373291016,3386.15,14.38,53.31,1.59,2.90092,72.11,NA,NA,9.377717391304348,1.977272727272727,6.95,6.5,3386.14990234375
2020-02-20,18.7992,NA,7.3012,NA,44774.5390625,46.79999923706055,3373.23,15.56,53.77,1.59,2.94301,72.47,NA,NA,9.377717391304348,2.6363636363636362,6.98,6.548,3373.22998046875
2020-02-21,18.9138,NA,7.303,NA,44802.5390625,46.61000061035156,3337.75,17.08,53.36,1.58,2.98925,71.36,NA,NA,9.377717391304348,1.977272727272727,6.97,6.522,3337.75
2020-02-22,NA,NA,NA,NA,NA,NA,NA,NA,NA,1.58,2.98925,NA,NA,NA,10.047554347826088,1.3181818181818181,NA,NA,NA
2020-02-23,NA,NA,NA,NA,NA,NA,NA,NA,NA,1.58,2.98925,NA,NA,NA,9.377717391304348,0,NA,NA,NA
2020-02-24,19.1197,NA,7.3015,NA,43818.0703125,45.029998779296875,3225.89,25.03,51.36,1.58,3.11842,76.31,NA,NA,10.717391304347826,1.977272727272727,6.99,6.49,3225.889892578125
2020-02-25,19.0878,6.91,7.3,NA,43045.6796875,44.29999923706055,3128.21,27.85,49.78,1.58,3.19869,82.16,NA,NA,10.047554347826088,1.977272727272727,6.95,6.46,3128.2099609375
2020-02-26,19.1585,NA,7.295,NA,42737.28125,43.86000061035156,3116.39,27.56,48.67,1.58,3.23276,84.59,NA,NA,10.047554347826088,2.6363636363636362,6.92,6.498,3116.389892578125
2020-02-27,19.3973,NA,7.295,NA,41607.421875,42.130001068115234,2978.76,39.16,47.17,1.58,3.34468,95.87,NA,NA,10.717391304347826,1.3181818181818181,6.93,6.68,2978.760009765625
2020-02-28,19.776,NA,7.2925,NA,41324.30859375,41.619998931884766,2954.22,40.11,44.83,1.58,3.71821,107.66,NA,NA,12.726902173913043,1.977272727272727,6.94,6.83,2954.219970703125
2020-02-29,NA,NA,NA,NA,NA,NA,NA,NA,NA,1.58,3.71821,NA,NA,NA,14.066576086956522,1.3181818181818181,NA,NA,NA
2020-03-01,NA,NA,NA,NA,NA,NA,NA,NA,NA,1.58,3.71821,NA,58,3,22.371971185330715,0,NA,NA,NA
2020-03-02,19.6985,NA,7.2812,NA,42167.23828125,43,3090.23,33.42,46.78,1.59,3.65366,102.42,NA,NA,21.19449901768173,2.240963855421687,6.95,6.56,3090.22998046875
2020-03-03,19.2837,6.7,7.265,NA,42472.25,43.029998779296875,3003.37,36.82,47.27,1.59,3.61578,100,NA,NA,23.5494433529797,3.3614457831325306,6.69,6.42,3003.3701171875
2020-03-04,19.5335,NA,7.2525,NA,43404.76171875,43.88999938964844,3130.12,31.99,46.78,1.09,3.48909,89.32,NA,NA,20.017026850032746,3.3614457831325306,6.68,6.31,3130.1201171875
2020-03-05,19.8095,NA,7.2412,NA,42344.859375,42.130001068115234,3023.94,39.62,45.9,1.09,3.7371,105.88,NA,NA,17.662082514734774,4.481927710843374,6.65,6.36,3023.93994140625
2020-03-06,20.1623,NA,7.235,NA,41388.78125,40.58000183105469,2972.37,41.94,41.14,1.09,4.03698,114.72,NA,NA,23.5494433529797,3.3614457831325306,6.72,6.35,2972.3701171875
2020-03-07,NA,NA,NA,NA,NA,NA,NA,NA,NA,1.09,4.03698,NA,NA,NA,25.90438768827767,0,NA,NA,NA
2020-03-08,NA,NA,NA,NA,NA,NA,NA,NA,NA,1.09,4.03698,NA,NA,NA,23.5494433529797,1.1204819277108435,NA,NA,NA
2020-03-09,21.1117,NA,7.2275,NA,38730.55859375,36.150001525878906,2746.56,54.46,31.05,1.09,5.05591,114.72,NA,NA,78.890635232482,2.240963855421687,6.89,6.67,2746.56005859375
2020-03-10,21.0267,6.81,7.2262,NA,39565.44140625,37.720001220703125,2882.23,47.3,34.47,1.09,4.97791,168.79,NA,NA,64.76096922069418,4.481927710843374,6.84,6.8,2882.22998046875
2020-03-11,21.213,NA,7.2175,NA,38678.55078125,35.81999969482422,2741.38,53.9,33.13,1.09,5.18034,192.9,NA,NA,44.74394237066143,4.481927710843374,6.91,7.26,2741.3798828125
2020-03-12,22.1518,NA,7.2187,NA,36636.69921875,33.130001068115234,2480.64,75.47,31.56,1.1,5.70934,245.95,NA,NA,65.93844138834316,3.3614457831325306,7.07,7.68,2480.639892578125
2020-03-13,21.9288,NA,7.217,NA,38085.05078125,34.36000061035156,2711.02,57.83,31.72,1.1,5.21945,207.41,NA,NA,69.47085789129011,2.240963855421687,6.95,7.63,2711.02001953125
2020-03-14,NA,NA,NA,NA,NA,NA,NA,NA,NA,1.1,5.21945,NA,NA,NA,50.63130320890635,3.3614457831325306,NA,NA,NA
2020-03-15,NA,NA,NA,NA,NA,NA,NA,NA,NA,1.1,5.21945,NA,NA,NA,36.501637197118534,1.1204819277108435,NA,NA,NA
2020-03-16,NA,NA,NA,NA,NA,29.1200008392334,2386.13,82.69,28.96,0.25,6.03673,253.23,NA,NA,70.6483300589391,2.240963855421687,NA,NA,2386.1298828125
2020-03-17,23.0573,7.15,7.21,NA,36862.83984375,31.389999389648438,2529.19,75.91,26.96,0.25,5.82641,226.97,NA,NA,61.22855271774722,2.240963855421687,7.08,7.75,2529.18994140625
2020-03-18,23.9008,NA,7.2075,NA,35532.73828125,28.75,2398.1,76.45,20.48,0.25,6.91208,294.23,NA,NA,90.66535690897184,4.481927710843374,7.14,8.24,2398.10009765625
2020-03-19,24.0868,NA,7.205,NA,35143.62890625,28.600000381469727,2409.39,72,25.09,0.2,7.17881,267.46,NA,NA,90.66535690897184,2.240963855421687,7.17,8.09,2409.389892578125
2020-03-20,24.1113,NA,7.2025,NA,34269.51171875,27.040000915527344,2304.92,66.04,19.48,0.15,6.78912,283.22,NA,NA,102.44007858546169,4.481927710843374,6.48,7.32,2304.919921875
2020-03-21,NA,NA,NA,NA,NA,NA,NA,NA,NA,0.15,6.78912,NA,NA,NA,117.7472167648985,2.240963855421687,NA,NA,NA
2020-03-22,NA,NA,NA,NA,NA,NA,NA,NA,NA,0.15,6.78912,NA,NA,NA,78.890635232482,2.240963855421687,NA,NA,NA
2020-03-23,25.0782,NA,6.815,NA,32964.21875,25.1200008392334,2237.4,61.59,23.33,0.15,7.26118,298.29,NA,NA,91.84282907662083,3.3614457831325306,6.65,7.79,2237.39990234375
2020-03-24,25.1185,6.59,6.785,NA,34371.53125,26.709999084472656,2447.33,61.67,21.03,0.12,6.81646,250.37,NA,NA,83.60052390307793,4.481927710843374,6.59,7.97,2447.330078125
2020-03-25,24.2948,NA,6.7675,NA,35536.69921875,28.90999984741211,2475.56,63.95,20.75,0.1,5.9298,192.19,NA,NA,68.29338572364112,4.481927710843374,6.6,7.74,2475.56005859375
2020-03-26,23.097,NA,6.7587,NA,35706.5703125,30.350000381469727,2630.07,61,16.6,0.1,5.65658,182.5,NA,NA,73.00327439423707,3.3614457831325306,6.55,7.28,2630.070068359375
2020-03-27,23.5122,NA,6.7487,NA,33799.48828125,27.920000076293945,2541.47,65.54,15.48,0.1,6.37833,235.72,NA,NA,68.29338572364112,4.481927710843374,6.49,7.05,2541.469970703125
2020-03-28,NA,NA,NA,NA,NA,NA,NA,NA,NA,0.1,6.37833,NA,NA,NA,55.3411918795023,2.240963855421687,NA,NA,NA
2020-03-29,NA,NA,NA,NA,NA,NA,NA,NA,NA,0.1,6.37833,NA,NA,NA,52.986247544204325,2.240963855421687,NA,NA,NA
2020-03-30,24.2853,NA,6.74,NA,34199.96875,27.68000030517578,2626.65,57.08,14.1,0.09,6.58905,240.76,NA,NA,51.80877537655534,4.481927710843374,6.5,7.25,2626.64990234375
2020-03-31,23.4847,6.39,6.71,NA,34554.53125,28.350000381469727,2584.59,53.54,20.51,0.08,6.53257,235.89,NA,NA,51.80877537655534,4.481927710843374,6.49,7.04,2584.590087890625
2020-04-01,24.4918,NA,6.7025,7.37,33691.87890625,26.68000030517578,2470.5,57.06,20.28,0.06,7.02302,274.64,43,3,51.55090390104663,3.552631578947369,6.26,7.02,2470.5
2020-04-02,24.1087,NA,6.7,NA,33590.62109375,26.610000610351563,2526.9,50.91,25.18,0.05,6.8673400000000004,274.64,NA,NA,47.868696479543296,3.552631578947369,6.3,7.09,2526.89990234375
2020-04-03,24.6938,NA,6.69,NA,33075.41015625,25.600000381469727,2488.65,46.8,28.36,0.05,6.8076,279.36,NA,NA,44.18648905803997,3.552631578947369,6.3,7.24,2488.64990234375
2020-04-04,NA,NA,NA,NA,NA,NA,NA,NA,NA,0.05,6.8076,NA,NA,NA,45.41389153187441,3.552631578947369,NA,NA,NA
2020-04-05,NA,NA,NA,NA,NA,NA,NA,NA,NA,0.05,6.8076,NA,NA,NA,42.95908658420552,2.368421052631579,NA,NA,NA
2020-04-06,24.6895,6.23,6.685,NA,34381.55859375,27.06999969482422,2663.68,45.24,26.21,0.05,6.98486,265.06,NA,NA,67.5071360608944,2.368421052631579,6.33,7.32,2663.679931640625
2020-04-07,24.0388,NA,6.6775,NA,34526.30859375,27.450000762939453,2659.41,46.7,23.54,0.05,6.86945,260.21,NA,NA,52.778306374881076,1.1842105263157896,6.1,7.11,2659.409912109375
2020-04-08,24.0925,NA,6.6487,NA,34567.78125,27.90999984741211,2749.98,43.35,24.97,0.05,6.81088,255.22,NA,NA,44.18648905803997,3.552631578947369,6.03,7.06,2749.97998046875
2020-04-09,NA,NA,NA,NA,NA,28.260000228881836,2789.82,41.67,22.9,0.05,6.19323,221.32,NA,NA,47.868696479543296,1.1842105263157896,NA,NA,2789.820068359375
2020-04-10,NA,NA,NA,NA,NA,NA,NA,NA,NA,0.05,6.19323,221.32,NA,NA,46.64129400570886,0,NA,NA,NA
2020-04-11,NA,NA,NA,NA,NA,NA,NA,NA,NA,0.05,6.19323,NA,NA,NA,46.64129400570886,2.368421052631579,NA,NA,NA
2020-04-12,NA,NA,NA,NA,NA,NA,NA,NA,NA,0.05,6.19323,NA,NA,NA,40.50428163653664,1.1842105263157896,NA,NA,NA
2020-04-13,23.7427,NA,6.6418,NA,34613.671875,28.25,2761.63,41.17,22.36,0.05,5.95598,221.48,NA,NA,50.323501427212186,1.1842105263157896,6,7.05,2761.6298828125
2020-04-14,23.5645,6,6.6385,NA,34746.390625,28.739999771118164,2846.06,37.76,20.15,0.05,5.96873,221.5,NA,NA,44.18648905803997,2.368421052631579,5.99,6.82,2846.06005859375
2020-04-15,24.1155,NA,6.6292,NA,33855.23828125,27.219999313354492,2783.36,40.84,19.96,0.05,6.47921,255.37,NA,NA,40.50428163653664,3.552631578947369,5.99,6.83,2783.360107421875
2020-04-16,24.2098,NA,6.6196,NA,33759.75,27.030000686645508,2799.55,40.11,19.82,0.05,6.62095,270.18,NA,NA,40.50428163653664,3.552631578947369,5.98,6.79,2799.550048828125
2020-04-17,23.9012,NA,6.6142,NA,34743.1015625,28.209999084472656,2874.56,38.15,18.31,0.05,6.5628,270.2,NA,NA,42.95908658420552,3.552631578947369,6,6.83,2874.56005859375
2020-04-18,NA,NA,NA,NA,NA,NA,NA,NA,NA,0.05,6.5628,NA,NA,NA,38.04947668886775,2.368421052631579,NA,NA,NA
2020-04-19,NA,NA,NA,NA,NA,NA,NA,NA,NA,0.05,6.5628,NA,NA,NA,33.139866793529976,2.368421052631579,NA,NA,NA
2020-04-20,24.0077,NA,6.6115,NA,34477.05859375,27.600000381469727,2823.16,43.83,-36.98,0.05,6.79104,274.96,NA,NA,41.731684110371084,3.552631578947369,6.02,6.93,2823.159912109375
2020-04-21,24.4248,6,6.607,NA,33892.28125,26.760000228881836,2736.56,45.41,8.91,0.05,6.96588,294.2,NA,NA,46.64129400570886,3.552631578947369,5.93,6.9,2736.56005859375
2020-04-22,24.5883,NA,6.2725,NA,34223.8515625,27,2799.31,41.98,13.64,0.05,6.90293,294.22,NA,NA,41.731684110371084,3.552631578947369,5.98,6.68,2799.31005859375
2020-04-23,24.623,NA,6.2662,NA,34240.6015625,26.639999389648438,2797.8,41.38,15.06,0.04,7.04987,284.63,NA,NA,34.36726926736442,4.736842105263158,5.82,6.67,2797.800048828125
2020-04-24,24.8583,NA,6.2645,NA,34586.8203125,26.709999084472656,2836.74,35.93,15.99,0.05,7.19353,299.33,NA,NA,36.822074215033304,4.736842105263158,5.91,6.87,2836.739990234375
2020-04-25,NA,NA,NA,NA,NA,NA,NA,NA,NA,0.05,7.19353,NA,NA,NA,38.04947668886775,3.552631578947369,NA,NA,NA
2020-04-26,NA,NA,NA,NA,NA,NA,NA,NA,NA,0.05,7.19353,NA,NA,NA,35.594671741198866,3.552631578947369,NA,NA,NA
2020-04-27,24.8492,NA,6.2607,NA,34968.08984375,27.420000076293945,2878.48,33.29,12.17,0.04,7.32646,309.16,NA,NA,36.822074215033304,2.368421052631579,5.92,6.84,2878.47998046875
2020-04-28,24.3882,5.84,6.2592,NA,35830.80859375,28.610000610351563,2863.39,33.57,12.4,0.04,7.24499,299.2,NA,NA,33.139866793529976,3.552631578947369,5.9,6.8,2863.389892578125
2020-04-29,24.0002,NA,6.256,NA,36870.08984375,30.329999923706055,2939.51,31.23,15.04,0.04,6.83311,265.38,NA,NA,36.822074215033304,4.736842105263158,5.84,6.59,2939.510009765625
2020-04-30,23.9283,NA,6.2475,NA,36470.109375,29.270000457763672,2912.43,34.15,19.23,0.05,6.56239,246.02,NA,NA,40.50428163653664,4.736842105263158,5.82,6.465,2912.429931640625
2020-05-01,NA,NA,NA,6.06,NA,28.100000381469727,2830.71,37.19,19.72,0.05,6.59404,255.75,37,4,19.29532710280374,2.128755364806867,NA,NA,2830.7099609375
2020-05-02,NA,NA,NA,NA,NA,NA,NA,NA,NA,0.05,6.59404,NA,NA,NA,17.151401869158878,1.59656652360515,NA,NA,NA
2020-05-03,NA,NA,NA,NA,NA,NA,NA,NA,NA,0.05,6.59404,NA,NA,NA,16.615420560747662,1.0643776824034334,NA,NA,NA
2020-05-04,24.3812,NA,6.245,NA,36370.4296875,29.299999237060547,2842.74,35.97,20.47,0.05,6.55978,255.73,NA,NA,19.29532710280374,1.0643776824034334,5.77,6.38,2842.739990234375
2020-05-05,23.8343,5.7,6.2425,NA,36616.05859375,29.700000762939453,2868.44,33.61,24.56,0.05,6.33789,241.2,NA,NA,18.223364485981307,1.59656652360515,5.77,6.3,2868.43994140625
2020-05-06,24.2942,NA,6.241,NA,36986.19921875,29.360000610351563,2848.42,34.12,23.88,0.05,6.39927,250.9,NA,NA,16.07943925233645,2.128755364806867,5.69,6.26,2848.419921875
2020-05-07,24.0563,NA,6.2395,NA,36792.41015625,29.65999984741211,2881.19,31.44,23.68,0.05,6.29373,240.99,NA,NA,14.471495327102803,1.59656652360515,5.66,5.94,2881.18994140625
2020-05-08,23.6805,NA,6.2357,NA,37623.6796875,30.860000610351563,2929.8,27.98,24.73,0.05,6.04734,231.53,NA,NA,42.87850467289719,4.257510729613734,5.55,5.78,2929.800048828125
2020-05-09,NA,NA,NA,NA,NA,NA,NA,NA,NA,0.05,6.04734,NA,NA,NA,41.80654205607477,3.725321888412017,NA,NA,NA
2020-05-10,NA,NA,NA,NA,NA,NA,NA,NA,NA,0.05,6.04734,NA,NA,NA,36.98271028037383,0,NA,NA,NA
2020-05-11,23.8693,NA,6.2315,NA,37631.890625,30.489999771118164,2930.32,27.57,24.02,0.05,5.99284,226.7,NA,NA,43.950467289719626,5.3218884120171674,5.5,5.89,2930.18994140625
2020-05-12,24.0487,5.39,6.2277,NA,37462.890625,29.8799991607666,2870.12,33.04,25.76,0.05,6.00281,221.74,NA,NA,41.27056074766355,6.918454935622317,5.38,5.87,2870.1201171875
2020-05-13,24.2113,NA,6.196,NA,36394.58984375,29.190000534057617,2820,35.28,25.37,0.05,6.24167,236.37,NA,NA,41.80654205607477,5.3218884120171674,5.39,5.98,2820
2020-05-14,24.2708,NA,6.1772,NA,36094.140625,29.559999465942383,2852.5,32.61,27.4,0.05,6.34344,241.25,NA,NA,39.12663551401869,5.854077253218884,5.41,6,2852.5
2020-05-15,23.958,NA,5.78,NA,35691.390625,28.899999618530273,2863.7,31.89,29.44,0.05,6.17805,241.31,NA,NA,42.87850467289719,4.789699570815451,5.42,6.03,2863.699951171875
2020-05-16,NA,NA,NA,NA,NA,NA,NA,NA,NA,0.05,6.17805,NA,NA,NA,42.87850467289719,3.725321888412017,NA,NA,NA
2020-05-17,NA,NA,NA,NA,NA,NA,NA,NA,NA,0.05,6.17805,NA,NA,NA,40.19859813084112,2.6609442060085837,NA,NA,NA
2020-05-18,23.6032,NA,5.7775,NA,37112.4609375,30.43000030517578,2953.91,29.3,31.83,0.05,5.77584,226.79,NA,NA,39.12663551401869,4.257510729613734,5.44,5.98,2953.909912109375
2020-05-19,23.6023,5.39,5.7727,NA,35862.0390625,29.270000457763672,2922.94,30.53,32.3,0.05,5.79232,226.64,NA,NA,40.734579439252336,7.450643776824034,5.38,5.97,2922.93994140625
2020-05-20,23.2962,NA,5.7688,NA,36026.98046875,30.3700008392334,2971.61,27.99,33.56,0.05,5.57846,207.26,NA,NA,39.662616822429904,5.854077253218884,5.38,6.05,2971.610107421875
2020-05-21,22.96,NA,5.7644,NA,35560.76171875,30.3799991607666,2948.51,29.53,34.3,0.05,5.40318,197.52,NA,NA,41.80654205607477,6.3862660944206,5.41,6.1,2948.510009765625
2020-05-22,22.7928,NA,5.7622,NA,35784.421875,30.59000015258789,2955.45,28.16,33.49,0.05,5.48391,197.51,NA,NA,47.70233644859813,5.854077253218884,5.42,6.2,2955.449951171875
2020-05-23,NA,NA,NA,NA,NA,NA,NA,NA,NA,0.05,5.48391,NA,NA,NA,45.55841121495327,4.789699570815451,NA,NA,NA
2020-05-24,NA,NA,NA,NA,NA,NA,NA,NA,NA,0.05,5.48391,NA,NA,NA,40.19859813084112,2.128755364806867,NA,NA,NA
2020-05-25,22.563,NA,5.755,NA,35832.76953125,NA,NA,NA,NA,0.05,5.48391,197.52,NA,NA,46.09439252336448,4.789699570815451,5.42,6.17,NA
2020-05-26,22.2932,5.38,5.7525,NA,36206.859375,31.809999465942383,2991.77,28.01,34.7,0.05,5.31394,173.2,NA,NA,49.31028037383177,5.3218884120171674,5.37,6.07,2991.77001953125
2020-05-27,22.3633,NA,5.7482,NA,36889.9609375,32.25,3036.13,27.62,32.8,0.05,5.3962,168.33,NA,NA,46.6303738317757,5.3218884120171674,5.32,6.14,3036.1298828125
2020-05-28,22.204,NA,5.7441,NA,36508.140625,31.93000030517578,3029.73,28.59,33.67,0.05,5.35801,175.08,NA,NA,45.55841121495327,6.918454935622317,5.33,6.14,3029.72998046875
2020-05-29,22.1778,NA,5.7395,NA,36122.73046875,31.889999389648438,3044.31,27.51,35.57,0.05,5.35779,177.94,NA,NA,45.55841121495327,5.3218884120171674,5.35,6.11,3044.31005859375
2020-05-30,NA,NA,NA,NA,NA,NA,NA,NA,NA,0.05,5.35779,NA,NA,NA,42.87850467289719,3.1931330472103,NA,NA,NA
2020-05-31,NA,NA,NA,NA,NA,NA,NA,NA,NA,0.05,5.35779,NA,NA,NA,41.27056074766355,2.6609442060085837,NA,NA,NA
2020-06-01,22.0168,NA,5.7347,NA,36980.8515625,32.81999969482422,3055.73,28.23,35.49,0.05,5.24632,173.19,39,3,41.20356037151702,3.1343283582089554,5.37,6.11,3055.72998046875
2020-06-02,21.6827,5.27,5.7325,NA,37460.44140625,33.72999954223633,3080.82,26.84,36.88,0.06,5.16129,148.85,NA,NA,37.5812693498452,4.925373134328359,5.36,6.12,3080.820068359375
2020-06-03,21.6043,NA,5.7286,NA,38290.76953125,34.439998626708984,3122.87,25.66,37.33,0.06,4.94571,134.26,NA,NA,43.46749226006192,4.029850746268657,5.26,6.08,3122.8701171875
2020-06-04,21.8388,NA,5.7229,NA,37872.890625,33.70000076293945,3112.35,25.81,37.42,0.06,4.95331,136.23,NA,NA,40.297987616099064,3.1343283582089554,5.27,6.09,3112.35009765625
2020-06-05,21.5837,NA,5.7089,NA,38948.078125,35.2400016784668,3193.93,24.52,39.49,0.07,4.73541,121.57,NA,NA,40.750773993808046,4.477611940298508,5.23,6.24,3193.929931640625
2020-06-06,NA,NA,NA,NA,NA,NA,NA,NA,NA,0.07,4.73541,NA,NA,NA,42.10913312693498,2.238805970149254,NA,NA,NA
2020-06-07,NA,NA,NA,NA,NA,NA,NA,NA,NA,0.07,4.73541,NA,NA,NA,43.46749226006192,1.791044776119403,NA,NA,NA
2020-06-08,21.6552,NA,5.696,NA,39954.01171875,36.27000045776367,3232.39,25.81,38.17,0.07,4.61989,127.42,NA,NA,42.56191950464396,4.925373134328359,5.23,6.24,3232.389892578125
2020-06-09,21.7252,5.15,5.6924,NA,39185.66015625,34.849998474121094,3207.18,27.57,38.98,0.07,4.72243,139.15,NA,NA,41.656346749226,3.582089552238806,5.23,6.17,3207.179931640625
2020-06-10,21.923,NA,5.685,NA,38266.19140625,34.279998779296875,3190.14,27.57,39.54,0.08,4.87492,142.58,NA,NA,40.297987616099064,4.029850746268657,5.14,6.07,3190.139892578125
2020-06-11,22.4252,NA,5.681,NA,36827.359375,31.440000534057617,3002.1,40.79,36.43,0.08,5.22432,173.39,NA,NA,40.750773993808046,2.6865671641791047,5.14,5.99,3002.10009765625
2020-06-12,22.3347,NA,5.6765,NA,37679.23828125,33.04999923706055,3041.31,36.09,36.24,0.08,5.16767,163.63,NA,NA,42.10913312693498,3.1343283582089554,5.12,5.95,3041.31005859375
2020-06-13,NA,NA,NA,NA,NA,NA,NA,NA,NA,0.08,5.16767,NA,NA,NA,37.12848297213622,2.6865671641791047,NA,NA,NA
2020-06-14,NA,NA,NA,NA,NA,NA,NA,NA,NA,0.08,5.16767,NA,NA,NA,38.48684210526316,2.6865671641791047,NA,NA,NA
2020-06-15,22.5435,NA,5.673,NA,37416.73828125,32.75,3066.59,34.4,37.07,0.09,5.2228,160.69,NA,NA,40.750773993808046,3.582089552238806,5.11,5.94,3066.590087890625
2020-06-16,22.2168,4.98,5.671,NA,37894.05078125,32.970001220703125,3124.74,33.67,38.26,0.09,4.93751,146.37,NA,NA,42.56191950464396,2.238805970149254,4.95,5.99,3124.739990234375
2020-06-17,22.2783,NA,5.6655,NA,37897.23828125,32.939998626708984,3113.49,33.47,37.91,0.09,5.02316,150.86,NA,NA,38.93962848297213,3.1343283582089554,4.97,5.96,3113.489990234375
2020-06-18,22.6088,NA,5.661,NA,37632.890625,32.099998474121094,3115.34,32.94,38.79,0.09,5.08047,152.49,NA,NA,36.675696594427244,3.582089552238806,4.95,5.95,3115.340087890625
2020-06-19,22.63,NA,5.656,NA,38404.62890625,33.06999969482422,3097.74,35.12,39.72,0.09,5.06015,150.9,NA,NA,39.39241486068111,2.6865671641791047,4.96,5.87,3097.739990234375
2020-06-20,NA,NA,NA,NA,NA,NA,NA,NA,NA,0.09,5.06015,NA,NA,NA,38.034055727554176,2.6865671641791047,NA,NA,NA
2020-06-21,NA,NA,NA,NA,NA,NA,NA,NA,NA,0.09,5.06015,NA,NA,NA,36.675696594427244,0,NA,NA,NA
2020-06-22,22.4413,NA,5.655,NA,38123.55859375,32.939998626708984,3117.86,31.77,40.6,0.08,5.12557,152.87,NA,NA,40.297987616099064,2.238805970149254,4.94,5.89,3117.860107421875
2020-06-23,22.413,4.85,5.6505,NA,38217.6796875,33.2400016784668,3131.29,31.37,40.4,0.08,5.10319,146.99,NA,NA,37.12848297213622,2.6865671641791047,4.82,5.9,3131.2900390625
2020-06-24,22.6662,NA,5.6452,NA,37908.37890625,32.380001068115234,3050.33,33.84,37.91,0.08,5.23145,156.79,NA,NA,36.22291021671826,3.1343283582089554,4.83,5.97,3050.330078125
2020-06-25,22.7963,NA,5.6101,NA,37734.51953125,32.4900016784668,3083.76,32.22,38.66,0.08,5.23001,156.79,NA,NA,35.317337461300305,3.1343283582089554,4.86,5.93,3083.760009765625
2020-06-26,22.9715,NA,5.2975,NA,37431.94921875,31.559999465942383,3009.05,34.73,38.53,0.08,5.31254,163.62,NA,NA,36.22291021671826,3.1343283582089554,4.85,5.84,3009.050048828125
2020-06-27,NA,NA,NA,NA,NA,NA,NA,NA,NA,0.08,5.31254,NA,NA,NA,34.41176470588235,3.1343283582089554,NA,NA,NA
2020-06-28,NA,NA,NA,NA,NA,NA,NA,NA,NA,0.08,5.31254,NA,NA,NA,31.69504643962848,2.238805970149254,NA,NA,NA
2020-06-29,23.1325,NA,5.2887,NA,37769.19140625,31.940000534057617,3053.24,31.78,39.67,0.08,5.33846,161.67,NA,NA,38.48684210526316,3.1343283582089554,4.87,5.84,3053.239990234375
2020-06-30,23.0893,4.81,5.2843,NA,37716.4296875,31.8799991607666,3100.29,30.43,39.27,0.08,5.26079,154.85,NA,NA,35.317337461300305,1.791044776119403,4.88,5.79,3100.2900390625
2020-07-01,22.8078,NA,5.2665,5.81,37619.76953125,32.189998626708984,3115.86,28.62,39.88,0.08,5.1952,144.09,34,2,36.21261115602263,1.81021897810219,4.8,5.71,3115.860107421875
2020-07-02,22.5225,NA,5.26,NA,37894.078125,32.70000076293945,3130.01,27.68,40.57,0.09,5.12042,136.23,NA,NA,37.064672594987876,2.715328467153285,4.79,5.66,3130.010009765625
2020-07-03,22.4147,NA,5.2562,NA,37950,NA,NA,NA,NA,0.09,5.12042,135.77,NA,NA,37.490703314470494,2.2627737226277373,4.81,5.69,NA
2020-07-04,NA,NA,NA,NA,NA,NA,NA,NA,NA,0.09,5.12042,NA,NA,NA,32.37833468067906,2.2627737226277373,NA,NA,NA
2020-07-05,NA,NA,NA,NA,NA,NA,NA,NA,NA,0.09,5.12042,NA,NA,NA,31.526273241713824,2.2627737226277373,NA,NA,NA
2020-07-06,22.2808,NA,5.255,NA,37884.76171875,33.029998779296875,3179.72,27.94,40.51,0.09,5.00262,134.78,NA,NA,39.19482619240097,1.81021897810219,4.83,5.64,3179.719970703125
2020-07-07,22.6213,4.95,5.2505,NA,37837.390625,32.22999954223633,3145.32,29.43,40.59,0.09,5.07601,139.84,NA,NA,32.37833468067906,3.62043795620438,4.94,5.71,3145.320068359375
2020-07-08,22.8225,NA,5.2457,NA,37483.87890625,32.029998779296875,3169.94,28.08,40.91,0.09,5.06725,143.67,NA,NA,39.620856911883585,3.1678832116788325,4.87,5.74,3169.93994140625
2020-07-09,22.6945,NA,5.243,NA,36795.94921875,31.530000686645508,3152.05,29.26,39.64,0.09,5.21568,149.63,NA,NA,34.93451899757478,2.2627737226277373,4.88,5.72,3152.050048828125
2020-07-10,22.5342,NA,5.2385,NA,36465.4609375,31.559999465942383,3185.04,27.29,40.56,0.09,5.21021,150.97,NA,NA,37.91673403395311,2.2627737226277373,4.86,5.64,3185.0400390625
2020-07-11,NA,NA,NA,NA,NA,NA,NA,NA,NA,0.09,5.21021,NA,NA,NA,28.54405820533549,0,NA,NA,NA
2020-07-12,NA,NA,NA,NA,NA,NA,NA,NA,NA,0.09,5.21021,NA,NA,NA,30.248181083265965,0,NA,NA,NA
2020-07-13,22.4633,NA,5.2372,NA,36389.390625,31.020000457763672,3155.22,32.19,40.06,0.09,5.15154,150.48,NA,NA,37.490703314470494,1.3576642335766425,4.88,5.59,3155.219970703125
2020-07-14,22.6173,4.9,5.235,NA,36190.91015625,31.350000381469727,3197.52,29.52,40.3,0.09,5.27217,152.07,NA,NA,33.2303961196443,1.81021897810219,4.87,5.59,3197.52001953125
2020-07-15,22.3647,NA,5.2305,NA,36590.26171875,32.08000183105469,3226.56,27.76,41.2,0.1,5.1524,151.3,NA,NA,33.2303961196443,3.1678832116788325,4.89,5.62,3226.56005859375
2020-07-16,22.3032,NA,5.2292,NA,36465.671875,31.81999969482422,3215.57,28,40.74,0.1,5.17005,154.12,NA,NA,35.786580436540014,3.1678832116788325,4.87,5.73,3215.570068359375
2020-07-17,22.4897,NA,5.225,NA,36327.83984375,31.459999084472656,3224.73,25.68,40.55,0.09,5.08664,150.56,NA,NA,33.656426839126915,2.715328467153285,4.87,5.78,3224.72998046875
2020-07-18,NA,NA,NA,NA,NA,NA,NA,NA,NA,0.09,5.08664,NA,NA,NA,30.248181083265965,1.3576642335766425,NA,NA,NA
2020-07-19,NA,NA,NA,NA,NA,NA,NA,NA,NA,0.09,5.08664,NA,NA,NA,27.26596604688763,0,NA,NA,NA
2020-07-20,22.6278,NA,5.2225,NA,36323.69140625,31.610000610351563,3251.84,24.46,40.83,0.1,4.97645,141.34,NA,NA,35.786580436540014,1.3576642335766425,4.86,5.8,3251.840087890625
2020-07-21,22.3597,4.8,5.219,NA,36881.671875,32.43000030517578,3257.3,24.84,41.76,0.1,4.89069,131.73,NA,NA,34.50848827809216,1.81021897810219,4.77,5.76,3257.300048828125
2020-07-22,22.251,NA,5.2175,NA,37447.1015625,32.91999816894531,3276.02,24.32,41.88,0.09,4.84768,126.1,NA,NA,29.822150363783347,2.2627737226277373,4.79,5.7,3276.02001953125
2020-07-23,22.3627,NA,5.2075,NA,37433.30078125,32.560001373291016,3235.66,26.08,40.99,0.09,4.99155,136.58,NA,NA,32.37833468067906,2.715328467153285,4.78,5.73,3235.659912109375
2020-07-24,22.3842,NA,5.204,NA,37357.4609375,32.7599983215332,3215.63,25.84,41.23,0.09,5.03392,141.53,NA,NA,35.786580436540014,2.2627737226277373,4.74,5.72,3215.6298828125
2020-07-25,NA,NA,NA,NA,NA,NA,NA,NA,NA,0.09,5.03392,NA,NA,NA,30.248181083265965,2.2627737226277373,NA,NA,NA
2020-07-26,NA,NA,NA,NA,NA,NA,NA,NA,NA,0.09,5.03392,NA,NA,NA,28.970088924818107,1.81021897810219,NA,NA,NA
2020-07-27,22.0275,NA,5.2042,NA,37742.140625,33.58000183105469,3239.41,24.74,41.46,0.1,5.00044,140.58,NA,NA,35.786580436540014,2.2627737226277373,4.76,5.67,3239.409912109375
2020-07-28,21.9615,4.63,5.2,NA,37771.2109375,33.529998779296875,3218.44,25.44,40.89,0.1,5.01797,142.62,NA,NA,31.100242522231202,1.3576642335766425,4.73,5.65,3218.43994140625
2020-07-29,21.9907,NA,5.1975,NA,37720.83984375,33.54999923706055,3258.44,24.1,41.13,0.1,4.91223,139.39,NA,NA,33.656426839126915,1.3576642335766425,4.62,5.66,3258.43994140625
2020-07-30,22.1727,NA,5.195,NA,37136.78125,32.91999816894531,3246.22,24.76,39.85,0.1,4.97492,142.18,NA,NA,34.93451899757478,2.2627737226277373,4.61,5.65,3246.219970703125
2020-07-31,22.2012,NA,5.1925,NA,37019.6796875,32.529998779296875,3271.12,24.46,40.1,0.1,4.93492,142.24,NA,NA,42.60307194826192,2.2627737226277373,4.58,5.69,3271.1201171875
2020-08-01,NA,NA,NA,5.77,NA,NA,NA,NA,NA,0.1,4.93492,NA,30,2,28.00742574257426,1.7318435754189943,NA,NA,NA
2020-08-02,NA,NA,NA,NA,NA,NA,NA,NA,NA,0.1,4.93492,NA,NA,NA,30.30940594059406,0,NA,NA,NA
2020-08-03,22.614,NA,5.1877,NA,37546.71875,32.4900016784668,3294.61,24.28,40.83,0.1,4.91026,140.7,NA,NA,31.076732673267326,2.078212290502793,4.57,5.71,3294.610107421875
2020-08-04,22.7845,4.53,5.184,NA,37466.94921875,32.29999923706055,3306.51,23.76,41.67,0.1,4.94842,143.52,NA,NA,28.00742574257426,2.424581005586592,4.53,5.73,3306.510009765625
2020-08-05,22.4068,NA,5.178,NA,37901.9609375,33.27000045776367,3327.77,22.99,42.25,0.1,4.81886,137.85,NA,NA,29.15841584158416,1.7318435754189943,4.54,5.7,3327.77001953125
2020-08-06,22.3652,NA,5.174,NA,37998.33984375,33.2599983215332,3349.16,22.65,41.93,0.1,4.7446,133.18,NA,NA,36.83168316831683,2.078212290502793,4.52,5.68,3349.159912109375
2020-08-07,22.4892,NA,5.1702,NA,38005,33.279998779296875,3351.28,22.21,41.16,0.1,4.71745,133.64,NA,NA,34.146039603960396,2.770949720670391,4.54,5.71,3351.280029296875
2020-08-08,NA,NA,NA,NA,NA,NA,NA,NA,NA,0.1,4.71745,NA,NA,NA,31.46039603960396,1.3854748603351954,NA,NA,NA
2020-08-09,NA,NA,NA,NA,NA,NA,NA,NA,NA,0.1,4.71745,NA,NA,NA,29.15841584158416,1.7318435754189943,NA,NA,NA
2020-08-10,22.485,NA,5.1687,NA,38289.76171875,33.52000045776367,3360.47,22.13,41.94,0.1,4.64482,130.94,NA,NA,32.995049504950494,1.7318435754189943,4.55,5.745,3360.469970703125
2020-08-11,22.349,4.48,5.1668,NA,38703.58984375,33.81999969482422,3333.69,24.03,41.53,0.1,4.55616,128.76,NA,NA,32.61138613861386,2.770949720670391,4.55,5.76,3333.68994140625
2020-08-12,22.3457,NA,5.1359,NA,38634.1015625,33.90999984741211,3380.35,22.28,42.6,0.1,4.55806,132.1,NA,NA,31.844059405940595,1.7318435754189943,4.49,5.75,3380.35009765625
2020-08-13,22.2628,NA,5.1292,NA,38615.62109375,34.13999938964844,3373.43,22.13,42.26,0.1,4.60647,137.18,NA,NA,32.995049504950494,3.1173184357541897,4.51,5.74,3373.429931640625
2020-08-14,22.0313,NA,4.8036,NA,38949.87890625,34.68000030517578,3372.85,22.05,42.05,0.1,4.66721,136.73,NA,NA,34.52970297029703,2.078212290502793,4.5,5.68,3372.85009765625
2020-08-15,NA,NA,NA,NA,NA,NA,NA,NA,NA,0.1,4.66721,NA,NA,NA,35.68069306930693,2.770949720670391,NA,NA,NA
2020-08-16,NA,NA,NA,NA,NA,NA,NA,NA,NA,0.1,4.66721,NA,NA,NA,37.21534653465346,0,NA,NA,NA
2020-08-17,22.057,NA,4.797,NA,39285.8515625,34.66999816894531,3381.99,21.35,42.89,0.1,4.66824,134.36,NA,NA,31.46039603960396,2.424581005586592,4.51,5.725,3381.989990234375
2020-08-18,22.1535,4.43,4.7935,NA,39087.3515625,34.54999923706055,3389.78,21.51,42.89,0.09,4.70078,129.41,NA,NA,29.925742574257427,2.078212290502793,4.49,5.72,3389.780029296875
2020-08-19,22.0527,NA,4.7895,NA,39021.921875,34.38999938964844,3374.85,22.54,42.91,0.09,4.69579,129.61,NA,NA,29.15841584158416,2.424581005586592,4.45,5.7,3374.85009765625
2020-08-20,22.176,NA,4.7875,NA,38707.23828125,34.279998779296875,3385.51,22.72,42.62,0.09,4.72104,129.46,NA,NA,28.774752475247524,2.424581005586592,4.46,5.725,3385.510009765625
2020-08-21,22.0362,NA,4.7845,NA,38095.87890625,33.970001220703125,3397.16,22.54,42.32,0.09,4.71322,126.67,NA,NA,29.542079207920793,1.7318435754189943,4.49,5.74,3397.159912109375
2020-08-22,NA,NA,NA,NA,NA,NA,NA,NA,NA,0.09,4.71322,NA,NA,NA,30.693069306930695,1.7318435754189943,NA,NA,NA
2020-08-23,NA,NA,NA,NA,NA,NA,NA,NA,NA,0.09,4.71322,NA,NA,NA,24.554455445544555,1.7318435754189943,NA,NA,NA
2020-08-24,21.984,NA,4.7792,NA,38029.62109375,33.90999984741211,3431.28,22.37,42.44,0.09,4.66285,122.73,NA,NA,25.321782178217823,2.770949720670391,4.49,5.79,3431.280029296875
2020-08-25,21.9723,4.5,4.7775,NA,38249.8984375,34.2599983215332,3443.62,22.03,43.17,0.09,4.70714,121.75,NA,NA,28.39108910891089,2.770949720670391,4.45,5.8,3443.6201171875
2020-08-26,21.9202,NA,4.775,NA,37753.0390625,33.75,3478.73,23.27,43.21,0.09,4.68339,121.87,NA,NA,26.08910891089109,2.770949720670391,4.48,5.87,3478.72998046875
2020-08-27,22.1168,NA,4.7725,NA,37647.19140625,33.290000915527344,3484.55,24.47,42.88,0.08,4.64383,123.86,NA,NA,24.17079207920792,2.424581005586592,4.48,5.84,3484.550048828125
2020-08-28,21.8602,NA,4.769,NA,37794.25,34.189998626708984,3508.01,22.96,42.96,0.09,4.58508,119.25,NA,NA,26.472772277227723,1.7318435754189943,4.47,5.81,3508.010009765625
2020-08-29,NA,NA,NA,NA,NA,NA,NA,NA,NA,0.09,4.58508,NA,NA,NA,26.472772277227723,2.078212290502793,NA,NA,NA
2020-08-30,NA,NA,NA,NA,NA,NA,NA,NA,NA,0.09,4.58508,NA,NA,NA,25.321782178217823,1.3854748603351954,NA,NA,NA
2020-08-31,21.888,NA,4.7677,NA,36840.73046875,32.90999984741211,3500.31,26.41,42.61,0.09,4.59192,117.48,NA,NA,27.623762376237625,1.3854748603351954,4.46,5.81,3500.31005859375
2020-09-01,21.7445,4.42,4.764,5.68,37487.98828125,33.70000076293945,3526.65,26.12,42.76,0.09,4.51096,108.88,28,3,25.846153846153847,2.8378378378378377,4.39,5.78,3526.64990234375
2020-09-02,21.8393,NA,4.762,NA,37053.76953125,33.43000030517578,3580.84,26.57,42.76,0.09,4.46823,104.62,NA,NA,26.986425339366516,2.4324324324324325,4.41,5.77,3580.840087890625
2020-09-03,21.6383,NA,4.7585,NA,36429.66015625,32.88999938964844,3455.06,33.6,41.39,0.09,4.60455,112.62,NA,NA,24.705882352941174,2.4324324324324325,4.43,5.75,3455.06005859375
2020-09-04,21.6115,NA,4.7602,NA,36448.5,33.18000030517578,3426.96,30.75,39.69,0.09,4.59196,115.94,NA,NA,26.986425339366516,2.8378378378378377,4.43,5.76,3426.9599609375
2020-09-05,NA,NA,NA,NA,NA,NA,NA,NA,NA,0.09,4.59196,NA,NA,NA,25.085972850678733,2.4324324324324325,NA,NA,NA
2020-09-06,NA,NA,NA,NA,NA,NA,NA,NA,NA,0.09,4.59196,NA,NA,NA,24.705882352941174,2.0270270270270268,NA,NA,NA
2020-09-07,21.5887,NA,4.7576,NA,36637.44921875,NA,NA,NA,NA,0.09,4.59196,115.94,NA,NA,25.085972850678733,2.4324324324324325,4.44,5.76,NA
2020-09-08,21.7138,4.41,4.753,NA,36071.4296875,32.470001220703125,3331.84,31.46,36.87,0.09,4.71809,121.77,NA,NA,30.02714932126697,3.243243243243243,4.37,5.75,3331.840087890625
2020-09-09,21.5377,NA,4.7522,NA,36157.9609375,33.220001220703125,3398.96,28.81,38.05,0.09,4.65601,117.86,NA,NA,28.886877828054295,3.6486486486486482,4.4,5.73,3398.9599609375
2020-09-10,21.2773,NA,4.7512,NA,36180.73828125,32.939998626708984,3339.19,29.71,37.25,0.09,4.65495,117.98,NA,NA,28.50678733031674,4.0540540540540535,4.41,5.72,3339.18994140625
2020-09-11,21.321,NA,4.7507,NA,36334.890625,33.560001373291016,3340.97,26.87,37.33,0.09,4.71191,119.75,NA,NA,26.226244343891402,3.6486486486486482,4.41,5.69,3340.969970703125
2020-09-12,NA,NA,NA,NA,NA,NA,NA,NA,NA,0.09,4.71191,NA,NA,NA,26.606334841628957,2.0270270270270268,NA,NA,NA
2020-09-13,NA,NA,NA,NA,NA,NA,NA,NA,NA,0.09,4.71191,NA,NA,NA,25.466063348416288,1.6216216216216215,NA,NA,NA
2020-09-14,21.0728,4.45,4.746,NA,36881.98828125,34.41999816894531,3383.54,25.85,37.23,0.09,4.70527,118.83,NA,NA,26.986425339366516,3.6486486486486482,4.41,5.64,3383.5400390625
2020-09-15,21.0692,NA,4.7422,NA,36729.1484375,34.119998931884766,3401.2,25.59,38.29,0.09,4.6477,115.97,NA,NA,28.126696832579185,3.243243243243243,4.37,5.62,3401.199951171875
2020-09-16,NA,NA,NA,NA,NA,34.33000183105469,3385.49,26.04,40.17,0.09,4.66766,116.01,NA,NA,37.6289592760181,1.6216216216216215,NA,NA,3385.489990234375
2020-09-17,20.985,NA,4.7415,NA,36130.921875,33.93000030517578,3357.01,26.46,40.99,0.09,4.72637,117.61,NA,NA,38.009049773755656,2.8378378378378377,4.41,5.61,3357.010009765625
2020-09-18,20.9697,NA,4.7367,NA,36017.3515625,33.349998474121094,3319.47,25.83,41.09,0.09,4.76639,121.6,NA,NA,31.547511312217193,2.8378378378378377,4.37,5.62,3319.469970703125
2020-09-19,NA,NA,NA,NA,NA,NA,NA,NA,NA,0.09,4.76639,NA,NA,NA,29.266968325791854,3.6486486486486482,NA,NA,NA
2020-09-20,NA,NA,NA,NA,NA,NA,NA,NA,NA,0.09,4.76639,NA,NA,NA,27.36651583710407,0,NA,NA,NA
2020-09-21,21.505,NA,4.7335,NA,35517.76953125,32.689998626708984,3281.06,27.78,39.26,0.09,4.99198,145.76,NA,NA,28.126696832579185,2.4324324324324325,4.36,5.69,3281.06005859375
2020-09-22,21.5682,4.25,4.7325,NA,35853.578125,32.310001373291016,3315.57,26.86,39.55,0.09,5.05111,149.24,NA,NA,26.606334841628957,3.6486486486486482,4.22,5.66,3315.570068359375
2020-09-23,22.0897,NA,4.729,NA,35829.578125,31.260000228881836,3236.92,28.58,39.92,0.09,5.22605,161.06,NA,NA,24.705882352941174,4.0540540540540535,4.25,5.69,3236.919921875
2020-09-24,22.3678,NA,4.7275,NA,36217.48828125,32.16999816894531,3246.59,28.51,40.11,0.09,5.21668,161.74,NA,NA,26.606334841628957,3.6486486486486482,4.29,5.64,3246.590087890625
2020-09-25,22.4402,NA,4.5605,NA,36583.7109375,32.220001220703125,3298.46,26.38,40.06,0.09,5.12118,159.88,NA,NA,28.50678733031674,4.864864864864865,4.24,5.66,3298.4599609375
2020-09-26,NA,NA,NA,NA,NA,NA,NA,NA,NA,0.09,5.12118,NA,NA,NA,29.266968325791854,3.243243243243243,NA,NA,NA
2020-09-27,NA,NA,NA,NA,NA,NA,NA,NA,NA,0.09,5.12118,NA,NA,NA,26.986425339366516,2.4324324324324325,NA,NA,NA
2020-09-28,22.4573,NA,4.55,NA,37231.5,32.650001525878906,3351.6,26.19,40.47,0.09,5.04134,154.36,NA,NA,30.02714932126697,4.459459459459459,4.24,5.7,3351.60009765625
2020-09-29,22.3598,4.18,4.5495,NA,37134.921875,32.59000015258789,3335.47,26.27,39.03,0.09,5.13228,155.08,NA,NA,28.886877828054295,3.6486486486486482,4.15,5.8,3335.469970703125
2020-09-30,22.1438,NA,4.5485,NA,37458.69140625,33.36000061035156,3363,26.37,40.05,0.09,5.0055,149.52,NA,NA,26.226244343891402,4.0540540540540535,4.18,5.81,3363
2020-10-01,21.9562,NA,4.5487,NA,36626.109375,33.099998474121094,3380.8,26.7,38.51,0.09,5.03894,143.35,27,3,25.170107719928186,3.195876288659794,4.25,5.81,3380.800048828125
2020-10-02,21.7025,NA,4.5445,NA,36642.37890625,33.2599983215332,3348.44,27.63,36.9,0.09,5.05902,144.73,NA,NA,32.30789946140035,2.5567010309278353,4.26,5.84,3348.419921875
2020-10-03,NA,NA,NA,NA,NA,NA,NA,NA,NA,0.09,5.05902,NA,NA,NA,30.805206463195688,2.5567010309278353,NA,NA,NA
2020-10-04,NA,NA,NA,NA,NA,NA,NA,NA,NA,0.09,5.05902,NA,NA,NA,28.17549371633752,1.597938144329897,NA,NA,NA
2020-10-05,21.396,NA,4.5425,NA,36740.328125,33.97999954223633,3408.63,27.96,39.12,0.09,4.92227,137.25,NA,NA,26.297127468581685,2.876288659793815,4.27,5.84,3408.60009765625
2020-10-06,21.4507,4.26,4.543,NA,36947.87109375,33.58000183105469,3360.95,29.48,40.52,0.09,4.86953,132.53,NA,NA,26.67280071813285,3.835051546391753,4.23,5.84,3360.969970703125
2020-10-07,21.493,NA,4.5425,NA,37418.7890625,34.29999923706055,3419.45,28.06,39.82,0.09,4.82107,126.54,NA,NA,22.540394973070015,3.835051546391753,4.22,5.83,3419.43994140625
2020-10-08,21.4318,NA,4.5425,NA,38404.05078125,35.349998474121094,3446.83,26.36,41.04,0.09,4.72215,124.1,NA,NA,22.16472172351885,4.154639175257732,4.21,5.81,3446.830078125
2020-10-09,21.1822,NA,4.539,NA,38478.578125,35.81999969482422,3477.13,25,40.44,0.09,4.6781,117.25,NA,NA,25.92145421903052,3.5154639175257736,4.25,5.71,3477.139892578125
2020-10-10,NA,NA,NA,NA,NA,NA,NA,NA,NA,0.09,4.6781,NA,NA,NA,27.799820466786354,1.597938144329897,NA,NA,NA
2020-10-11,NA,NA,NA,NA,NA,NA,NA,NA,NA,0.09,4.6781,NA,NA,NA,28.551166965888687,1.9175257731958766,NA,NA,NA
2020-10-12,21.2183,NA,4.5345,NA,38342.08984375,35.560001373291016,3534.22,25.07,39.22,0.09,4.6781,117.25,NA,NA,25.92145421903052,2.5567010309278353,4.23,5.72,3534.219970703125
2020-10-13,21.3677,4.22,4.537,NA,38131.78125,35.09000015258789,3511.93,26.07,40.03,0.09,4.6936,119.2,NA,NA,27.424147217235188,3.5154639175257736,4.19,5.75,3511.929931640625
2020-10-14,21.2998,NA,4.5357,NA,38025.71875,35.09000015258789,3488.67,26.4,40.86,0.09,4.73155,121.55,NA,NA,25.92145421903052,3.835051546391753,4.19,5.75,3488.669921875
2020-10-15,21.3832,NA,4.531,NA,38059.23046875,35.16999816894531,3483.34,26.97,40.84,0.09,4.74331,122.27,NA,NA,25.92145421903052,3.195876288659794,4.19,5.78,3483.340087890625
2020-10-16,21.1765,NA,4.5306,NA,37876.48828125,35.2599983215332,3483.81,27.41,40.7,0.09,4.71721,119.02,NA,NA,25.545780969479353,2.5567010309278353,4.2,5.81,3483.81005859375
2020-10-17,NA,NA,NA,NA,NA,NA,NA,NA,NA,0.09,4.71721,NA,NA,NA,25.170107719928186,3.195876288659794,NA,NA,NA
2020-10-18,NA,NA,NA,NA,NA,NA,NA,NA,NA,0.09,4.71721,NA,NA,NA,26.67280071813285,1.9175257731958766,NA,NA,NA
2020-10-19,21.1342,NA,4.5255,NA,37685.73828125,34.810001373291016,3426.92,29.18,40.69,0.09,4.75872,120.23,NA,NA,26.67280071813285,2.876288659793815,4.22,5.83,3426.919921875
2020-10-20,21.0902,4.14,4.525,NA,38201.80859375,35.650001525878906,3443.12,29.35,41.37,0.09,4.77136,119.91,NA,NA,25.545780969479353,3.195876288659794,4.11,5.8,3443.1201171875
2020-10-21,21.064,NA,4.525,NA,38669.25,35.9900016784668,3435.56,28.65,39.88,0.09,4.83272,120.4,NA,NA,24.794434470377016,3.195876288659794,4.14,5.83,3435.56005859375
2020-10-22,21.03,NA,4.5207,NA,38652.19140625,36.209999084472656,3453.49,28.11,40.46,0.09,4.75348,120.35,NA,NA,25.92145421903052,3.5154639175257736,4.18,5.88,3453.489990234375
2020-10-23,20.9205,NA,4.5222,NA,38707.71875,36.47999954223633,3465.39,27.55,39.73,0.09,4.74794,120.69,NA,NA,28.17549371633752,2.876288659793815,4.21,5.86,3465.389892578125
2020-10-24,NA,NA,NA,NA,NA,NA,NA,NA,NA,0.09,4.74794,NA,NA,NA,32.68357271095152,2.5567010309278353,NA,NA,NA
2020-10-25,NA,NA,NA,NA,NA,NA,NA,NA,NA,0.09,4.74794,NA,NA,NA,28.926840215439853,1.9175257731958766,NA,NA,NA
2020-10-26,20.9818,NA,4.5225,NA,38245.859375,35.790000915527344,3400.97,32.46,38.39,0.09,4.73462,123.54,NA,NA,30.053859964093355,3.195876288659794,4.23,5.88,3400.969970703125
2020-10-27,20.8798,4.22,4.5215,NA,38001.30859375,35.439998626708984,3390.68,33.35,39.34,0.09,4.67442,120.59,NA,NA,27.048473967684018,3.195876288659794,4.19,5.84,3390.679931640625
2020-10-28,21.1648,NA,4.5162,NA,37393.7109375,34.29999923706055,3271.03,40.28,37.27,0.09,4.75007,126.36,NA,NA,27.424147217235188,4.154639175257732,4.21,5.87,3271.030029296875
2020-10-29,21.377,NA,4.5155,NA,36801.37109375,33.720001220703125,3310.11,37.59,35.94,0.09,4.76785,126.04,NA,NA,27.048473967684018,2.876288659793815,4.24,5.94,3310.110107421875
2020-10-30,21.2508,NA,4.5125,NA,36987.859375,34.15999984741211,3269.96,38.02,35.64,0.09,4.77065,126.77,NA,NA,27.799820466786354,3.835051546391753,4.26,6.01,3269.9599609375
2020-10-31,NA,NA,NA,NA,NA,NA,NA,NA,NA,0.09,4.77065,NA,NA,NA,25.92145421903052,3.195876288659794,NA,NA,NA
2020-11-01,NA,NA,NA,6.07,NA,NA,NA,NA,NA,0.09,4.77065,NA,33,3,31.199435559736596,3.058252427184466,NA,NA,NA
2020-11-02,NA,NA,NA,NA,NA,34.09000015258789,3310.24,37.13,36.6,0.09,4.78188,128.28,NA,NA,35.85606773283161,2.621359223300971,NA,NA,3310.239990234375
2020-11-03,21.1555,4.25,4.516,NA,37466.08984375,34.599998474121094,3369.16,35.55,37.44,0.09,4.69717,123.15,NA,NA,35.85606773283161,4.368932038834952,4.23,6.07,3369.159912109375
2020-11-04,21.0345,NA,4.511,NA,37475.76171875,34.939998626708984,3443.44,29.57,38.97,0.09,4.58344,117.1,NA,NA,35.39040451552211,3.058252427184466,4.23,5.89,3443.43994140625
2020-11-05,20.7612,NA,4.506,NA,38399.0703125,36.459999084472656,3510.45,27.58,38.56,0.09,4.52087,106.75,NA,NA,28.87111947318909,3.4951456310679614,4.22,5.76,3510.449951171875
2020-11-06,20.62,NA,4.503,NA,38530.5,36.7599983215332,3509.44,24.86,36.97,0.09,4.45502,103.27,NA,NA,31.199435559736596,3.4951456310679614,4.22,5.71,3509.43994140625
2020-11-07,NA,NA,NA,NA,NA,NA,NA,NA,NA,0.09,4.45502,NA,NA,NA,36.32173095014111,1.7475728155339807,NA,NA,NA
2020-11-08,NA,NA,NA,NA,NA,NA,NA,NA,NA,0.09,4.45502,NA,NA,NA,33.5277516462841,1.3106796116504855,NA,NA,NA
2020-11-09,20.36,NA,4.5,NA,39652.51953125,38.189998626708984,3550.5,25.75,40.05,0.09,4.17208,88.6,NA,NA,35.39040451552211,4.368932038834952,4.22,5.72,3550.5
2020-11-10,20.4018,4.14,4.5007,NA,40404.578125,38.88999938964844,3545.53,24.8,41.18,0.09,4.16337,88.19,NA,NA,31.199435559736596,3.932038834951457,4.19,5.735,3545.530029296875
2020-11-11,20.5772,NA,4.4987,NA,40858.94921875,39.08000183105469,3572.66,23.45,41.23,0.09,4.16337,NA,NA,NA,30.733772342427095,3.4951456310679614,4.13,5.72,3572.659912109375
2020-11-12,20.5303,NA,4.493,NA,40335.94921875,38.189998626708984,3537.01,25.35,40.9,0.09,4.24404,96.24,NA,NA,28.40545625587959,3.058252427184466,NA,5.665,3537.010009765625
2020-11-13,20.4833,NA,4.505,NA,40791.80859375,39.16999816894531,3585.15,23.1,39.93,0.09,4.28726,98.14,NA,NA,33.5277516462841,2.621359223300971,4.2,5.765,3585.14990234375
2020-11-14,NA,NA,NA,NA,NA,NA,NA,NA,NA,0.09,4.28726,NA,NA,NA,29.33678269049859,2.184466019417476,NA,NA,NA
2020-11-15,NA,NA,NA,NA,NA,NA,NA,NA,NA,0.09,4.28726,NA,NA,NA,28.87111947318909,1.3106796116504855,NA,NA,NA
2020-11-16,NA,NA,NA,NA,NA,40.5099983215332,3626.91,22.45,41.14,0.09,4.22236,95.28,NA,NA,36.32173095014111,2.621359223300971,NA,NA,3626.909912109375
2020-11-17,20.3212,4.24,4.5025,NA,41948.7890625,40.72999954223633,3609.53,22.71,41.24,0.09,4.32114,95.73,NA,NA,30.733772342427095,3.058252427184466,4.22,5.82,3609.530029296875
2020-11-18,20.2388,NA,4.4985,NA,42252.609375,40.84000015258789,3567.79,23.84,41.64,0.09,4.28177,93.65,NA,NA,28.40545625587959,3.058252427184466,4.13,5.73,3567.7900390625
2020-11-19,20.1858,NA,4.4952,NA,41868.8203125,40.720001220703125,3581.87,23.11,41.57,0.08,4.30135,94.84,NA,NA,28.40545625587959,3.058252427184466,4.14,5.66,3581.8701171875
2020-11-20,20.1172,NA,4.4925,NA,41905.05859375,40.939998626708984,3557.54,23.7,41.99,0.08,4.2884,94.33,NA,NA,30.733772342427095,3.932038834951457,4.18,5.58,3557.5400390625
2020-11-21,NA,NA,NA,NA,NA,NA,NA,NA,NA,0.08,4.2884,NA,NA,NA,33.99341486359361,2.621359223300971,NA,NA,NA
2020-11-22,NA,NA,NA,NA,NA,NA,NA,NA,NA,0.08,4.2884,NA,NA,NA,32.5964252116651,1.7475728155339807,NA,NA,NA
2020-11-23,20.1012,NA,4.4925,NA,42267.19921875,41.060001373291016,3577.59,22.66,42.91,0.08,4.27124,93.59,NA,NA,43.772342427093136,2.621359223300971,4.17,5.58,3577.590087890625
2020-11-24,20.0577,4.28,4.49,NA,42736.48046875,41.849998474121094,3635.41,21.64,44.71,0.08,4.19732,89.24,NA,NA,38.18438381937912,3.4951456310679614,4.2,5.56,3635.409912109375
2020-11-25,20.0465,NA,4.4875,NA,42200.58984375,41.560001373291016,3629.65,21.25,45.58,0.08,4.19634,89.07,NA,NA,32.5964252116651,3.932038834951457,4.19,5.55,3629.64990234375
2020-11-26,20.0467,NA,4.4835,NA,42412.46875,NA,NA,NA,NA,0.08,4.19634,89.07,NA,NA,35.85606773283161,3.058252427184466,4.19,5.57,NA
2020-11-27,20.0777,NA,4.4855,NA,41674.30078125,41.400001525878906,3638.35,20.84,NA,0.08,4.21356,87.14,NA,NA,31.199435559736596,3.058252427184466,4.21,5.56,3638.35009765625
2020-11-28,NA,NA,NA,NA,NA,NA,NA,NA,NA,0.08,4.21356,NA,NA,NA,35.85606773283161,3.4951456310679614,NA,NA,NA
2020-11-29,NA,NA,NA,NA,NA,NA,NA,NA,NA,0.08,4.21356,NA,NA,NA,31.665098777046097,2.184466019417476,NA,NA,NA
2020-11-30,20.1398,NA,4.4872,NA,41778.87109375,40.56999969482422,3621.63,20.57,45.2,0.09,4.26248,88.45,NA,NA,33.99341486359361,3.932038834951457,4.23,5.51,3621.6298828125
2020-12-01,20.0508,4.35,4.4885,5.67,42895.62890625,42.04999923706055,3662.45,20.77,44.54,0.09,4.1433,84.2,37,3,32.309859154929576,3.7199999999999998,4.31,5.5,3662.449951171875
2020-12-02,20.0497,NA,4.4889,NA,43674.828125,42.619998931884766,3669.01,21.17,45.23,0.09,4.13241,85.23,NA,NA,33.778489116517285,4.251428571428571,4.25,5.48,3669.010009765625
2020-12-03,19.9083,NA,4.4845,NA,43934.2109375,43,3666.72,21.28,45.65,0.09,4.08498,84.31,NA,NA,33.778489116517285,3.188571428571428,4.24,5.44,3666.719970703125
2020-12-04,19.7838,NA,4.4825,NA,43646.03125,43.099998474121094,3699.12,20.79,46.23,0.09,4.02728,84.15,NA,NA,36.7157490396927,4.782857142857142,4.21,5.4,3699.1201171875
2020-12-05,NA,NA,NA,NA,NA,NA,NA,NA,NA,0.09,4.02728,NA,NA,NA,38.18437900128041,2.6571428571428566,NA,NA,NA
2020-12-06,NA,NA,NA,NA,NA,NA,NA,NA,NA,0.09,4.02728,NA,NA,NA,32.79940247545881,3.188571428571428,NA,NA,NA
2020-12-07,19.8213,NA,4.4825,NA,43255.25,42.529998779296875,3691.96,21.3,45.72,0.09,4.08034,87.36,NA,NA,37.694835680751176,4.251428571428571,4.17,5.35,3691.9599609375
2020-12-08,19.7537,4.26,4.4819,NA,43098.640625,42.7400016784668,3702.25,20.68,45.64,0.09,4.11918,87.45,NA,NA,34.26803243704652,4.251428571428571,4.21,5.34,3702.25
2020-12-09,19.8368,NA,4.4775,NA,42736.9609375,42.060001373291016,3672.82,22.27,45.48,0.09,4.11444,88.97,NA,NA,35.247119078104994,4.251428571428571,4.19,5.3,3672.820068359375
2020-12-10,19.9572,NA,4.4782,NA,43518.7109375,42.63999938964844,3668.1,22.52,46.76,0.09,4.04867,90.01,NA,NA,33.778489116517285,4.251428571428571,4.15,5.39,3668.10009765625
2020-12-11,20.1075,NA,4.4775,NA,43612.30859375,42.29999923706055,3663.46,23.31,46.59,0.09,4.00454,92.33,NA,NA,35.247119078104994,5.845714285714285,4.15,5.41,3663.4599609375
2020-12-12,NA,NA,NA,NA,NA,NA,NA,NA,NA,0.09,4.00454,NA,NA,NA,37.694835680751176,2.1257142857142854,NA,NA,NA
2020-12-13,NA,NA,NA,NA,NA,NA,NA,NA,NA,0.09,4.00454,NA,NA,NA,34.75757575757576,0,NA,NA,NA
2020-12-14,20.1778,NA,4.4745,NA,43569.83984375,41.84000015258789,3647.49,24.72,47.02,0.09,3.96919,91.42,NA,NA,35.247119078104994,3.188571428571428,4.17,5.4,3647.489990234375
2020-12-15,20.1113,4.23,4.471,NA,43543.3515625,42.41999816894531,3694.62,22.89,47.58,0.09,3.90248,90.62,NA,NA,36.22620571916347,4.782857142857142,4.16,5.37,3694.6201171875
2020-12-16,19.9513,NA,4.5,NA,43790.421875,42.75,3701.17,22.5,47.86,0.09,3.86132,86.65,NA,NA,37.694835680751176,3.7199999999999998,4.15,5.35,3701.169921875
2020-12-17,19.8173,NA,4.4965,NA,44326.05078125,43.4900016784668,3722.48,21.93,48.34,0.09,3.81331,85.21,NA,NA,35.73666239863423,5.845714285714285,4.15,5.31,3722.47998046875
2020-12-18,19.9487,NA,4.494,NA,43873.80859375,42.59000015258789,3709.41,21.57,49.04,0.09,3.81889,85.77,NA,NA,35.73666239863423,3.7199999999999998,4.17,5.22,3709.409912109375
2020-12-19,NA,NA,NA,NA,NA,NA,NA,NA,NA,0.09,3.81889,NA,NA,NA,38.18437900128041,3.188571428571428,NA,NA,NA
2020-12-20,NA,NA,NA,NA,NA,NA,NA,NA,NA,0.09,3.81889,NA,NA,NA,34.26803243704652,0,NA,NA,NA
2020-12-21,20.0905,NA,4.495,NA,43246.23828125,41.880001068115234,3694.92,25.16,47.79,0.09,3.8947,88.05,NA,NA,41.611182244985066,3.188571428571428,4.17,5.2,3694.919921875
2020-12-22,20.0562,4.27,4.4922,NA,42601.7109375,40.97999954223633,3687.26,24.23,47.02,0.09,3.88658,86.4,NA,NA,42.1007255655143,2.1257142857142854,4.16,5.21,3687.260009765625
2020-12-23,20.1175,NA,4.4882,NA,43597.30078125,42.209999084472656,3690.01,23.31,47.94,0.09,3.81361,84.56,NA,NA,39.163465642338885,2.1257142857142854,4.16,5.225,3690.010009765625
2020-12-24,19.8517,NA,4.4878,NA,43372.19921875,42.380001068115234,3703.06,21.53,48.18,0.09,3.80796,83.38,NA,NA,41.611182244985066,1.594285714285714,4.17,5.19,3703.06005859375
2020-12-25,NA,NA,NA,NA,NA,NA,NA,NA,NA,0.09,3.80796,83.38,NA,NA,34.75757575757576,0,4.17,NA,NA
2020-12-26,NA,NA,NA,NA,NA,NA,NA,NA,NA,0.09,3.80796,NA,NA,NA,39.163465642338885,2.1257142857142854,NA,NA,NA
2020-12-27,NA,NA,NA,NA,NA,NA,NA,NA,NA,0.09,3.80796,NA,NA,NA,36.7157490396927,0,NA,NA,NA
2020-12-28,20.0477,NA,4.4875,NA,43883.41015625,42.52000045776367,3735.36,21.7,47.5,0.09,3.77848,82.6,NA,NA,42.59026888604354,2.6571428571428566,4.17,5.2,3735.360107421875
2020-12-29,19.9487,4.24,4.485,NA,44693.98828125,43.59000015258789,3727.04,23.08,47.85,0.09,3.74541,81.9,NA,NA,42.59026888604354,2.6571428571428566,4.18,5.23,3727.0400390625
2020-12-30,19.9352,NA,4.4842,NA,44693.9609375,43.5099983215332,3732.04,22.77,48.24,0.09,3.72916,82.01,NA,NA,43.56935552710201,2.6571428571428566,4.14,5.25,3732.0400390625
2020-12-31,19.9087,NA,4.4805,NA,44066.87890625,42.9900016784668,3756.07,22.75,48.35,0.09,3.60649,82.08,NA,NA,33.778489116517285,2.6571428571428566,4.15,5.25,3756.070068359375
2021-01-01,NA,NA,NA,5.61,NA,NA,NA,NA,NA,0.09,3.60649,82.08,38,4,37.11025968497232,2.8181818181818183,4.15,NA,NA
2021-01-02,NA,NA,NA,NA,NA,NA,NA,NA,NA,0.09,3.60649,NA,NA,NA,44.13111962537249,4.696969696969697,NA,NA,NA
2021-01-03,NA,NA,NA,NA,NA,NA,NA,NA,NA,0.09,3.60649,NA,NA,NA,41.12217965091528,2.8181818181818183,NA,NA,NA
2021-01-04,19.8457,NA,4.481,NA,44703,43.33000183105469,3700.65,26.97,47.47,0.09,3.63944,83.57,NA,NA,45.6355896126011,7.045454545454546,4.19,5.23,3700.64990234375
2021-01-05,19.9437,4.28,4.4812,NA,44908.12109375,43.56999969482422,3726.86,25.34,49.78,0.09,3.67513,84.72,NA,NA,40.620689655172406,6.106060606060606,4.18,5.2,3726.860107421875
2021-01-06,19.725,NA,4.4776,NA,45587.16015625,44.91999816894531,3748.14,25.07,50.45,0.09,3.65178,83.23,NA,NA,41.62366964665814,5.636363636363637,4.19,5.23,3748.139892578125
2021-01-07,19.91,NA,4.4775,NA,46188.66015625,44.560001373291016,3803.79,22.37,50.63,0.09,3.62055,82.55,NA,NA,50.148999574286925,5.636363636363637,4.18,5.29,3803.7900390625
2021-01-08,19.9705,NA,4.4775,NA,46729.30078125,45.09000015258789,3824.68,21.56,52.14,0.09,3.57217,82.67,NA,NA,49.14601958280119,5.636363636363637,4.16,5.29,3824.679931640625
2021-01-09,NA,NA,NA,NA,NA,NA,NA,NA,NA,0.09,3.57217,NA,NA,NA,40.11919965942954,2.3484848484848486,NA,NA,NA
2021-01-10,NA,NA,NA,NA,NA,NA,NA,NA,NA,0.09,3.57217,NA,NA,NA,37.61174968071519,2.8181818181818183,NA,NA,NA
2021-01-11,20.113,NA,4.475,NA,46395.3203125,44.529998779296875,3799.61,24.08,52.15,0.09,3.65255,85.81,NA,NA,37.61174968071519,4.2272727272727275,4.15,5.33,3799.610107421875
2021-01-12,19.9373,4.19,4.4716,NA,45951.76953125,44.599998474121094,3801.19,23.33,53.08,0.09,3.7441,87.92,NA,NA,37.11025968497232,4.696969696969697,4.15,5.35,3801.18994140625
2021-01-13,19.7935,NA,4.47,NA,45740.1484375,44.119998931884766,3809.84,22.21,52.81,0.09,3.75157,87.12,NA,NA,35.104299702000844,4.2272727272727275,4.09,5.32,3809.840087890625
2021-01-14,19.7793,NA,4.4677,NA,46070.91015625,44.83000183105469,3795.54,23.25,53.47,0.09,3.7223,87.99,NA,NA,31.593869731800762,5.166666666666667,4.09,5.33,3795.5400390625
2021-01-15,19.7875,NA,4.4675,NA,45892.28125,44.47999954223633,3768.25,24.34,52.25,0.09,3.80432,93.06,NA,NA,33.09833971902937,5.636363636363637,4.15,5.245,3768.25
2021-01-16,NA,NA,NA,NA,NA,NA,NA,NA,NA,0.09,3.80432,NA,NA,NA,36.608769689229455,3.287878787878788,NA,NA,NA
2021-01-17,NA,NA,NA,NA,NA,NA,NA,NA,NA,0.09,3.80432,NA,NA,NA,32.5968497232865,1.878787878787879,NA,NA,NA
2021-01-18,19.757,NA,4.4655,NA,46458.01953125,NA,NA,NA,NA,0.09,3.80432,93.06,NA,NA,31.092379736057893,4.696969696969697,4.16,5.225,NA
2021-01-19,19.6788,4.19,4.4667,NA,45495.41015625,44.15999984741211,3798.91,23.24,52.87,0.09,3.80418,91.91,NA,NA,35.104299702000844,3.287878787878788,4.13,5.225,3798.909912109375
2021-01-20,19.5793,NA,4.4637,NA,45125.7109375,44.15999984741211,3851.85,21.58,53.16,0.09,3.78412,91.02,NA,NA,37.11025968497232,4.2272727272727275,4.14,5.205,3851.85009765625
2021-01-21,19.7393,NA,4.4615,NA,44810.2109375,43.599998474121094,3853.07,21.32,53,0.08,3.73615,91.27,NA,NA,37.11025968497232,3.287878787878788,4.17,5.24,3853.070068359375
2021-01-22,19.9833,NA,4.4615,NA,44683.55078125,42.959999084472656,3841.47,21.91,52.28,0.08,3.76495,93.94,NA,NA,37.11025968497232,4.2272727272727275,4.2,5.24,3841.469970703125
2021-01-23,NA,NA,NA,NA,NA,NA,NA,NA,NA,0.08,3.76495,NA,NA,NA,36.608769689229455,3.287878787878788,NA,NA,NA
2021-01-24,NA,NA,NA,NA,NA,NA,NA,NA,NA,0.08,3.76495,NA,NA,NA,36.10727969348658,1.878787878787879,NA,NA,NA
2021-01-25,20.1598,NA,4.4592,NA,45126.51171875,43.130001068115234,3855.36,23.19,52.78,0.08,3.81021,95.69,NA,NA,36.10727969348658,3.287878787878788,4.2,5.27,3855.360107421875
2021-01-26,20.0152,4.22,4.4565,NA,45053.55859375,43.189998626708984,3849.62,23.02,52.61,0.08,3.81808,93.71,NA,NA,33.59982971477224,4.2272727272727275,4.21,5.22,3849.6201171875
2021-01-27,20.2168,NA,4.4542,NA,44262.01171875,41.72999954223633,3750.77,37.21,52.81,0.08,3.89258,95.82,NA,NA,34.10131971051511,4.2272727272727275,4.22,5.19,3750.77001953125
2021-01-28,20.2697,NA,4.452,NA,44280.73046875,41.970001220703125,3787.38,30.21,52.26,0.07,3.83155,93.69,NA,NA,35.60578969774372,3.287878787878788,4.15,5.19,3787.3798828125
2021-01-29,20.2248,NA,4.45,NA,42985.73046875,40.189998626708984,3714.24,33.09,52.16,0.07,3.77637,95.24,NA,NA,40.11919965942954,3.287878787878788,4.13,5.22,3714.239990234375
2021-01-30,NA,NA,NA,NA,NA,NA,NA,NA,NA,0.07,3.77637,NA,NA,NA,38.61472967220093,3.287878787878788,NA,NA,NA
2021-01-31,NA,NA,NA,NA,NA,NA,NA,NA,NA,0.07,3.77637,NA,NA,NA,38.61472967220093,2.8181818181818183,NA,NA,NA
2021-02-01,NA,NA,NA,NA,NA,41.77000045776367,3773.86,30.24,53.55,0.08,3.7761,94.23,31,4,29.332147621164964,1.6779026217228463,4.13,NA,3773.860107421875
2021-02-02,20.1722,4.24,4.4504,NA,43848.921875,41.61000061035156,3826.31,25.56,54.77,0.08,3.72721,90.51,NA,NA,31.64784348599378,5.453183520599251,4.13,5.17,3826.31005859375
2021-02-03,20.1953,NA,4.4477,NA,43957.0703125,41.45000076293945,3830.17,22.91,55.67,0.08,3.7093,87.18,NA,NA,31.64784348599378,6.2921348314606735,4.14,5.18,3830.169921875
2021-02-04,20.4435,NA,4.4465,NA,44167.578125,41.5099983215332,3871.74,21.77,56.19,0.08,3.61964,84.63,NA,NA,30.48999555357937,4.194756554307116,4.14,5.19,3871.739990234375
2021-02-05,20.1388,NA,4.4437,NA,44145.69921875,42.099998474121094,3886.83,20.87,56.8,0.08,3.54187,82.14,NA,NA,35.121387283237,3.7752808988764044,4.13,5.17,3886.830078125
2021-02-06,NA,NA,NA,NA,NA,NA,NA,NA,NA,0.08,3.54187,NA,NA,NA,35.507336594041796,3.3558052434456926,NA,NA,NA
2021-02-07,NA,NA,NA,NA,NA,NA,NA,NA,NA,0.08,3.54187,NA,NA,NA,30.875944864384174,2.5168539325842696,NA,NA,NA
2021-02-08,20.1227,NA,4.4425,NA,44197.51171875,42.150001525878906,3915.59,21.24,57.95,0.07,3.5651,81.39,NA,NA,32.41974210760338,2.936329588014981,4.14,5.28,3915.590087890625
2021-02-09,20.0913,4.19,4.442,NA,45020.9609375,42.91999816894531,3911.23,21.63,58.34,0.08,3.56253,84.79,NA,NA,28.946198310360163,5.872659176029962,4.14,5.27,3911.22998046875
2021-02-10,20.0588,NA,4.4415,NA,44718.23046875,42.70000076293945,3909.88,21.99,58.69,0.08,3.55613,83.74,NA,NA,29.718096931969765,5.453183520599251,4.11,5.3,3909.8798828125
2021-02-11,19.9535,NA,4.449,NA,44060.08984375,42.22999954223633,3916.38,21.25,58.22,0.08,3.50724,81.78,NA,NA,29.332147621164964,5.453183520599251,4.12,5.21,3916.3798828125
2021-02-12,19.9622,NA,4.2948,NA,44202.51953125,42.5099983215332,3934.83,19.97,59.5,0.08,3.47471,81.38,NA,NA,27.016451756336153,3.3558052434456926,3.94,5.24,3934.830078125
2021-02-13,NA,NA,NA,NA,NA,NA,NA,NA,NA,0.08,3.47471,NA,NA,NA,32.03379279679858,3.7752808988764044,NA,NA,NA
2021-02-14,NA,NA,NA,NA,NA,NA,NA,NA,NA,0.08,3.47471,NA,NA,NA,29.718096931969765,2.097378277153558,NA,NA,NA
2021-02-15,19.9518,NA,4.2925,NA,44157.48828125,NA,NA,NA,NA,0.08,3.47471,81.38,NA,NA,27.016451756336153,3.3558052434456926,3.93,5.25,NA
2021-02-16,20.2023,4.01,4.2915,NA,44698.58984375,42.41999816894531,3932.59,21.46,60.07,0.08,3.51339,82.6,NA,NA,26.63050244553135,5.033707865168539,3.94,5.37,3932.590087890625
2021-02-17,20.2257,NA,4.289,NA,45061.94921875,42.790000915527344,3931.33,21.5,61.09,0.08,3.50154,83.91,NA,NA,30.10404624277457,4.614232209737827,3.91,5.42,3931.330078125
2021-02-18,20.4165,NA,4.2875,NA,44507.94921875,41.90999984741211,3913.97,22.49,60.4,0.07,3.45725,84.71,NA,NA,30.48999555357937,4.194756554307116,3.92,5.55,3913.969970703125
2021-02-19,20.4222,NA,4.2865,NA,44900.078125,41.709999084472656,3906.71,22.05,59.12,0.07,3.46357,85.06,NA,NA,32.03379279679858,4.194756554307116,3.94,5.68,3906.7099609375
2021-02-20,NA,NA,NA,NA,NA,NA,NA,NA,NA,0.07,3.46357,NA,NA,NA,30.10404624277457,2.936329588014981,NA,NA,NA
2021-02-21,NA,NA,NA,NA,NA,NA,NA,NA,NA,0.07,3.46357,NA,NA,NA,29.332147621164964,2.5168539325842696,NA,NA,NA
2021-02-22,20.6783,NA,4.2875,NA,44946.6015625,40.9900016784668,3876.5,23.45,61.67,0.07,3.53403,90.77,NA,NA,31.64784348599378,3.7752808988764044,3.94,5.79,3876.5
2021-02-23,20.5833,4.02,4.2862,NA,45268.328125,41.90999984741211,3881.37,23.11,61.66,0.07,3.54288,87.26,NA,NA,36.279235215651404,4.614232209737827,3.95,5.95,3881.3701171875
2021-02-24,20.4752,NA,4.2831,NA,45151.37890625,42.2400016784668,3925.43,21.34,63.21,0.07,3.51963,83.97,NA,NA,30.875944864384174,5.872659176029962,3.92,6.05,3925.429931640625
2021-02-25,20.8523,NA,4.2825,NA,44310.26953125,40.41999816894531,3829.34,28.89,63.43,0.07,3.59953,97.62,NA,NA,32.41974210760338,5.453183520599251,3.91,6.26,3829.340087890625
2021-02-26,20.939,NA,4.2812,NA,44592.91015625,40.65999984741211,3811.15,27.95,61.55,0.07,3.68495,107.7,NA,NA,34.735437972432194,5.033707865168539,3.93,6.2,3811.14990234375
2021-02-27,NA,NA,NA,NA,NA,NA,NA,NA,NA,0.07,3.68495,NA,NA,NA,32.80569141840818,2.097378277153558,NA,NA,NA
2021-02-28,NA,NA,NA,NA,NA,NA,NA,NA,NA,0.07,3.68495,NA,NA,NA,29.718096931969765,2.097378277153558,NA,NA,NA
2021-03-01,20.6123,NA,4.2825,6.25,44784.578125,41.470001220703125,3901.82,23.35,60.54,0.07,3.58803,99.38,35,4,34.90939349112426,2.8273615635179152,3.94,6.1,3901.820068359375
2021-03-02,20.6903,4.06,4.2813,NA,45682.19140625,42.20000076293945,3870.29,24.1,59.7,0.07,3.54956,101.65,NA,NA,32.50184911242604,3.635179153094463,3.94,6.02,3870.2900390625
2021-03-03,20.8957,NA,4.2825,NA,46377.46875,42.09000015258789,3819.72,26.67,61.33,0.07,3.54913,106.25,NA,NA,33.705621301775146,4.44299674267101,3.95,6.08,3819.719970703125
2021-03-04,20.8498,NA,4.2825,NA,46004.19140625,41.70000076293945,3768.47,28.57,63.81,0.07,3.58386,110.1,NA,NA,35.31065088757396,4.039087947882736,3.95,6.21,3768.469970703125
2021-03-05,21.2635,NA,4.282,NA,46342.5390625,41.599998474121094,3841.94,24.66,66.08,0.07,3.71165,111.02,NA,NA,38.5207100591716,4.846905537459284,3.97,6.26,3841.93994140625
2021-03-06,NA,NA,NA,NA,NA,NA,NA,NA,NA,0.07,3.71165,NA,NA,NA,36.11316568047337,3.635179153094463,NA,NA,NA
2021-03-07,NA,NA,NA,NA,NA,NA,NA,NA,NA,0.07,3.71165,NA,NA,NA,35.31065088757396,3.231270358306189,NA,NA,NA
2021-03-08,21.4177,NA,4.285,NA,47075.41015625,41.86000061035156,3821.35,25.47,65.03,0.07,3.83684,122.98,NA,NA,34.508136094674555,4.039087947882736,3.98,6.25,3821.35009765625
2021-03-09,21.2575,4.05,4.284,NA,47103.6015625,42.34000015258789,3875.44,24.03,64.02,0.07,3.80443,119.52,NA,NA,40.125739644970416,4.44299674267101,3.99,6.22,3875.43994140625
2021-03-10,20.9853,NA,4.2845,NA,47549.671875,43.459999084472656,3898.81,22.56,64.45,0.07,3.66968,106,NA,NA,36.11316568047337,4.039087947882736,3.96,6.24,3898.81005859375
2021-03-11,20.7133,NA,4.2845,NA,47673.8203125,44.029998779296875,3939.34,21.91,66.02,0.07,3.58847,96.42,NA,NA,35.71190828402367,5.250814332247558,3.96,6.18,3939.340087890625
2021-03-12,20.7637,NA,4.283,NA,47769.87109375,43.83000183105469,3943.34,20.69,65.59,0.07,3.58353,102.34,NA,NA,39.72448224852071,4.44299674267101,3.94,6.36,3943.340087890625
2021-03-13,NA,NA,NA,NA,NA,NA,NA,NA,NA,0.07,3.58353,NA,NA,NA,39.32322485207101,2.8273615635179152,NA,NA,NA
2021-03-14,NA,NA,NA,NA,NA,NA,NA,NA,NA,0.07,3.58353,NA,NA,NA,33.304363905325445,2.8273615635179152,NA,NA,NA
2021-03-15,NA,NA,NA,NA,NA,44.31999969482422,3968.94,20.03,65.36,0.07,3.6117,103.52,NA,NA,34.90939349112426,3.635179153094463,3.94,NA,3968.93994140625
2021-03-16,20.5753,4.05,4.2825,NA,48203.94921875,44.709999084472656,3962.71,19.79,64.82,0.07,3.50476,101.82,NA,NA,35.71190828402367,5.250814332247558,3.94,6.54,3962.7099609375
2021-03-17,20.6828,NA,4.2812,NA,47679.48828125,44.63999938964844,3974.12,19.23,64.55,0.07,3.51138,97.29,NA,NA,33.304363905325445,6.058631921824104,3.95,6.51,3974.1201171875
2021-03-18,20.4415,NA,4.2812,NA,47572.390625,44.34000015258789,3915.46,21.58,59.95,0.07,3.4638,100.54,NA,NA,34.90939349112426,4.039087947882736,3.94,6.64,3915.4599609375
2021-03-19,20.4823,NA,4.285,NA,47028.0390625,43.81999969482422,3913.1,20.95,61.43,0.07,3.4186,95.66,NA,NA,32.50184911242604,4.44299674267101,NA,6.65,3913.10009765625
2021-03-20,NA,NA,NA,NA,NA,NA,NA,NA,NA,0.07,3.4186,NA,NA,NA,34.106878698224854,3.231270358306189,NA,NA,NA
2021-03-21,NA,NA,NA,NA,NA,NA,NA,NA,NA,0.07,3.4186,NA,NA,NA,32.90310650887574,2.423452768729642,NA,NA,NA
2021-03-22,20.5788,NA,4.2837,NA,47225.44140625,43.81999969482422,3940.59,18.88,61.48,0.07,3.40752,102.02,NA,NA,35.71190828402367,3.635179153094463,4.06,6.66,3940.590087890625
2021-03-23,20.6408,4.03,4.2825,NA,46659.1796875,42.88999938964844,3910.52,20.3,57.75,0.07,3.43598,106.5,NA,NA,33.304363905325445,4.44299674267101,4.02,6.76,3910.52001953125
2021-03-24,20.7882,NA,4.2825,NA,46703.140625,42.619998931884766,3889.14,21.2,61.12,0.07,3.50317,106.83,NA,NA,33.304363905325445,6.866449511400652,NA,7,3889.139892578125
2021-03-25,20.7662,NA,4.283,NA,47012.37109375,43.380001068115234,3909.52,19.81,58.47,0.07,3.55849,111.9,NA,NA,34.508136094674555,6.866449511400652,NA,6.855,3909.52001953125
2021-03-26,20.5677,NA,4.2862,NA,47379.19140625,44.029998779296875,3974.54,18.86,60.93,0.07,3.53277,111.95,NA,NA,32.100591715976336,4.846905537459284,NA,6.745,3974.5400390625
2021-03-27,NA,NA,NA,NA,NA,NA,NA,NA,NA,0.07,3.53277,NA,NA,NA,33.705621301775146,3.231270358306189,NA,NA,NA
2021-03-28,NA,NA,NA,NA,NA,NA,NA,NA,NA,0.07,3.53277,NA,NA,NA,30.09430473372781,2.019543973941368,NA,NA,NA
2021-03-29,20.6047,4.08,4.285,NA,47747.359375,44.189998626708984,3971.09,20.74,61.49,0.07,3.50481,115.35,NA,NA,36.11316568047337,3.231270358306189,NA,6.805,3971.090087890625
2021-03-30,20.6025,NA,4.2875,NA,47905,44.2599983215332,3958.55,19.61,60.55,0.07,3.54256,116.65,NA,NA,38.1194526627219,3.231270358306189,NA,6.85,3958.550048828125
2021-03-31,20.44,NA,4.2875,NA,47246.26171875,43.83000183105469,3972.89,19.4,59.19,0.06,3.51356,113.31,NA,NA,34.508136094674555,2.019543973941368,4.14,6.84,3972.889892578125
2021-04-01,NA,NA,NA,6.68,NA,44.56999969482422,4019.87,17.33,61.41,0.07,3.4814600000000002,108.98,32,4,35.232833464877665,1.9801980198019802,NA,NA,4019.8701171875
2021-04-02,NA,NA,NA,NA,NA,NA,NA,NA,NA,0.07,3.4814600000000002,108.96,NA,NA,36.74822415153907,0,NA,NA,NA
2021-04-03,NA,NA,NA,NA,NA,NA,NA,NA,NA,0.07,3.4814600000000002,NA,NA,NA,30.68666140489345,0,NA,NA,NA
2021-04-04,NA,NA,NA,NA,NA,NA,NA,NA,NA,0.07,3.4814600000000002,NA,NA,NA,27.277032359905288,2.3762376237623766,NA,NA,NA
2021-04-05,20.2483,NA,4.288,NA,48245.8515625,45.22999954223633,4077.91,17.91,58.73,0.07,3.42257,106.97,NA,NA,37.50591949486977,3.1683168316831685,4.13,6.76,4077.909912109375
2021-04-06,20.1612,4.07,4.2885,NA,47985.4296875,45.36000061035156,4073.94,18.12,59.34,0.07,3.43793,104,NA,NA,37.12707182320442,3.5643564356435644,4.14,6.624,4073.93994140625
2021-04-07,20.1765,NA,4.2875,NA,47897.83984375,45.220001220703125,4079.95,17.16,59.77,0.07,3.47358,106.17,NA,NA,33.71744277821626,2.7722772277227725,4.06,6.449,4079.949951171875
2021-04-08,20.089,NA,4.2875,NA,48188.1484375,45.81999969482422,4097.17,16.95,59.61,0.07,3.493,105.21,NA,NA,34.09629044988161,3.9603960396039604,4.09,6.4,4097.169921875
2021-04-09,20.163,NA,4.2885,NA,47627.671875,45.130001068115234,4128.8,16.69,59.29,0.07,3.45101,105.44,NA,NA,35.99052880820837,4.356435643564357,4.09,6.54,4128.7998046875
2021-04-10,NA,NA,NA,NA,NA,NA,NA,NA,NA,0.07,3.45101,NA,NA,NA,33.71744277821626,3.1683168316831685,NA,NA,NA
2021-04-11,NA,NA,NA,NA,NA,NA,NA,NA,NA,0.07,3.45101,NA,NA,NA,25.38279400157853,3.1683168316831685,NA,NA,NA
2021-04-12,20.095,NA,4.2875,NA,47352.1796875,44.959999084472656,4127.99,16.91,59.7,0.07,3.43535,104.76,NA,NA,31.823204419889503,3.9603960396039604,4.08,6.63,4127.990234375
2021-04-13,20.0735,4.07,4.2885,NA,47503.7109375,45.27000045776367,4141.59,16.65,60.2,0.07,3.4693,103.34,NA,NA,31.0655090765588,4.356435643564357,4.08,6.68,4141.58984375
2021-04-14,20.0583,NA,4.285,NA,48329.83984375,45.9900016784668,4124.66,16.99,63.15,0.07,3.42368,100.03,NA,NA,32.202052091554854,5.148514851485149,4.06,6.575,4124.66015625
2021-04-15,19.927,NA,4.2831,NA,48514.1015625,46.40999984741211,4170.42,16.57,63.42,0.07,3.41973,94.63,NA,NA,31.444356748224152,5.9405940594059405,4.06,6.43,4170.419921875
2021-04-16,19.9158,NA,4.2815,NA,48726.98046875,46.59000015258789,4185.47,16.25,63.16,0.07,3.39209,90.08,NA,NA,33.71744277821626,4.356435643564357,4.06,6.52,4185.47021484375
2021-04-17,NA,NA,NA,NA,NA,NA,NA,NA,NA,0.07,3.39209,NA,NA,NA,31.823204419889503,4.356435643564357,NA,NA,NA
2021-04-18,NA,NA,NA,NA,NA,NA,NA,NA,NA,0.07,3.39209,NA,NA,NA,31.0655090765588,2.7722772277227725,NA,NA,NA
2021-04-19,19.8145,NA,4.2825,NA,48072.62109375,46.279998779296875,4163.26,17.29,63.33,0.07,3.37573,90.93,NA,NA,33.71744277821626,3.9603960396039604,4.08,6.56,4163.259765625
2021-04-20,19.8877,4.06,4.2829,NA,48528.96875,46.2400016784668,4134.94,18.68,62.61,0.07,3.44848,95.54,NA,NA,30.307813733228098,3.9603960396039604,4.08,6.69,4134.93994140625
2021-04-21,19.874,NA,4.281,NA,48867.62109375,46.869998931884766,4173.42,17.5,61.34,0.07,3.45201,94.06,NA,NA,30.68666140489345,5.544554455445545,4.06,6.67,4173.419921875
2021-04-22,19.8865,NA,4.281,NA,49092.30859375,46.95000076293945,4134.98,18.71,61.45,0.07,3.47459,94.97,NA,NA,29.550118389897396,6.732673267326733,4.06,6.73,4134.97998046875
2021-04-23,19.8695,NA,4.2825,NA,49091.08984375,47.279998779296875,4180.17,17.33,62.18,0.07,3.4797,93.11,NA,NA,31.823204419889503,5.9405940594059405,4.07,6.68,4180.169921875
2021-04-24,NA,NA,NA,NA,NA,NA,NA,NA,NA,0.07,3.4797,NA,NA,NA,29.550118389897396,4.752475247524753,NA,NA,NA
2021-04-25,NA,NA,NA,NA,NA,NA,NA,NA,NA,0.07,3.4797,NA,NA,NA,31.444356748224152,3.5643564356435644,NA,NA,NA
2021-04-26,19.8362,NA,4.281,NA,48923.9296875,46.97999954223633,4187.62,17.64,62.02,0.07,3.51421,93.99,NA,NA,29.928966061562747,5.9405940594059405,4.06,6.65,4187.6201171875
2021-04-27,19.9785,4.06,4.281,NA,48812.171875,46.369998931884766,4186.72,17.56,63.03,0.07,3.52913,96.59,NA,NA,30.307813733228098,4.752475247524753,4.06,6.75,4186.72021484375
2021-04-28,19.9712,NA,4.281,NA,48487.94140625,46.470001220703125,4183.18,17.28,63.81,0.07,3.54222,94.75,NA,NA,33.338595106550905,5.9405940594059405,4.05,6.79,4183.18017578125
2021-04-29,20.0978,NA,4.283,NA,48897.7890625,46.689998626708984,4211.47,17.61,65,0.06,3.49249,93.75,NA,NA,29.171270718232044,4.356435643564357,4.11,6.83,4211.47021484375
2021-04-30,20.1822,NA,4.285,NA,48009.71875,45.459999084472656,4181.17,18.61,63.5,0.05,3.42152,94.16,NA,NA,29.550118389897396,5.148514851485149,4.13,6.88,4181.169921875
2021-05-01,NA,NA,NA,NA,NA,NA,NA,NA,NA,0.05,3.42152,NA,30,5,39.54405737704918,4.777397260273973,NA,NA,NA
2021-05-02,NA,NA,NA,NA,NA,NA,NA,NA,NA,0.05,3.42152,NA,NA,NA,38.114754098360656,3.184931506849315,NA,NA,NA
2021-05-03,20.1902,NA,4.2852,NA,48498.640625,46.150001525878906,4192.66,18.31,64.46,0.06,3.44618,97.82,NA,NA,32.87397540983606,5.308219178082192,4.15,6.85,4192.66015625
2021-05-04,20.2235,4.07,4.286,NA,48328.19921875,45.83000183105469,4164.66,19.48,65.72,0.06,3.45894,99.66,NA,NA,29.53893442622951,4.777397260273973,4.16,6.87,4164.66015625
2021-05-05,20.2077,NA,4.284,NA,48399.80078125,45.72999954223633,4167.59,19.15,65.63,0.06,3.45076,97.68,NA,NA,26.203893442622952,4.2465753424657535,4.11,6.795,4167.58984375
2021-05-06,20.1838,NA,4.2837,NA,48934.91015625,46.5,4201.62,18.39,64.73,0.06,3.4451,97.02,NA,NA,27.633196721311478,4.777397260273973,4.14,6.715,4201.6201171875
2021-05-07,19.9223,NA,4.2837,NA,49249.01953125,47.04999923706055,4232.6,16.69,64.96,0.06,3.37287,92.92,NA,NA,29.53893442622951,5.839041095890411,4.13,6.654,4232.60009765625
2021-05-08,NA,NA,NA,NA,NA,NA,NA,NA,NA,0.06,3.37287,NA,NA,NA,28.586065573770494,8.493150684931507,NA,NA,NA
2021-05-09,NA,NA,NA,NA,NA,NA,NA,NA,NA,0.06,3.37287,NA,NA,NA,30.015368852459016,3.7157534246575343,NA,NA,NA
2021-05-10,19.886,NA,4.285,NA,49867.1484375,47.5,4188.43,19.66,64.92,0.06,3.32776,91.45,NA,NA,28.586065573770494,3.7157534246575343,4.13,6.715,4188.43017578125
2021-05-11,19.8848,4.06,4.2875,NA,49655.2890625,47.04999923706055,4152.1,21.84,65.31,0.06,3.34947,93.51,NA,NA,29.53893442622951,5.839041095890411,4.14,6.835,4152.10009765625
2021-05-12,20.094,NA,4.2872,NA,48748.41015625,46.0099983215332,4063.04,27.59,65.96,0.06,3.37492,96.71,NA,NA,30.015368852459016,5.839041095890411,4.07,6.945,4063.0400390625
2021-05-13,20.0495,NA,4.2897,NA,48829.30859375,46.63999938964844,4112.5,23.13,63.82,0.06,3.37197,95.08,NA,NA,28.109631147540984,6.9006849315068495,4.08,6.865,4112.5
2021-05-14,19.8487,NA,4.29,NA,49219.26171875,47.11000061035156,4173.85,18.81,65.32,0.06,3.37599,93.25,NA,NA,30.015368852459016,5.839041095890411,4.08,6.805,4173.85009765625
2021-05-15,NA,NA,NA,NA,NA,NA,NA,NA,NA,0.06,3.37599,NA,NA,NA,29.0625,3.184931506849315,NA,NA,NA
2021-05-16,NA,NA,NA,NA,NA,NA,NA,NA,NA,0.06,3.37599,NA,NA,NA,26.68032786885246,2.1232876712328768,NA,NA,NA
2021-05-17,19.8028,NA,4.2892,NA,49371.98046875,47.560001373291016,4163.29,19.72,66.24,0.06,3.37773,93.79,NA,NA,31.92110655737705,4.777397260273973,4.08,6.775,4163.2900390625
2021-05-18,19.8313,4.05,4.289,NA,49789.30859375,47.880001068115234,4127.83,21.34,65.49,0.06,3.36477,95.43,NA,NA,30.968237704918035,5.308219178082192,4.11,6.815,4127.830078125
2021-05-19,19.8143,NA,4.2885,NA,49382.25,47.349998474121094,4115.68,22.18,63.28,0.06,3.38081,96.67,NA,NA,34.30327868852459,5.839041095890411,4.05,6.855,4115.68017578125
2021-05-20,19.881,NA,4.2745,NA,49907.359375,48.06999969482422,4159.12,20.67,61.95,0.06,3.40451,94.43,NA,NA,30.015368852459016,6.36986301369863,4.09,6.835,4159.1201171875
2021-05-21,19.951,NA,4.2815,NA,49778.80859375,47.779998779296875,4155.86,20.15,63.61,0.06,3.40371,95.26,NA,NA,30.491803278688526,5.308219178082192,4.1,6.825,4155.85986328125
2021-05-22,NA,NA,NA,NA,NA,NA,NA,NA,NA,0.06,3.40371,NA,NA,NA,30.491803278688526,4.777397260273973,NA,NA,NA
2021-05-23,NA,NA,NA,NA,NA,NA,NA,NA,NA,0.06,3.40371,NA,NA,NA,27.15676229508197,2.654109589041096,NA,NA,NA
2021-05-24,19.872,NA,4.2824,NA,49457.9296875,47.65999984741211,4197.05,18.4,66.13,0.06,3.42028,95.08,NA,NA,27.633196721311478,5.839041095890411,4.09,6.744,4197.0498046875
2021-05-25,19.8903,4.07,4.2815,NA,48826.94921875,47.15999984741211,4188.13,18.84,66.27,0.06,3.42543,95.84,NA,NA,29.53893442622951,5.839041095890411,4.09,6.654,4188.1298828125
2021-05-26,19.8783,NA,4.285,NA,49103.5,47.380001068115234,4195.99,17.36,66.41,0.06,3.36415,95.29,NA,NA,27.15676229508197,5.839041095890411,4.07,6.674,4195.990234375
2021-05-27,19.9487,NA,4.285,NA,49627.94921875,47.66999816894531,4200.88,16.74,66.87,0.06,3.36886,94.28,NA,NA,30.015368852459016,5.839041095890411,4.09,6.689,4200.8798828125
2021-05-28,19.9442,NA,4.284,NA,50040.73828125,48.11000061035156,4204.11,16.76,66.31,0.05,3.35075,93.75,NA,NA,28.586065573770494,5.839041095890411,4.07,6.594,4204.10986328125
2021-05-29,NA,NA,NA,NA,NA,NA,NA,NA,NA,0.05,3.35075,NA,NA,NA,30.491803278688526,3.184931506849315,NA,NA,NA
2021-05-30,NA,NA,NA,NA,NA,NA,NA,NA,NA,0.05,3.35075,NA,NA,NA,31.44467213114754,4.2465753424657535,NA,NA,NA
2021-05-31,19.9213,NA,4.283,NA,50885.94921875,NA,NA,NA,NA,0.05,3.35075,93.75,NA,NA,25.727459016393443,4.777397260273973,4.06,6.524,NA
2021-06-01,19.8927,4.02,4.2825,6.54,50722.3515625,48.66999816894531,4202.04,17.9,67.8,0.06,3.32,92.3,37,4,31.970692268822635,4.651162790697675,4.07,6.524,4202.0400390625
2021-06-02,19.9277,NA,4.2825,NA,50749.640625,48.7599983215332,4208.12,17.48,68.79,0.06,3.29709,91.4,NA,NA,34.77513895907023,4.186046511627907,4.02,6.539,4208.1201171875
2021-06-03,20.0605,NA,4.281,NA,50628.76953125,48.08000183105469,4192.85,18.04,68.81,0.06,3.32862,93.76,NA,NA,34.21424962102071,4.651162790697675,4.01,6.644,4192.85009765625
2021-06-04,19.9328,NA,4.2822,NA,50484.3515625,48.459999084472656,4229.89,16.42,69.57,0.06,3.33976,93.43,NA,NA,34.77513895907023,4.651162790697675,3.99,6.595,4229.89013671875
2021-06-05,NA,NA,NA,NA,NA,NA,NA,NA,NA,0.06,3.33976,NA,NA,NA,34.77513895907023,2.7906976744186047,NA,NA,NA
2021-06-06,NA,NA,NA,NA,NA,NA,NA,NA,NA,0.06,3.33976,NA,NA,NA,29.166245578575037,3.255813953488372,NA,NA,NA
2021-06-07,19.797,NA,4.2815,NA,51427.640625,49.939998626708984,4226.52,16.42,69.21,0.06,3.32816,93.62,NA,NA,29.727134916624554,4.186046511627907,4.01,6.515,4226.52001953125
2021-06-08,19.7728,4.04,4.285,NA,50865.2109375,49.709999084472656,4227.26,17.07,70.11,0.06,3.32593,92.34,NA,NA,35.896917635169274,8.837209302325581,4.01,6.454,4227.259765625
2021-06-09,19.6897,NA,4.2827,NA,50823.30078125,49.540000915527344,4219.55,17.89,69.9,0.06,3.3169400000000002,91.17,NA,NA,35.33602829711975,6.976744186046512,4.03,6.549,4219.5498046875
2021-06-10,19.7002,NA,4.282,NA,50886.328125,49.38999938964844,4239.18,16.1,70.34,0.06,3.3498,91.19,NA,NA,34.21424962102071,5.5813953488372094,4.07,6.544,4239.18017578125
2021-06-11,19.8823,NA,4.285,NA,51286.4609375,49.34000015258789,4247.44,15.65,71,0.06,3.31179,91.3,NA,NA,33.65336028297119,5.5813953488372094,4.07,6.614,4247.43994140625
2021-06-12,NA,NA,NA,NA,NA,NA,NA,NA,NA,0.06,3.31179,NA,NA,NA,35.33602829711975,2.7906976744186047,NA,NA,NA
2021-06-13,NA,NA,NA,NA,NA,NA,NA,NA,NA,0.06,3.31179,NA,NA,NA,31.409802930773115,2.3255813953488373,NA,NA,NA
2021-06-14,19.9065,NA,4.2859,NA,51029.5390625,48.970001220703125,4255.15,16.39,70.94,0.06,3.33738,92.71,NA,NA,35.33602829711975,4.651162790697675,4.06,6.614,4255.14990234375
2021-06-15,20.1235,4,4.2875,NA,50908.1796875,48.68000030517578,4246.59,17.02,72.06,0.06,3.38728,93.54,NA,NA,34.21424962102071,4.186046511627907,4.06,6.664,4246.58984375
2021-06-16,20.0588,NA,4.285,NA,50579.1015625,47.689998626708984,4223.7,18.15,72.03,0.06,3.35242,94.13,NA,NA,37.579585649317835,5.116279069767442,3.99,6.715,4223.7001953125
2021-06-17,20.4292,NA,4.2855,NA,50202.80078125,47.2599983215332,4221.86,17.75,71.06,0.1,3.3834,95.04,NA,NA,39.262253663466396,3.255813953488372,4,6.695,4221.85986328125
2021-06-18,20.7002,NA,4.2856,NA,50319.5703125,46.81999969482422,4166.45,20.7,71.64,0.1,3.40416,97.7,NA,NA,36.457806973218794,2.7906976744186047,4.02,6.765,4166.4501953125
2021-06-19,NA,NA,NA,NA,NA,NA,NA,NA,NA,0.1,3.40416,NA,NA,NA,37.579585649317835,2.7906976744186047,NA,NA,NA
2021-06-20,NA,NA,NA,NA,NA,NA,NA,NA,NA,0.1,3.40416,NA,NA,NA,37.018696311268315,1.8604651162790697,NA,NA,NA
2021-06-21,20.6,NA,4.285,NA,50315.69140625,47.15999984741211,4224.79,17.89,73.64,0.1,3.3701,98.62,NA,NA,36.457806973218794,3.255813953488372,4.06,6.815,4224.7900390625
2021-06-22,20.5712,4.03,4.285,NA,50129.87890625,47.130001068115234,4246.44,16.66,73.15,0.1,3.42578,99.29,NA,NA,37.579585649317835,3.255813953488372,4.07,6.855,4246.43994140625
2021-06-23,20.2505,NA,4.2827,NA,50170.78125,47.45000076293945,4241.84,16.32,73.11,0.1,3.42518,97.03,NA,NA,38.140474987367355,4.186046511627907,4.02,6.915,4241.83984375
2021-06-24,20.0483,NA,4.2863,NA,50558.3203125,48.31999969482422,4266.49,15.97,73.31,0.1,3.43744,94.98,NA,NA,35.33602829711975,5.5813953488372094,4.24,7.015,4266.490234375
2021-06-25,19.793,NA,4.52,NA,50549.859375,48.560001373291016,4280.7,15.62,74.21,0.1,3.40648,92.98,NA,NA,44.31025770591207,3.7209302325581395,4.28,6.905,4280.7001953125
2021-06-26,NA,NA,NA,NA,NA,NA,NA,NA,NA,0.1,3.40648,NA,NA,NA,56.08893380495199,3.255813953488372,NA,NA,NA
2021-06-27,NA,NA,NA,NA,NA,NA,NA,NA,NA,0.1,3.40648,NA,NA,NA,42.62758969176351,2.3255813953488373,NA,NA,NA
2021-06-28,19.8027,NA,4.53,NA,50351.2109375,48.27000045776367,4290.61,15.76,72.98,0.1,3.44156,92.89,NA,NA,43.74936836786255,3.7209302325581395,4.31,6.855,4290.60986328125
2021-06-29,19.8157,4.3,4.5292,NA,50337.359375,48.279998779296875,4291.8,16.02,73.14,0.1,3.45901,92.34,NA,NA,39.262253663466396,2.7906976744186047,4.32,6.895,4291.7998046875
2021-06-30,19.9062,NA,4.529,NA,50289.75,47.9900016784668,4297.5,15.83,73.52,0.08,3.47939,93.97,NA,NA,43.74936836786255,2.7906976744186047,4.29,6.92,4297.5
2021-07-01,20.0368,NA,4.529,6.9,50376.890625,47.970001220703125,4319.94,15.48,75.33,0.1,3.44298,93.35,37,3,40.610985020426696,4.254901960784314,4.3,7.02,4319.93994140625
2021-07-02,19.8817,NA,4.5265,NA,50223.01171875,48.400001525878906,4352.34,15.07,75.37,0.1,3.46527,92.23,NA,NA,43.214253290966866,4.862745098039215,4.3,6.97,4352.33984375
2021-07-03,NA,NA,NA,NA,NA,NA,NA,NA,NA,0.1,3.46527,NA,NA,NA,37.48706309577849,2.4313725490196076,NA,NA,NA
2021-07-04,NA,NA,NA,NA,NA,NA,NA,NA,NA,0.1,3.46527,NA,NA,NA,33.32183386291421,0,NA,NA,NA
2021-07-05,19.8532,NA,4.5265,NA,50552.80078125,NA,NA,NA,NA,0.1,3.46527,92.23,NA,NA,40.09033136631866,1.8235294117647056,4.34,6.955,NA
2021-07-06,19.9658,4.3,4.5245,NA,50048.890625,47.650001525878906,4343.54,16.44,73.62,0.1,3.49393,93.87,NA,NA,37.48706309577849,3.6470588235294112,4.29,6.94,4343.5400390625
2021-07-07,19.9915,NA,4.524,NA,50052.91015625,47.86000061035156,4358.13,16.2,72.22,0.1,3.49851,93.31,NA,NA,36.96640944167045,3.0392156862745097,4.3,6.85,4358.1298828125
2021-07-08,20.007,NA,4.5235,NA,49570.87109375,47.220001220703125,4320.82,19,72.98,0.1,3.55261,94.99,NA,NA,41.13163867453473,4.254901960784314,4.35,6.81,4320.81982421875
2021-07-09,19.88,NA,4.525,NA,49768.3515625,47.849998474121094,4369.55,16.18,74.56,0.1,3.50759,93.17,NA,NA,35.92510213345438,1.8235294117647056,4.38,6.74,4369.5498046875
2021-07-10,NA,NA,NA,NA,NA,NA,NA,NA,NA,0.1,3.50759,NA,NA,NA,35.92510213345438,2.4313725490196076,NA,NA,NA
2021-07-11,NA,NA,NA,NA,NA,NA,NA,NA,NA,0.1,3.50759,NA,NA,NA,30.718565592374038,3.0392156862745097,NA,NA,NA
2021-07-12,19.8577,NA,4.524,NA,49789.12109375,47.849998474121094,4384.63,16.17,74.21,0.1,3.50218,93.11,NA,NA,34.36314117113028,4.254901960784314,4.36,6.72,4384.6298828125
2021-07-13,19.9988,4.3,4.5225,NA,49274.96875,46.959999084472656,4369.21,17.12,75.24,0.1,3.48301,95.62,NA,NA,42.1729459827508,3.0392156862745097,4.34,6.87,4369.2099609375
2021-07-14,19.8992,NA,4.5245,NA,49435.87890625,47.880001068115234,4374.3,16.33,73.06,0.1,3.5196,93.23,NA,NA,36.96640944167045,4.254901960784314,4.4,6.84,4374.2998046875
2021-07-15,19.9412,NA,4.5227,NA,50274.8515625,48.400001525878906,4360.03,17.01,71.67,0.1,3.56784,94.03,NA,NA,38.52837040399456,4.254901960784314,4.44,6.85,4360.02978515625
2021-07-16,19.8537,NA,4.5215,NA,50148.12890625,48.45000076293945,4327.16,18.45,71.76,0.1,3.54813,93.91,NA,NA,40.610985020426696,3.0392156862745097,4.45,6.89,4327.16015625
2021-07-17,NA,NA,NA,NA,NA,NA,NA,NA,NA,0.1,3.54813,NA,NA,NA,33.84248751702224,3.6470588235294112,NA,NA,NA
2021-07-18,NA,NA,NA,NA,NA,NA,NA,NA,NA,0.1,3.54813,NA,NA,NA,31.239219246482072,0,NA,NA,NA
2021-07-19,20,NA,4.5215,NA,49096.46875,46.93000030517578,4258.49,22.5,66.45,0.1,3.664,99.57,NA,NA,40.610985020426696,3.6470588235294112,4.37,6.81,4258.490234375
2021-07-20,20.1348,4.33,4.4922,NA,49256.96875,46.869998931884766,4323.06,19.73,67.32,0.1,3.63359,96.76,NA,NA,40.09033136631866,3.6470588235294112,4.32,6.855,4323.06005859375
2021-07-21,20.1907,NA,4.5055,NA,50035.171875,47.41999816894531,4358.69,17.91,70.26,0.1,3.5878,95.24,NA,NA,38.52837040399456,1.8235294117647056,4.32,6.935,4358.68994140625
2021-07-22,20.1812,NA,4.514,NA,50240.51171875,47.810001373291016,4367.48,17.69,72.15,0.1,3.61357,95.01,NA,NA,38.00771674988652,3.0392156862745097,4.35,6.91,4367.47998046875
2021-07-23,20.0238,NA,4.514,NA,50268.44921875,47.9900016784668,4411.79,17.2,72.24,0.1,3.59601,94.05,NA,NA,38.52837040399456,4.254901960784314,4.36,6.96,4411.7900390625
2021-07-24,NA,NA,NA,NA,NA,NA,NA,NA,NA,0.1,3.59601,NA,NA,NA,36.96640944167045,2.4313725490196076,NA,NA,NA
2021-07-25,NA,NA,NA,NA,NA,NA,NA,NA,NA,0.1,3.59601,NA,NA,NA,30.718565592374038,1.8235294117647056,NA,NA,NA
2021-07-26,20.0245,NA,4.513,NA,50897.7890625,48.7400016784668,4422.3,17.58,72.15,0.1,3.59985,94.89,NA,NA,36.96640944167045,2.4313725490196076,4.4,6.94,4422.2998046875
2021-07-27,19.977,4.35,4.5125,NA,50910.53125,48.91999816894531,4401.46,19.36,71.68,0.1,3.68418,98.76,NA,NA,39.56967771221063,3.0392156862745097,4.34,6.89,4401.4599609375
2021-07-28,19.9535,NA,4.515,NA,51344.109375,49.310001373291016,4400.64,18.31,72.37,0.1,3.63549,97.45,NA,NA,34.36314117113028,3.0392156862745097,4.35,6.87,4400.64013671875
2021-07-29,19.8448,NA,4.5142,NA,51634.6015625,49.7400016784668,4419.15,17.7,73.62,0.1,3.61192,94.8,NA,NA,35.92510213345438,4.254901960784314,4.33,6.87,4419.14990234375
2021-07-30,19.8455,NA,4.5135,NA,50868.3203125,49.02000045776367,4395.26,18.24,73.93,0.07,3.62183,96.47,NA,NA,33.84248751702224,3.0392156862745097,4.32,6.829,4395.259765625
2021-07-31,NA,NA,NA,NA,NA,NA,NA,NA,NA,0.07,3.62183,NA,NA,NA,32.28052655469814,2.4313725490196076,NA,NA,NA
2021-08-01,NA,NA,NA,6.98,NA,NA,NA,NA,NA,0.07,3.62183,NA,28,3,25.066271751203256,0,NA,NA,NA
2021-08-02,19.852,NA,4.5125,NA,50869.48046875,48.880001068115234,4387.16,19.46,71.31,0.1,3.65855,95.78,NA,NA,31.49352091817845,1.7816091954022986,4.32,6.849,4387.16015625
2021-08-03,19.892,4.33,4.514,NA,51633.91015625,49.84000015258789,4423.15,18.04,70.64,0.1,3.66586,95.32,NA,NA,29.565346168085892,2.1379310344827585,4.35,6.878,4423.14990234375
2021-08-04,19.9547,NA,4.5125,NA,51195.4296875,49.04999923706055,4402.66,17.97,68.19,0.1,3.67244,95.98,NA,NA,32.13624583487597,2.1379310344827585,4.34,6.914,4402.66015625
2021-08-05,19.9293,NA,4.5133,NA,51134.9296875,49.189998626708984,4429.1,17.28,69.1,0.1,3.64031,95.2,NA,NA,31.172158459829692,3.919540229885057,4.42,6.948,4429.10009765625
2021-08-06,20.0037,NA,4.5115,NA,51113.8515625,48.84000015258789,4436.52,16.15,68.26,0.1,3.60399,95.01,NA,NA,29.565346168085892,2.850574712643678,4.49,6.988,4436.52001953125
2021-08-07,NA,NA,NA,NA,NA,NA,NA,NA,NA,0.1,3.60399,NA,NA,NA,29.243983709737133,3.2068965517241375,NA,NA,NA
2021-08-08,NA,NA,NA,NA,NA,NA,NA,NA,NA,0.1,3.60399,NA,NA,NA,28.279896334690854,2.1379310344827585,NA,NA,NA
2021-08-09,20.0648,NA,4.5125,NA,50900.4609375,48.43000030517578,4432.35,16.72,66.56,0.1,3.63181,95.95,NA,NA,26.673084042947057,4.275862068965517,4.51,6.988,4432.35009765625
2021-08-10,20.1038,4.5,4.5147,NA,51114.16015625,48.7599983215332,4436.75,16.79,68.33,0.1,3.61778,96.2,NA,NA,27.958533876342095,4.275862068965517,4.46,7.018,4436.75
2021-08-11,19.953,NA,4.52,NA,51311.6015625,49.310001373291016,4447.7,16.06,69.3,0.1,3.58717,95.23,NA,NA,31.172158459829692,3.563218390804597,4.5,6.978,4442.41015625
2021-08-12,19.8907,NA,4.5315,NA,51049.69140625,49.08000183105469,4460.83,15.59,69.12,0.1,3.5531,92.17,NA,NA,29.565346168085892,3.2068965517241375,4.6,6.918,4460.830078125
2021-08-13,19.8603,NA,4.7525,NA,51490.94140625,49.619998931884766,4468,15.45,68.36,0.1,3.59428,91.03,NA,NA,29.243983709737133,3.2068965517241375,4.55,6.908,4468
2021-08-14,NA,NA,NA,NA,NA,NA,NA,NA,NA,0.1,3.59428,NA,NA,NA,27.958533876342095,3.563218390804597,NA,NA,NA
2021-08-15,NA,NA,NA,NA,NA,NA,NA,NA,NA,0.1,3.59428,NA,NA,NA,22.81673454276194,2.850574712643678,NA,NA,NA
2021-08-16,19.8863,NA,4.7532,NA,51384.91015625,49.540000915527344,4479.71,16.12,67.44,0.1,3.63561,90.71,NA,NA,25.708996667900777,2.850574712643678,4.56,7.008,4479.7099609375
2021-08-17,19.9912,4.5,4.7528,NA,51576.578125,49.5,4448.08,17.91,66.5,0.1,3.64304,92.15,NA,NA,27.315808959644574,4.632183908045977,4.56,6.998,4448.080078125
2021-08-18,20.0107,NA,4.755,NA,51986.078125,49.90999984741211,4400.27,21.57,65.36,0.09,3.64237,92.63,NA,NA,26.673084042947057,3.919540229885057,4.5,6.978,4400.27001953125
2021-08-19,20.1175,NA,4.7575,NA,51099.359375,48.81999969482422,4405.8,21.67,63.69,0.09,3.69336,94.5,NA,NA,27.958533876342095,1.7816091954022986,4.53,6.988,4405.7998046875
2021-08-20,20.402,NA,4.7587,NA,51414.3203125,48.54999923706055,4441.67,18.56,62.25,0.09,3.68809,94.6,NA,NA,28.279896334690854,2.850574712643678,4.5,6.963,4441.669921875
2021-08-21,NA,NA,NA,NA,NA,NA,NA,NA,NA,0.09,3.68809,NA,NA,NA,28.279896334690854,2.850574712643678,NA,NA,NA
2021-08-22,NA,NA,NA,NA,NA,NA,NA,NA,NA,0.09,3.68809,NA,NA,NA,26.994446501295815,0,NA,NA,NA
2021-08-23,20.3907,NA,4.755,NA,52054.640625,49.25,4479.53,17.15,65.65,0.09,3.67654,94.13,NA,NA,29.886708626434654,2.494252873563218,4.54,6.98,4479.52978515625
2021-08-24,20.2967,4.49,4.7544,NA,51985,49.38999938964844,4486.23,17.22,67.5,0.09,3.62762,91.91,NA,NA,29.886708626434654,3.563218390804597,4.53,6.965,4486.22998046875
2021-08-25,20.2933,NA,4.7545,NA,52345.390625,49.56999969482422,4496.19,16.79,68.54,0.09,3.58316,90.49,NA,NA,29.886708626434654,4.988505747126436,4.48,6.96,4496.18994140625
2021-08-26,20.3522,NA,4.7502,NA,52290.69140625,49.310001373291016,4470,18.84,67.42,0.09,3.58694,90.33,NA,NA,25.387634209552015,3.919540229885057,4.48,6.983,4470
2021-08-27,20.2293,NA,4.75,NA,52425.640625,49.970001220703125,4509.37,16.39,68.84,0.08,3.56642,87.17,NA,NA,29.886708626434654,3.919540229885057,4.46,6.943,4509.3701171875
2021-08-28,NA,NA,NA,NA,NA,NA,NA,NA,NA,0.08,3.56642,NA,NA,NA,26.673084042947057,2.1379310344827585,NA,NA,NA
2021-08-29,NA,NA,NA,NA,NA,NA,NA,NA,NA,0.08,3.56642,NA,NA,NA,23.138097001110697,1.7816091954022986,NA,NA,NA
2021-08-30,20.1403,NA,4.751,NA,52602.0703125,50.29999923706055,4528.79,16.19,69.28,0.08,3.52362,85.16,NA,NA,26.030359126249536,4.988505747126436,4.45,6.928,4528.7900390625
2021-08-31,20.0605,4.39,4.749,NA,53304.73828125,51.11000061035156,4522.68,16.48,68.43,0.06,3.52421,85.81,NA,NA,24.102184376156977,3.2068965517241375,4.43,6.928,4522.68017578125
2021-09-01,19.9615,NA,4.7502,NA,52215.5390625,50.34000015258789,4524.09,16.11,68.63,0.08,3.552,85.29,25,4,26.089981447124305,4.8979591836734695,4.4,6.943,4524.08984375
2021-09-02,19.9703,NA,4.7455,NA,52087.46875,50.4900016784668,4536.95,16.41,70.07,0.08,3.54395,84.06,NA,NA,24.698515769944343,4.548104956268221,4.45,6.928,4536.9501953125
2021-09-03,19.8992,NA,4.7425,NA,51835.08984375,50.31999969482422,4535.43,16.41,69.34,0.08,3.50202,83.48,NA,NA,27.481447124304268,2.7988338192419824,4.47,6.938,4535.43017578125
2021-09-04,NA,NA,NA,NA,NA,NA,NA,NA,NA,0.08,3.50202,NA,NA,NA,25.742115027829314,2.0991253644314867,NA,NA,NA
2021-09-05,NA,NA,NA,NA,NA,NA,NA,NA,NA,0.08,3.50202,NA,NA,NA,26.089981447124305,2.4489795918367347,NA,NA,NA
2021-09-06,19.8878,NA,4.7436,NA,52283.109375,NA,NA,NA,NA,0.08,3.50202,83.48,NA,NA,24.698515769944343,4.198250728862973,4.47,6.96,NA
2021-09-07,19.944,4.49,4.7471,NA,51950.44921875,50.43000030517578,4520.03,18.14,68.49,0.08,3.40598,84.96,NA,NA,23.65491651205937,3.8483965014577257,4.47,6.978,4520.02978515625
2021-09-08,19.9383,NA,4.7485,NA,51469.71875,49.86000061035156,4514.07,17.96,69.36,0.08,3.4183500000000002,85.21,NA,NA,24.00278293135436,4.198250728862973,4.48,6.928,4514.06982421875
2021-09-09,19.9318,NA,4.7445,NA,51395.05859375,49.869998931884766,4493.28,18.8,68.26,0.08,3.46911,85.19,NA,NA,24.350649350649352,4.8979591836734695,4.54,6.89,4493.27978515625
2021-09-10,19.8717,NA,4.745,NA,51521.80078125,50.0099983215332,4458.58,20.95,69.82,0.08,3.45281,83.55,NA,NA,24.698515769944343,6.29737609329446,4.6,6.942,4458.580078125
2021-09-11,NA,NA,NA,NA,NA,NA,NA,NA,NA,0.08,3.45281,NA,NA,NA,21.567717996289424,2.4489795918367347,NA,NA,NA
2021-09-12,NA,NA,NA,NA,NA,NA,NA,NA,NA,0.08,3.45281,NA,NA,NA,24.350649350649352,2.4489795918367347,NA,NA,NA
2021-09-13,19.8677,4.6,4.7425,NA,51496.7109375,50.16999816894531,4468.73,19.37,70.54,0.08,3.48154,83.82,NA,NA,26.437847866419297,4.198250728862973,4.59,6.982,4468.72998046875
2021-09-14,19.9035,NA,4.745,NA,51815.171875,50.41999816894531,4443.05,19.46,70.53,0.08,3.47392,84.19,NA,NA,26.089981447124305,3.8483965014577257,4.52,6.982,4443.0498046875
2021-09-15,19.9003,NA,4.745,NA,52192.328125,51,4480.7,18.18,72.59,0.08,3.40769,83.6,NA,NA,25.394248608534323,3.498542274052478,4.58,6.987,4480.7001953125
2021-09-16,NA,NA,NA,NA,NA,50.81999969482422,4473.75,18.69,72.69,0.08,3.43714,83.05,NA,NA,26.089981447124305,2.7988338192419824,NA,NA,4473.75
2021-09-17,19.9853,NA,4.745,NA,51307.7109375,49.70000076293945,4432.99,20.81,72.09,0.08,3.42784,81.55,NA,NA,25.742115027829314,4.198250728862973,4.6,7.04,4432.990234375
2021-09-18,NA,NA,NA,NA,NA,NA,NA,NA,NA,0.08,3.42784,NA,NA,NA,24.350649350649352,4.548104956268221,NA,NA,NA
2021-09-19,NA,NA,NA,NA,NA,NA,NA,NA,NA,0.08,3.42784,NA,NA,NA,23.65491651205937,2.0991253644314867,NA,NA,NA
2021-09-20,20.1735,NA,4.744,NA,50557.6484375,48.790000915527344,4357.73,25.71,70.41,0.08,3.56905,97.19,NA,NA,24.350649350649352,4.198250728862973,4.61,7.12,4357.72998046875
2021-09-21,20.1438,4.58,4.7445,NA,50828.12890625,48.880001068115234,4354.19,24.36,70.51,0.08,3.52197,94.06,NA,NA,26.437847866419297,5.247813411078717,4.62,7.142,4354.18994140625
2021-09-22,20.0328,NA,4.7475,NA,51338.33984375,49.56999969482422,4395.64,20.87,72.37,0.08,3.53697,93.29,NA,NA,22.6113172541744,5.947521865889213,4.57,7.126,4395.64013671875
2021-09-23,20.028,NA,4.7475,NA,51464.26953125,49.779998779296875,4448.98,18.63,73.43,0.08,3.50811,92.33,NA,NA,24.350649350649352,5.247813411078717,4.61,7.156,4448.97998046875
2021-09-24,20.1118,NA,4.7465,NA,51105.7109375,49.27000045776367,4455.48,17.75,74.18,0.08,3.54773,95.96,NA,NA,23.307050092764378,5.597667638483965,4.63,7.186,4455.47998046875
2021-09-25,NA,NA,NA,NA,NA,NA,NA,NA,NA,0.08,3.54773,NA,NA,NA,30.264378478664195,4.198250728862973,NA,NA,NA
2021-09-26,NA,NA,NA,NA,NA,NA,NA,NA,NA,0.08,3.54773,NA,NA,NA,21.915584415584416,3.498542274052478,NA,NA,NA
2021-09-27,20.1052,NA,4.7475,NA,51598.53125,49.72999954223633,4443.11,18.76,75.54,0.08,3.58682,97.78,NA,NA,21.567717996289424,3.8483965014577257,4.66,7.236,4443.10986328125
2021-09-28,20.306,4.69,4.7487,NA,50925.51953125,48.560001373291016,4352.63,23.25,75.44,0.08,3.60881,102.14,NA,NA,26.78571428571429,4.8979591836734695,4.68,7.331,4352.6298828125
2021-09-29,20.4977,NA,4.749,NA,51084.609375,48.16999816894531,4359.46,22.56,75.06,0.08,3.56474,100.86,NA,NA,26.089981447124305,3.14868804664723,4.7,7.336,4359.4599609375
2021-09-30,20.5623,NA,4.7515,NA,51385.55078125,48.2599983215332,4307.54,23.14,75.22,0.06,3.6037,101.72,NA,NA,27.133580705009276,3.8483965014577257,4.78,7.371,4307.5400390625
2021-10-01,20.5103,NA,4.965,7.61,51060.05078125,48.529998779296875,4357.04,21.15,76.01,0.08,3.62953,100.76,25,4,27.52922661870504,3.957446808510638,4.8,7.386,4357.0400390625
2021-10-02,NA,NA,NA,NA,NA,NA,NA,NA,NA,0.08,3.62953,NA,NA,NA,27.52922661870504,3.2978723404255317,NA,NA,NA
2021-10-03,NA,NA,NA,NA,NA,NA,NA,NA,NA,0.08,3.62953,NA,NA,NA,22.999100719424465,1.978723404255319,NA,NA,NA
2021-10-04,20.5747,NA,4.9825,NA,50862.94140625,48.099998474121094,4300.46,22.96,77.68,0.08,3.63662,102.39,NA,NA,28.226169064748206,2.9680851063829783,4.85,7.496,4300.4599609375
2021-10-05,20.5818,4.81,4.985,NA,51056.94140625,48.130001068115234,4345.72,21.3,79.17,0.08,3.58415,100.59,NA,NA,26.832284172661875,3.627659574468085,4.9,7.601,4345.72021484375
2021-10-06,20.6947,NA,4.9875,NA,50974.48828125,48.029998779296875,4363.55,21,77.66,0.08,3.63056,101.47,NA,NA,27.877697841726622,3.2978723404255317,4.8,7.551,4363.5498046875
2021-10-07,20.604,NA,4.9825,NA,50876.98046875,47.849998474121094,4399.76,19.54,78.46,0.08,3.56366,97.66,NA,NA,25.786870503597125,4.287234042553191,4.87,7.516,4399.759765625
2021-10-08,20.7293,NA,4.985,NA,51136.62109375,48.04999923706055,4391.34,18.77,79.55,0.08,3.55617,98.61,NA,NA,25.786870503597125,4.946808510638298,4.91,7.476,4391.33984375
2021-10-09,NA,NA,NA,NA,NA,NA,NA,NA,NA,0.08,3.55617,NA,NA,NA,28.226169064748206,3.627659574468085,NA,NA,NA
2021-10-10,NA,NA,NA,NA,NA,NA,NA,NA,NA,0.08,3.55617,NA,NA,NA,28.57464028776979,3.2978723404255317,NA,NA,NA
2021-10-11,20.8017,NA,4.9862,NA,51646.75,47.90999984741211,4361.19,20,80.64,0.08,3.55617,98.61,NA,NA,27.18075539568346,3.957446808510638,4.95,7.501,4361.18994140625
2021-10-12,20.7767,4.79,4.9825,NA,51835.87890625,48.31999969482422,4350.65,19.85,80.75,0.08,3.58593,103.44,NA,NA,28.923111510791372,3.957446808510638,4.78,7.436,4350.64990234375
2021-10-13,20.6827,NA,4.9857,NA,51812.87109375,48.79999923706055,4363.8,18.64,80.67,0.08,3.59699,103.41,NA,NA,25.089928057553962,4.617021276595745,4.79,7.396,4363.7998046875
2021-10-14,20.6075,NA,4.9806,NA,52140.23828125,48.959999084472656,4438.26,16.86,81.43,0.08,3.57267,97.15,NA,NA,22.999100719424465,4.946808510638298,4.79,7.375,4438.259765625
2021-10-15,20.4672,NA,4.9855,NA,52798.37890625,50.08000183105469,4471.37,16.3,82.39,0.08,3.53237,97.02,NA,NA,25.089928057553962,3.957446808510638,4.87,7.415,4471.3701171875
2021-10-16,NA,NA,NA,NA,NA,NA,NA,NA,NA,0.08,3.53237,NA,NA,NA,27.18075539568346,4.946808510638298,NA,NA,NA
2021-10-17,NA,NA,NA,NA,NA,NA,NA,NA,NA,0.08,3.53237,NA,NA,NA,27.52922661870504,3.2978723404255317,NA,NA,NA
2021-10-18,20.3587,NA,4.9875,NA,52686.03125,49.81999969482422,4486.46,16.31,82.62,0.08,3.55706,99.1,NA,NA,26.832284172661875,4.946808510638298,4.89,7.465,4486.4599609375
2021-10-19,20.2647,4.83,4.9825,NA,52402.73046875,49.88999938964844,4519.63,15.7,83.19,0.08,3.51922,96.17,NA,NA,21.60521582733813,3.957446808510638,4.82,7.425,4519.6298828125
2021-10-20,20.185,NA,4.9825,NA,52298.19921875,50.08000183105469,4536.19,15.49,84.4,0.08,3.52171,95.96,NA,NA,22.650629496402882,4.617021276595745,4.82,7.465,4536.18994140625
2021-10-21,20.2643,NA,4.9912,NA,52020.05078125,49.41999816894531,4549.78,15.01,82.64,0.08,3.50768,97.8,NA,NA,25.438399280575542,6.26595744680851,4.82,7.555,4549.77978515625
2021-10-22,20.1837,NA,4.9925,NA,51889.66015625,49.529998779296875,4544.9,15.43,84.53,0.08,3.52897,99.12,NA,NA,24.392985611510795,3.2978723404255317,4.87,7.541,4544.89990234375
2021-10-23,NA,NA,NA,NA,NA,NA,NA,NA,NA,0.08,3.52897,NA,NA,NA,24.392985611510795,5.276595744680851,NA,NA,NA
2021-10-24,NA,NA,NA,NA,NA,NA,NA,NA,NA,0.08,3.52897,NA,NA,NA,23.347571942446045,4.617021276595745,NA,NA,NA
2021-10-25,20.1897,NA,4.995,NA,51833.80078125,49.56999969482422,4566.48,15.24,84.64,0.08,3.54269,97.4,NA,NA,24.392985611510795,5.936170212765957,4.87,7.576,4566.47998046875
2021-10-26,20.1888,4.93,4.995,NA,52206.58984375,49.75,4574.79,15.98,85.64,0.08,3.53893,94.91,NA,NA,22.999100719424465,4.617021276595745,4.92,7.576,4574.7900390625
2021-10-27,20.193,NA,4.995,NA,51714.6015625,49.13999938964844,4551.68,16.98,82.66,0.08,3.54122,96.18,NA,NA,22.999100719424465,3.957446808510638,4.94,7.526,4551.68017578125
2021-10-28,20.3255,NA,4.9962,NA,51248.83984375,48.790000915527344,4596.42,16.53,82.78,0.08,3.47763,99.59,NA,NA,23.69604316546763,3.2978723404255317,4.96,7.546,4596.419921875
2021-10-29,20.5297,NA,4.9975,NA,51309.83984375,48.349998474121094,4605.38,16.26,83.5,0.07,3.53422,103.43,NA,NA,24.74145683453238,3.957446808510638,5.01,7.486,4605.3798828125
2021-10-30,NA,NA,NA,NA,NA,NA,NA,NA,NA,0.07,3.53422,NA,NA,NA,17.075089928057558,2.3085106382978724,NA,NA,NA
2021-10-31,NA,NA,NA,NA,NA,NA,NA,NA,NA,0.07,3.53422,NA,NA,NA,17.075089928057558,1.978723404255319,NA,NA,NA
2021-11-01,20.8598,5,5.0004,7.54,51653.26171875,48.189998626708984,4613.67,16.41,84.08,0.08,3.5682,105.24,29,6,26.939086294416242,2.471395881006865,5.03,7.576,4613.669921875
2021-11-02,NA,NA,NA,NA,NA,48.029998779296875,4630.65,16.03,83.91,0.08,3.60674,104.73,NA,NA,34.005076142131976,2.471395881006865,NA,NA,4630.64990234375
2021-11-03,20.8352,NA,5.0022,NA,51876.80859375,48.83000183105469,4660.57,15.1,80.82,0.08,3.56947,103.3,NA,NA,30.03045685279188,4.530892448512586,5.01,7.536,4660.56982421875
2021-11-04,20.6242,NA,4.9754,NA,51873.4609375,49.0099983215332,4680.06,15.44,78.88,0.08,3.58228,101.85,NA,NA,27.82233502538071,4.118993135011442,5.08,7.406,4680.06005859375
2021-11-05,20.3925,NA,4.9902,NA,51977.9609375,49.66999816894531,4697.53,16.48,81.25,0.08,3.61848,99.05,NA,NA,25.614213197969544,4.118993135011442,5.15,7.281,4697.52978515625
2021-11-06,NA,NA,NA,NA,NA,NA,NA,NA,NA,0.08,3.61848,NA,NA,NA,24.730964467005077,4.118993135011442,NA,NA,NA
2021-11-07,NA,NA,NA,NA,NA,NA,NA,NA,NA,0.08,3.61848,NA,NA,NA,23.406091370558375,2.471395881006865,NA,NA,NA
2021-11-08,20.3265,NA,4.995,NA,52251.48828125,49.90999984741211,4701.7,17.22,81.96,0.08,3.51639,97.55,NA,NA,27.380710659898476,4.530892448512586,5.16,7.286,4701.7001953125
2021-11-09,20.2833,5.14,4.9975,NA,52114.12109375,49.84000015258789,4685.25,17.78,84.12,0.08,3.54508,96.73,NA,NA,23.84771573604061,4.94279176201373,5.13,7.236,4685.25
2021-11-10,20.4702,NA,4.9987,NA,51704.3984375,48.75,4646.71,18.73,81.23,0.08,3.4977,98.8,NA,NA,26.055837563451774,6.178489702517163,5.13,7.326,4646.7099609375
2021-11-11,20.4652,NA,5.001,NA,51707.01171875,48.66999816894531,4649.27,17.66,81.47,0.08,3.4977,98.8,NA,NA,23.84771573604061,6.178489702517163,5.15,7.216,4649.27001953125
2021-11-12,20.5072,NA,5.22,NA,51432.5390625,48.779998779296875,4682.85,16.29,80.87,0.08,3.50116,97.41,NA,NA,26.49746192893401,6.178489702517163,5.03,7.366,4682.85009765625
2021-11-13,NA,NA,NA,NA,NA,NA,NA,NA,NA,0.08,3.50116,NA,NA,NA,24.289340101522843,3.2951945080091534,NA,7.54,NA
2021-11-14,NA,NA,NA,NA,NA,NA,NA,NA,NA,0.08,3.50116,NA,NA,NA,24.730964467005077,2.059496567505721,NA,NA,NA
2021-11-15,NA,NA,NA,NA,NA,48.5099983215332,4682.8,16.49,80.85,0.08,3.48476,96.64,NA,NA,24.289340101522843,2.883295194508009,NA,NA,4682.7998046875
2021-11-16,20.8092,5,5.23,NA,51161.5,48.0099983215332,4700.9,16.37,80.76,0.08,3.49212,97.54,NA,NA,26.939086294416242,4.94279176201373,5.05,7.366,4700.89990234375
2021-11-17,20.6912,NA,5.229,NA,51045.1015625,48.0099983215332,4688.67,17.11,78.32,0.08,3.50588,98.38,NA,NA,24.730964467005077,5.766590389016018,4.95,7.43,4688.669921875
2021-11-18,20.7628,NA,5.2335,NA,50831.94921875,47.540000915527344,4704.54,17.59,78.92,0.08,3.50991,97.03,NA,NA,25.17258883248731,5.354691075514874,5.04,7.486,4704.5400390625
2021-11-19,20.8283,NA,5.2362,NA,50811.30078125,47.27000045776367,4697.96,17.91,76.11,0.08,3.52465,97.88,NA,NA,22.96446700507614,5.766590389016018,5.05,7.466,4697.9599609375
2021-11-20,NA,NA,NA,NA,NA,NA,NA,NA,NA,0.08,3.52465,NA,NA,NA,26.939086294416242,3.7070938215102975,NA,NA,NA
2021-11-21,NA,NA,NA,NA,NA,NA,NA,NA,NA,0.08,3.52465,NA,NA,NA,25.17258883248731,3.7070938215102975,NA,NA,NA
2021-11-22,20.9632,NA,5.2368,NA,50497.078125,46.65999984741211,4682.94,19.17,76.74,0.08,3.5114899999999998,99.62,NA,NA,27.380710659898476,4.94279176201373,5.05,7.586,4682.93994140625
2021-11-23,21.2107,5.05,5.2375,NA,51116.3203125,46.650001525878906,4690.7,19.38,78.32,0.08,3.5715,104.62,NA,NA,30.472081218274113,6.590389016018307,5.03,7.726,4690.7001953125
2021-11-24,21.4357,NA,5.235,NA,50848.03125,46.029998779296875,4701.46,18.58,78.32,0.08,3.66499,111.54,NA,NA,37.97969543147208,11.533180778032037,5.05,7.64,4701.4599609375
2021-11-25,21.5462,NA,5.235,NA,50625,NA,NA,NA,NA,0.08,3.66499,111.54,NA,NA,36.65482233502538,17.7116704805492,5.14,7.751,NA
2021-11-26,21.8185,NA,5.2325,NA,49492.51953125,44.22999954223633,4594.62,28.62,NA,0.08,3.92491,124.12,NA,NA,44.16243654822335,14.82837528604119,5.15,7.656,4594.6201171875
2021-11-27,NA,NA,NA,NA,NA,NA,NA,NA,NA,0.08,3.92491,NA,NA,NA,42.39593908629442,11.533180778032037,NA,7.928,NA
2021-11-28,NA,NA,NA,NA,NA,NA,NA,NA,NA,0.08,3.92491,NA,NA,NA,33.56345177664974,7.414187643020595,NA,NA,NA
2021-11-29,21.7333,NA,5.2275,NA,49796.30078125,44.66999816894531,4655.27,22.96,69.88,0.08,3.86487,115.77,NA,NA,34.44670050761421,7.826086956521739,5.17,7.636,4655.27001953125
2021-11-30,21.4453,5.1,5.2275,NA,49698.71875,45.310001373291016,4567,27.19,66.14,0.07,3.88558,118.46,NA,NA,37.53807106598985,7.826086956521739,5.18,7.471,4567
2021-12-01,21.271,NA,5.231,7.57,50007.16015625,45.560001373291016,4513.04,31.12,65.44,0.08,3.80774,115.3,31,5,34.274943566591425,7.916666666666667,5.1,7.476,4513.0400390625
2021-12-02,21.3033,NA,5.2315,NA,50927.37890625,46.86000061035156,4577.1,27.95,66.6,0.08,3.76725,113.48,NA,NA,32.10564334085779,9.583333333333334,5.15,7.446,4577.10009765625
2021-12-03,21.4177,NA,5.227,NA,50597.2890625,46.70000076293945,4538.43,30.67,66.39,0.08,3.8074,114.41,NA,NA,30.370203160270883,7.5,5.18,7.36,4538.43017578125
2021-12-04,NA,NA,NA,NA,NA,NA,NA,NA,NA,0.08,3.8074,NA,NA,NA,36.44424379232506,4.166666666666667,NA,7.634,NA
2021-12-05,NA,NA,NA,NA,NA,NA,NA,NA,NA,0.08,3.8074,NA,NA,NA,28.200902934537247,5,NA,NA,NA
2021-12-06,21.2047,NA,5.2325,NA,50605.55859375,46.599998474121094,4591.67,27.18,69.62,0.08,3.64125,112.78,NA,NA,29.0686230248307,7.5,5.22,7.386,4591.669921875
2021-12-07,21.0907,5.2,5.2372,NA,50918.28125,47.52000045776367,4686.75,21.89,71.94,0.08,3.56481,105.51,NA,NA,28.634762979683973,6.666666666666667,5.24,7.37,4686.75
2021-12-08,20.933,NA,5.235,NA,51056.26953125,47.869998931884766,4701.21,19.9,72.43,0.08,3.52442,100.1,NA,NA,27.333182844243794,5.416666666666667,5.2,7.356,4701.2099609375
2021-12-09,21.0328,NA,5.24,NA,51238.01953125,47.939998626708984,4667.45,21.58,70.87,0.08,3.54012,102.38,NA,NA,27.333182844243794,7.916666666666667,5.22,7.316,4667.4501953125
2021-12-10,20.8922,NA,5.2362,NA,51213.48046875,48.08000183105469,4712.02,18.69,71.71,0.08,3.55561,100.65,NA,NA,26.46546275395034,8.333333333333334,5.27,7.326,4712.02001953125
2021-12-11,NA,NA,NA,NA,NA,NA,NA,NA,NA,0.08,3.55561,NA,NA,NA,28.200902934537247,7.083333333333334,NA,NA,NA
2021-12-12,NA,NA,NA,NA,NA,NA,NA,NA,NA,0.08,3.55561,NA,NA,NA,26.46546275395034,3.3333333333333335,NA,NA,NA
2021-12-13,20.9383,NA,5.2377,NA,50419.171875,46.43000030517578,4668.97,20.31,71.19,0.08,3.61856,100.18,NA,NA,27.76704288939052,5.833333333333334,5.28,7.316,4668.97021484375
2021-12-14,21.165,5.2,5.2389,NA,51241.46875,46.849998474121094,4634.09,21.89,70.57,0.08,3.59986,100.92,NA,NA,30.370203160270883,6.666666666666667,5.22,7.361,4634.08984375
2021-12-15,21.2393,NA,5.2382,NA,51163.66015625,47.34000015258789,4709.85,19.29,70.89,0.08,3.57366,100.77,NA,NA,28.200902934537247,5,5.25,7.356,4709.85009765625
2021-12-16,20.9238,NA,5.2491,NA,51384.05859375,47.93000030517578,4668.67,20.57,72.34,0.08,3.58009,100.6,NA,NA,30.370203160270883,4.583333333333334,5.52,7.346,4668.669921875
2021-12-17,20.7337,NA,5.7,NA,52379.37109375,48.83000183105469,4620.64,21.57,70.93,0.08,3.59617,101.43,NA,NA,30.80406320541761,4.583333333333334,5.53,7.316,4620.64013671875
2021-12-18,NA,NA,NA,NA,NA,NA,NA,NA,NA,0.08,3.59617,NA,NA,NA,32.97336343115124,3.75,NA,NA,NA
2021-12-19,NA,NA,NA,NA,NA,NA,NA,NA,NA,0.08,3.59617,NA,NA,NA,29.0686230248307,3.75,NA,NA,NA
2021-12-20,20.7363,NA,5.71,NA,51623.859375,48.380001068115234,4568.02,22.87,68.69,0.08,3.62132,102.6,NA,NA,36.01038374717833,3.3333333333333335,5.52,7.326,4568.02001953125
2021-12-21,20.7823,5.45,5.71,NA,52085.28125,48.68000030517578,4649.23,21.01,71.1,0.08,3.54456,99.95,NA,NA,31.237923250564336,2.916666666666667,5.55,7.416,4649.22998046875
2021-12-22,20.7527,NA,5.712,NA,52403.05078125,49.34000015258789,4696.56,18.63,72.82,0.08,3.55045,98.93,NA,NA,35.14266365688488,5,5.45,7.496,4696.56005859375
2021-12-23,20.6582,NA,5.7122,NA,52650.91015625,49.720001220703125,4725.79,17.96,73.89,0.08,3.50494,93.91,NA,NA,34.274943566591425,3.3333333333333335,5.46,7.526,4725.7900390625
2021-12-24,20.6112,NA,5.7135,NA,52853.37890625,NA,NA,NA,NA,0.08,3.50494,94.1,NA,NA,34.274943566591425,2.916666666666667,5.51,7.316,NA
2021-12-25,NA,NA,NA,NA,NA,NA,NA,NA,NA,0.08,3.50494,NA,NA,NA,28.200902934537247,2.0833333333333335,NA,7.806,NA
2021-12-26,NA,NA,NA,NA,NA,NA,NA,NA,NA,0.08,3.50494,NA,NA,NA,32.53950338600452,3.3333333333333335,NA,NA,NA
2021-12-27,20.6828,NA,5.714,NA,53259.55859375,50.279998779296875,4791.19,17.68,75.49,0.08,3.51085,93.03,NA,NA,34.274943566591425,3.3333333333333335,5.52,7.601,4791.18994140625
2021-12-28,20.577,5.49,5.7157,NA,53238.48046875,50.34000015258789,4786.35,17.54,76.01,0.08,3.48932,92.72,NA,NA,35.14266365688488,2.916666666666667,5.52,7.556,4786.35009765625
2021-12-29,20.5835,NA,5.715,NA,52748.9296875,50.189998626708984,4793.06,16.95,76.58,0.08,3.43666,91.4,NA,NA,31.237923250564336,3.75,5.48,7.586,4793.06005859375
2021-12-30,20.5157,NA,5.715,NA,53175.25,50.68000030517578,4778.73,17.33,76.83,0.08,3.48186,91.56,NA,NA,34.274943566591425,4.583333333333334,5.47,7.581,4778.72998046875
2021-12-31,20.4672,NA,5.715,NA,53272.44140625,50.599998474121094,4766.18,17.22,75.33,0.07,3.47468,90.69,NA,NA,29.936343115124156,2.916666666666667,5.47,7.556,4766.18017578125
2022-01-01,NA,NA,NA,NA,NA,NA,NA,NA,NA,0.07,3.47468,NA,31,7,32.199622463426145,3.2319148936170214,NA,7.819,NA
2022-01-02,NA,NA,NA,NA,NA,NA,NA,NA,NA,0.07,3.47468,NA,NA,NA,36.73478055686645,5.078723404255319,NA,NA,NA
2022-01-03,20.589,NA,5.7175,NA,52941.01171875,50.41999816894531,4796.56,16.6,75.99,0.08,3.40592,88.31,NA,NA,36.281264747522414,11.542553191489361,5.47,7.666,4796.56005859375
2022-01-04,20.4742,5.51,5.7165,NA,53016.78125,50.540000915527344,4793.54,16.91,77,0.08,3.43882,90.53,NA,NA,39.90939122227466,11.542553191489361,5.52,7.796,4793.5400390625
2022-01-05,20.3977,NA,5.718,NA,53024.1484375,50.2400016784668,4700.58,19.73,77.83,0.08,3.46002,96.92,NA,NA,32.65313827277017,9.23404255319149,5.51,7.806,4700.580078125
2022-01-06,20.4588,NA,5.7185,NA,53055.30859375,50.45000076293945,4696.05,19.61,79.47,0.08,3.48486,96.4,NA,NA,31.746106654082112,9.695744680851064,5.53,7.786,4696.0498046875
2022-01-07,20.4237,NA,5.719,NA,53202.109375,50.7599983215332,4677.03,18.76,79,0.08,3.48424,95.46,NA,NA,34.92071731949032,10.619148936170212,NA,7.801,4677.02978515625
2022-01-08,NA,NA,NA,NA,NA,NA,NA,NA,NA,0.08,3.48424,NA,NA,NA,34.01368570080226,7.3872340425531915,NA,8.061,NA
2022-01-09,NA,NA,NA,NA,NA,NA,NA,NA,NA,0.08,3.48424,NA,NA,NA,34.01368570080226,4.1553191489361705,NA,NA,NA
2022-01-10,20.4453,NA,5.719,NA,52835.76171875,50.439998626708984,4670.29,19.4,78.11,0.08,3.53303,95.57,NA,NA,33.56016989145824,9.23404255319149,5.54,7.786,4670.2900390625
2022-01-11,20.3785,5.52,5.721,NA,53061.921875,50.52000045776367,4713.07,18.41,81.17,0.08,3.53143,94.34,NA,NA,29.025011798017932,7.3872340425531915,5.56,7.786,4713.06982421875
2022-01-12,20.366,NA,5.7225,NA,53951.140625,51.38999938964844,4726.35,17.62,82.51,0.08,3.50652,94.53,NA,NA,28.571495988673902,7.848936170212766,5.51,7.786,4726.35009765625
2022-01-13,20.3607,NA,5.7225,NA,53930.44921875,51.290000915527344,4659.03,20.31,81.97,0.08,3.58637,97.64,NA,NA,28.117980179329873,8.772340425531915,5.54,7.646,4659.02978515625
2022-01-14,20.3118,NA,5.7215,NA,53744.921875,51.27000045776367,4662.85,19.19,83.82,0.08,3.58084,100.23,NA,NA,31.746106654082112,8.772340425531915,5.53,7.666,4662.85009765625
2022-01-15,NA,NA,NA,NA,NA,NA,NA,NA,NA,0.08,3.58084,NA,NA,NA,31.292590844738083,6.002127659574468,NA,7.935,NA
2022-01-16,NA,NA,NA,NA,NA,NA,NA,NA,NA,0.08,3.58084,NA,NA,NA,31.292590844738083,4.617021276595745,NA,NA,NA
2022-01-17,20.3002,NA,5.722,NA,53973.26953125,NA,NA,NA,NA,0.08,3.58084,100.23,NA,NA,28.571495988673902,10.157446808510638,5.55,7.686,NA
2022-01-18,20.403,5.57,5.7225,NA,53232.19921875,50.529998779296875,4577.11,22.79,85.42,0.08,3.59325,101.9,NA,NA,26.75743275129778,6.463829787234043,5.6,7.751,4577.10986328125
2022-01-19,20.46,NA,5.7262,NA,52823.23046875,49.91999816894531,4532.76,23.85,86.84,0.08,3.57472,97.37,NA,NA,26.30391694195375,6.463829787234043,5.58,7.69,4532.759765625
2022-01-20,20.4507,NA,5.728,NA,52508.3515625,49.630001068115234,4482.73,25.59,86.29,0.08,3.51848,97.27,NA,NA,27.66446436998584,6.002127659574468,5.65,7.646,4482.72998046875
2022-01-21,20.4598,NA,5.7277,NA,51599.37890625,49.09000015258789,4397.94,28.85,85.16,0.08,3.57734,99.59,NA,NA,30.385559226050024,6.002127659574468,5.7,7.646,4397.93994140625
2022-01-22,NA,NA,NA,NA,NA,NA,NA,NA,NA,0.08,3.57734,NA,NA,NA,33.106654082114204,6.463829787234043,NA,7.825,NA
2022-01-23,NA,NA,NA,NA,NA,NA,NA,NA,NA,0.08,3.57734,NA,NA,NA,32.65313827277017,4.1553191489361705,NA,NA,NA
2022-01-24,20.6308,NA,5.7298,NA,50890.58984375,48.290000915527344,4410.13,29.9,84.48,0.08,3.62715,103.05,NA,NA,32.65313827277017,8.772340425531915,5.66,7.626,4410.1298828125
2022-01-25,20.6683,5.5,5.7319,NA,51104.390625,48.04999923706055,4356.45,31.16,86.61,0.08,3.5841,102.76,NA,NA,33.106654082114204,7.3872340425531915,5.49,7.616,4356.4501953125
2022-01-26,20.6415,NA,5.733,NA,51037.05078125,47.83000183105469,4349.93,31.96,88.33,0.08,3.51312,101.9,NA,NA,28.571495988673902,6.463829787234043,5.52,7.676,4349.93017578125
2022-01-27,20.7383,NA,5.733,NA,50466.01953125,47.25,4326.51,30.49,87.61,0.08,3.56151,104.59,NA,NA,27.66446436998584,6.002127659574468,5.6,7.691,4326.509765625
2022-01-28,20.8597,NA,5.734,NA,50661.859375,47.36000061035156,4431.85,27.66,87.67,0.08,3.6238,106.03,NA,NA,27.66446436998584,4.617021276595745,5.74,7.696,4431.85009765625
2022-01-29,NA,NA,NA,NA,NA,NA,NA,NA,NA,0.08,3.6238,NA,NA,NA,28.117980179329873,5.540425531914893,NA,NA,NA
2022-01-30,NA,NA,NA,NA,NA,NA,NA,NA,NA,0.08,3.6238,NA,NA,NA,25.39688532326569,3.6936170212765957,NA,NA,NA
2022-01-31,20.6352,NA,5.7365,NA,51330.8515625,48.54999923706055,4515.55,24.83,89.16,0.08,3.56306,104.69,NA,NA,26.30391694195375,3.6936170212765957,5.77,7.656,4515.5498046875
2022-02-01,20.58,5.84,5.738,7.68,51782.671875,49.18000030517578,4546.54,21.96,88.22,0.08,3.54307,101.5,32,6,34.00481927710843,5.387755102040816,5.83,7.666,4546.5400390625
2022-02-02,20.6003,NA,5.739,NA,52023.26953125,49.380001068115234,4589.38,22.09,88.16,0.08,3.51223,99.81,NA,NA,29.686746987951807,6.36734693877551,5.84,7.596,4589.3798828125
2022-02-03,20.5562,NA,5.7415,NA,51145.109375,48.4900016784668,4477.44,24.35,90.17,0.08,3.51357,102.68,NA,NA,28.06746987951807,6.857142857142857,5.84,7.596,4477.43994140625
2022-02-04,20.7325,NA,5.742,NA,51255.30859375,48.27000045776367,4500.53,23.22,92.27,0.08,3.52964,106.13,NA,NA,33.46506024096386,5.877551020408163,5.85,7.62,4500.52978515625
2022-02-05,NA,NA,NA,NA,NA,NA,NA,NA,NA,0.08,3.52964,NA,NA,NA,28.06746987951807,3.9183673469387754,NA,7.894,NA
2022-02-06,NA,NA,NA,NA,NA,NA,NA,NA,NA,0.08,3.52964,NA,NA,NA,27.527710843373494,3.9183673469387754,NA,NA,NA
2022-02-07,NA,NA,NA,NA,NA,48.290000915527344,4483.87,22.86,91.25,0.08,3.5758,107.92,NA,NA,32.3855421686747,3.9183673469387754,NA,NA,4483.8701171875
2022-02-08,20.6413,5.75,5.745,NA,52294.578125,49.400001525878906,4521.54,21.44,89.32,0.08,3.59092,108.02,NA,NA,29.14698795180723,6.36734693877551,5.87,7.656,4521.5400390625
2022-02-09,20.5008,NA,5.745,NA,52761.91015625,50.2400016784668,4587.18,19.96,89.57,0.08,3.5652,104.38,NA,NA,29.14698795180723,6.857142857142857,5.95,7.686,4587.18017578125
2022-02-10,20.4148,NA,5.7537,NA,52599.578125,49.7400016784668,4504.08,23.91,89.83,0.08,3.57624,110.38,NA,NA,25.90843373493976,7.346938775510204,5.99,7.766,4504.080078125
2022-02-11,20.4188,NA,6.2012,NA,53229.26171875,50.31999969482422,4418.64,27.36,93.1,0.08,3.7359,116.35,NA,NA,30.226506024096388,7.836734693877551,6.01,7.766,4418.64013671875
2022-02-12,NA,NA,NA,NA,NA,NA,NA,NA,NA,0.08,3.7359,NA,NA,NA,30.766265060240965,5.877551020408163,NA,NA,NA
2022-02-13,NA,NA,NA,NA,NA,NA,NA,NA,NA,0.08,3.7359,NA,NA,NA,29.686746987951807,4.408163265306122,NA,NA,NA
2022-02-14,20.411,NA,6.2256,NA,52334.73046875,49.7599983215332,4401.67,28.33,95.52,0.08,3.73959,115.25,NA,NA,28.06746987951807,5.877551020408163,6.03,7.816,4401.669921875
2022-02-15,20.3992,5.95,6.2325,NA,53210.94140625,50.720001220703125,4471.07,25.7,92.07,0.08,3.64227,111.69,NA,NA,28.607228915662652,6.857142857142857,6.06,7.801,4471.06982421875
2022-02-16,20.3335,NA,6.2375,NA,53680.859375,51.33000183105469,4475.01,24.29,93.83,0.08,3.65495,109.33,NA,NA,30.226506024096388,7.836734693877551,5.95,7.766,4475.009765625
2022-02-17,20.2978,NA,6.2325,NA,52712.05859375,50.47999954223633,4380.26,28.11,91.78,0.08,3.72052,111.92,NA,NA,29.686746987951807,5.877551020408163,5.98,7.776,4380.259765625
2022-02-18,20.3063,NA,6.2275,NA,52281.53125,50.209999084472656,4348.87,27.75,91.26,0.08,3.77546,113.26,NA,NA,27.527710843373494,6.36734693877551,6.03,7.776,4348.8701171875
2022-02-19,NA,NA,NA,NA,NA,NA,NA,NA,NA,0.08,3.77546,NA,NA,NA,29.14698795180723,5.877551020408163,NA,8.047,NA
2022-02-20,NA,NA,NA,NA,NA,NA,NA,NA,NA,0.08,3.77546,NA,NA,NA,28.06746987951807,4.408163265306122,NA,NA,NA
2022-02-21,20.2825,NA,6.225,NA,52025.1796875,NA,NA,NA,NA,0.08,3.77546,113.26,NA,NA,30.226506024096388,5.387755102040816,6.05,7.7,NA
2022-02-22,20.2977,5.94,6.225,NA,52600.44921875,50.459999084472656,4304.76,28.81,92.11,0.08,3.81563,114.43,NA,NA,30.766265060240965,6.36734693877551,5.93,7.8,4304.759765625
2022-02-23,20.2435,NA,6.221,NA,51362.94921875,49.2599983215332,4225.5,31.02,92.14,0.08,3.84202,119.08,NA,NA,29.686746987951807,6.857142857142857,5.94,7.85,4225.5
2022-02-24,20.6525,NA,6.228,NA,51454.05078125,48.40999984741211,4288.7,30.32,92.77,0.08,3.83006,117.5,NA,NA,52.3566265060241,7.346938775510204,5.98,7.89,4288.7001953125
2022-02-25,20.4465,NA,6.234,NA,52555.6015625,50.06999969482422,4384.65,27.59,91.68,0.08,3.72034,111.71,NA,NA,53.975903614457835,7.346938775510204,5.99,7.88,4384.64990234375
2022-02-26,NA,NA,NA,NA,NA,NA,NA,NA,NA,0.08,3.72034,NA,NA,NA,36.70361445783133,5.387755102040816,NA,8.156,NA
2022-02-27,NA,NA,NA,NA,NA,NA,NA,NA,NA,0.08,3.72034,NA,NA,NA,34.54457831325301,4.408163265306122,NA,NA,NA
2022-02-28,20.4257,NA,6.2367,NA,53400.609375,50.34000015258789,4373.94,30.15,96.13,0.08,3.81958,114.21,NA,NA,38.322891566265064,6.857142857142857,6.09,7.865,4373.93994140625
2022-03-01,20.5272,6.06,6.2395,8.6,53168.8203125,49.72999954223633,4306.26,33.32,103.66,0.08,3.86719,115.88,38,7,36.48427968090099,6.547413793103448,6.12,7.95,4306.259765625
2022-03-02,20.7193,NA,6.241,NA,53300.66015625,49.959999084472656,4386.54,30.74,110.74,0.08,3.79277,110.05,NA,NA,34.825903331769126,6.547413793103448,6.08,7.96,4386.5400390625
2022-03-03,20.7033,NA,6.2362,NA,53528.01171875,49.93000030517578,4363.49,30.48,107.69,0.08,3.83966,108.24,NA,NA,33.72031909901455,6.547413793103448,6.18,7.98,4363.490234375
2022-03-04,20.9262,NA,6.2315,NA,53322.05078125,49.06999969482422,4328.87,31.98,115.77,0.08,4.01508,113.64,NA,NA,39.248240262787434,7.0150862068965525,6.18,8.07,4328.8701171875
2022-03-05,NA,NA,NA,NA,NA,NA,NA,NA,NA,0.08,4.01508,NA,NA,NA,35.378695448146416,4.676724137931035,NA,NA,NA
2022-03-06,NA,NA,NA,NA,NA,NA,NA,NA,NA,0.08,4.01508,NA,NA,NA,29.85077428437354,4.2090517241379315,NA,NA,NA
2022-03-07,21.1947,NA,6.23,NA,52312.609375,46.9900016784668,4201.09,36.45,119.26,0.08,4.08165,121.15,NA,NA,37.58986391365557,7.0150862068965525,6.23,8.325,4201.08984375
2022-03-08,21.3775,6.15,6.23,NA,53288.23046875,47.880001068115234,4170.7,35.13,123.64,0.08,4.06213,117.51,NA,NA,42.01220084467387,6.547413793103448,6.26,8.45,4170.7001953125
2022-03-09,20.9677,NA,6.235,NA,53911.76171875,49.68000030517578,4277.88,32.45,108.81,0.08,3.92652,107.72,NA,NA,44.77616142656031,7.950431034482759,6.15,8.34,4277.8798828125
2022-03-10,20.9743,NA,6.2375,NA,53387.62109375,49.220001220703125,4259.52,30.23,105.93,0.08,3.88352,108.12,NA,NA,40.35382449554201,9.821120689655173,6.25,8.46,4259.52001953125
2022-03-11,20.9695,NA,6.2375,NA,53300.69921875,49.150001525878906,4204.31,30.75,109.31,0.08,3.87802,110.12,NA,NA,39.248240262787434,8.418103448275863,6.3,8.495,4204.31005859375
2022-03-12,NA,NA,NA,NA,NA,NA,NA,NA,NA,0.08,3.87802,NA,NA,NA,38.69544814641014,7.0150862068965525,NA,8.795,NA
2022-03-13,NA,NA,NA,NA,NA,NA,NA,NA,NA,0.08,3.87802,NA,NA,NA,37.58986391365557,5.144396551724138,NA,NA,NA
2022-03-14,20.8908,NA,6.2425,NA,52807.62109375,48.77000045776367,4173.11,31.77,103.22,0.08,3.83499,108.8,NA,NA,34.27311121539184,8.418103448275863,6.32,8.635,4173.10986328125
2022-03-15,20.8743,6.33,6.2487,NA,53010.01171875,49.43000030517578,4262.45,29.83,96.42,0.08,3.86205,106.27,NA,NA,34.27311121539184,7.482758620689656,6.34,8.61,4262.4501953125
2022-03-16,20.7035,NA,6.2523,NA,53411.87890625,50.349998474121094,4357.86,26.67,94.85,0.08,3.7957,104.22,NA,NA,33.16752698263726,7.950431034482759,6.35,8.51,4357.85986328125
2022-03-17,20.5585,NA,6.26,NA,54364.51171875,51.459999084472656,4411.67,25.67,102.97,0.33,3.66389,96.45,NA,NA,34.825903331769126,6.079741379310345,6.49,8.43,4411.669921875
2022-03-18,20.4145,NA,6.2625,NA,55467.05859375,52.59000015258789,4463.12,23.87,104.69,0.33,3.64024,96.71,NA,NA,35.378695448146416,7.0150862068965525,6.5,8.28,4463.1201171875
2022-03-19,NA,NA,NA,NA,NA,NA,NA,NA,NA,0.33,3.64024,NA,NA,NA,34.825903331769126,4.676724137931035,NA,NA,NA
2022-03-20,NA,NA,NA,NA,NA,NA,NA,NA,NA,0.33,3.64024,NA,NA,NA,32.06194274988269,3.273706896551724,NA,NA,NA
2022-03-21,NA,NA,NA,NA,NA,52.20000076293945,4461.18,23.53,112.14,0.33,3.62086,111.48,NA,NA,36.48427968090099,5.144396551724138,NA,NA,4461.18017578125
2022-03-22,20.2782,6.49,6.275,NA,55722.48046875,53.09000015258789,4511.61,22.94,111.03,0.33,3.57225,110.15,NA,NA,37.03707179727828,7.482758620689656,6.49,8.485,4511.60986328125
2022-03-23,20.18,NA,6.2825,NA,55154.6796875,52.7599983215332,4456.24,23.57,114.89,0.33,3.68239,111.86,NA,NA,35.93148756452371,8.418103448275863,6.53,8.415,4456.240234375
2022-03-24,20.1313,NA,6.2912,NA,55829.859375,53.61000061035156,4520.16,21.67,114.2,0.33,3.55141,107.17,NA,NA,34.27311121539184,9.35344827586207,6.54,8.43,4520.16015625
2022-03-25,19.9577,NA,6.7175,NA,55436.05078125,53.58000183105469,4543.06,20.81,116.2,0.33,3.47141,104.38,NA,NA,48.092914124824034,9.35344827586207,6.54,8.605,4543.06005859375
2022-03-26,NA,NA,NA,NA,NA,NA,NA,NA,NA,0.33,3.47141,NA,NA,NA,45.88174565931488,7.482758620689656,NA,8.899,NA
2022-03-27,NA,NA,NA,NA,NA,NA,NA,NA,NA,0.33,3.47141,NA,NA,NA,43.117785077428444,5.144396551724138,NA,NA,NA
2022-03-28,20.1195,NA,6.7237,NA,55685.140625,53.650001525878906,4575.52,19.63,107.55,0.33,3.44291,100.87,NA,NA,40.9066166119193,7.0150862068965525,6.56,8.525,4575.52001953125
2022-03-29,19.9942,6.52,6.7265,NA,56111.2109375,54.540000915527344,4631.6,18.9,104.25,0.33,3.39392,94.36,NA,NA,42.56499296105116,8.418103448275863,6.51,8.37,4631.60009765625
2022-03-30,19.8632,NA,6.7265,NA,55814.98828125,54.54999923706055,4602.45,19.33,107.81,0.33,3.44223,97.42,NA,NA,42.01220084467387,7.950431034482759,6.52,8.3,4602.4501953125
2022-03-31,19.9112,NA,6.7225,NA,56536.6796875,54.970001220703125,4530.41,20.56,100.53,0.33,3.49245,99.5,NA,NA,43.117785077428444,8.885775862068966,6.46,8.27,4530.41015625
2022-04-01,19.8432,NA,6.721,8.86,56609.5390625,55.36000061035156,4545.86,19.63,99.32,0.33,3.4933,99.07,39,6,44.64402047463936,8.321167883211679,6.48,8.32,4545.85986328125
2022-04-02,NA,NA,NA,NA,NA,NA,NA,NA,NA,0.33,3.4933,NA,NA,NA,44.09958120055839,6.131386861313869,NA,8.611,NA
2022-04-03,NA,NA,NA,NA,NA,NA,NA,NA,NA,0.33,3.4933,NA,NA,NA,40.288506281991616,5.693430656934307,NA,NA,NA
2022-04-04,19.7443,NA,6.7225,NA,56313.2109375,55.06999969482422,4582.64,18.57,103.29,0.33,3.43276,96.62,NA,NA,48.455095393206136,7.883211678832117,6.51,8.375,4582.64013671875
2022-04-05,19.9012,6.52,6.721,NA,55547.2890625,54.13999938964844,4525.12,21.03,101.98,0.33,3.41673,99.94,NA,NA,44.09958120055839,8.75912408759124,6.54,8.422,4525.1201171875
2022-04-06,20.0665,NA,6.7255,NA,55438.73046875,53.61000061035156,4481.15,22.1,96.39,0.33,3.47191,103.62,NA,NA,40.288506281991616,7.007299270072993,6.52,8.46,4481.14990234375
2022-04-07,20.1605,NA,6.7277,NA,55280.58984375,53.43000030517578,4500.21,21.55,96.05,0.33,3.47979,108.64,NA,NA,42.46626337831549,8.75912408759124,6.6,8.615,4500.2099609375
2022-04-08,20.12,NA,6.7285,NA,54687.25,53.15999984741211,4488.28,21.16,98.35,0.33,3.50293,112.82,NA,NA,40.288506281991616,9.197080291970803,6.6,8.693,4488.27978515625
2022-04-09,NA,NA,NA,NA,NA,NA,NA,NA,NA,0.33,3.50293,NA,NA,NA,40.288506281991616,7.007299270072993,NA,9.035,NA
2022-04-10,NA,NA,NA,NA,NA,NA,NA,NA,NA,0.33,3.50293,NA,NA,NA,33.21079571893904,4.817518248175182,NA,NA,NA
2022-04-11,20.0093,6.52,6.726,NA,54463.828125,53.2400016784668,4412.53,24.37,94.22,0.33,3.58896,115.76,NA,NA,43.01070265239646,4.37956204379562,6.62,8.82,4412.52978515625
2022-04-12,19.8407,NA,6.73,NA,53907.25,53.119998931884766,4397.45,24.26,100.52,0.33,3.59946,115.34,NA,NA,43.555141926477425,4.817518248175182,6.53,8.83,4397.4501953125
2022-04-13,19.7967,NA,6.7345,NA,54172.62109375,53.5,4446.59,21.82,104.26,0.33,3.58519,116.28,NA,NA,44.09958120055839,5.255474452554745,6.52,8.826,4446.58984375
2022-04-14,NA,NA,NA,NA,NA,52.65999984741211,4392.59,22.7,106.84,0.33,3.53878,121.48,NA,NA,41.921824104234524,4.37956204379562,NA,9.165,4392.58984375
2022-04-15,NA,NA,NA,NA,NA,NA,NA,NA,NA,0.33,3.53878,121.45,NA,NA,42.46626337831549,2.6277372262773726,NA,NA,NA
2022-04-16,NA,NA,NA,NA,NA,NA,NA,NA,NA,0.33,3.53878,NA,NA,NA,35.93299208934388,3.5036496350364965,NA,NA,NA
2022-04-17,NA,NA,NA,NA,NA,NA,NA,NA,NA,0.33,3.53878,NA,NA,NA,38.655188459748715,3.9416058394160585,NA,NA,NA
2022-04-18,19.9377,NA,6.737,NA,54139.69140625,53.41999816894531,4391.69,22.17,108.24,0.33,3.60641,125.69,NA,NA,44.09958120055839,4.817518248175182,6.6,8.85,4391.68994140625
2022-04-19,20.0447,6.5,6.7304,NA,54633.76171875,53.18000030517578,4462.21,21.37,102.54,0.33,3.6413,127.41,NA,NA,40.83294555607259,5.693430656934307,6.55,8.905,4462.2099609375
2022-04-20,20.0383,NA,6.73,NA,53831.0390625,52.77000045776367,4459.45,20.32,102.56,0.33,3.67182,125.59,NA,NA,40.288506281991616,5.693430656934307,6.5,8.805,4459.4501953125
2022-04-21,20.1802,NA,6.735,NA,53267.30859375,51.7400016784668,4393.66,22.68,103.89,0.33,3.78023,130.67,NA,NA,36.47743136342484,4.37956204379562,6.68,8.79,4393.66015625
2022-04-22,20.3183,NA,6.7325,NA,53191.78125,51.47999954223633,4271.78,28.21,102.86,0.33,3.82421,137.9,NA,NA,37.56630991158678,5.255474452554745,6.66,8.815,4271.77978515625
2022-04-23,NA,NA,NA,NA,NA,NA,NA,NA,NA,0.33,3.82421,NA,NA,NA,36.47743136342484,6.569343065693431,NA,9.142,NA
2022-04-24,NA,NA,NA,NA,NA,NA,NA,NA,NA,0.33,3.82421,NA,NA,NA,35.93299208934388,4.817518248175182,NA,NA,NA
2022-04-25,20.2992,NA,6.74,NA,52640.828125,51.279998779296875,4296.12,27.02,99.6,0.33,3.83484,137.24,NA,NA,38.11074918566775,6.569343065693431,6.79,8.87,4296.1201171875
2022-04-26,20.356,6.68,6.745,NA,52512.7109375,50.40999984741211,4175.2,33.52,102.62,0.33,3.85001,139.7,NA,NA,31.577477896696134,7.883211678832117,6.82,8.965,4175.2001953125
2022-04-27,20.4707,NA,6.745,NA,52351.2109375,50.150001525878906,4183.96,31.6,101.96,0.33,3.82171,136.74,NA,NA,35.93299208934388,9.635036496350365,6.71,8.98,4183.9599609375
2022-04-28,20.567,NA,6.7506,NA,52614.171875,50.5099983215332,4287.5,29.99,105.47,0.33,3.86004,132.85,NA,NA,28.31084225221033,6.131386861313869,6.83,9.075,4287.5
2022-04-29,20.3728,NA,6.7525,NA,51417.96875,49.43000030517578,4131.93,33.4,104.59,0.33,3.91075,140.15,NA,NA,29.94416007445323,6.131386861313869,6.9,9.047,4131.93017578125
2022-04-30,NA,NA,NA,NA,NA,NA,NA,NA,NA,0.33,3.91075,NA,NA,NA,26.677524429967423,3.9416058394160585,NA,9.427,NA
2022-05-01,NA,NA,NA,8.87,NA,NA,NA,NA,NA,0.33,3.91075,NA,34,8,31.67391304347826,4.617021276595745,NA,NA,NA
2022-05-02,20.4075,NA,6.757,NA,51887.46875,49.70000076293945,4155.38,32.34,105.18,0.33,3.98201,144.48,NA,NA,33.02173913043478,8.574468085106382,6.91,9.09,4155.3798828125
2022-05-03,20.335,6.85,6.7556,NA,51066.55859375,49.400001525878906,4175.48,29.25,102.53,0.33,3.90317,140.16,NA,NA,30.32608695652174,9.893617021276595,6.84,9.1,4175.47998046875
2022-05-04,20.2535,NA,6.7603,NA,51432.62890625,50.4900016784668,4300.17,25.42,107.84,0.33,3.82705,134.38,NA,NA,28.97826086956522,13.191489361702127,6.84,9.045,4300.169921875
2022-05-05,20.221800000000002,NA,6.765,NA,50529.94921875,49.099998474121094,4146.87,31.2,108.17,0.83,3.83638,137.17,NA,NA,32.34782608695652,12.53191489361702,6.87,9.105,4146.8701171875
2022-05-06,20.1085,NA,6.765,NA,49541.80859375,48.43000030517578,4123.34,30.19,109.72,0.83,3.84255,143.97,NA,NA,35.04347826086956,7.914893617021276,6.96,9.105,4123.33984375
2022-05-07,NA,NA,NA,NA,NA,NA,NA,NA,NA,0.83,3.84255,NA,NA,NA,33.02173913043478,9.23404255319149,NA,9.495,NA
2022-05-08,NA,NA,NA,NA,NA,NA,NA,NA,NA,0.83,3.84255,NA,NA,NA,32.34782608695652,5.936170212765957,NA,NA,NA
2022-05-09,20.3172,NA,6.7725,NA,49057.4609375,47.540000915527344,3991.24,34.75,103.08,0.83,4.03231,153.77,NA,NA,38.41304347826087,10.553191489361701,6.97,9.13,3991.239990234375
2022-05-10,20.372,6.97,6.795,NA,49115.859375,47.630001068115234,4001.05,32.99,99.74,0.83,4.01221,151.43,NA,NA,32.34782608695652,8.574468085106382,7.09,8.99,4001.050048828125
2022-05-11,20.2592,NA,6.8075,NA,49276.23046875,47.95000076293945,3935.18,32.56,105.5,0.83,4.02387,150.22,NA,NA,32.34782608695652,11.212765957446807,6.99,8.86,3935.179931640625
2022-05-12,20.32,NA,6.8199,NA,49309.3203125,48.150001525878906,3930.08,31.77,106.15,0.83,4.06119,151.49,NA,NA,33.02173913043478,9.23404255319149,7,8.814,3930.080078125
2022-05-13,20.1443,NA,7.235,NA,49579.8984375,48.900001525878906,4023.89,28.87,110.52,0.83,4.00082,148.69,NA,NA,33.02173913043478,8.574468085106382,7.03,8.75,4023.889892578125
2022-05-14,NA,NA,NA,NA,NA,NA,NA,NA,NA,0.83,4.00082,NA,NA,NA,34.369565217391305,6.595744680851063,NA,9.069,NA
2022-05-15,NA,NA,NA,NA,NA,NA,NA,NA,NA,0.83,4.00082,NA,NA,NA,28.304347826086957,4.617021276595745,NA,NA,NA
2022-05-16,20.0782,NA,7.218,NA,50563.98046875,49.779998779296875,4008.01,27.47,114.07,0.83,4.05344,150.41,NA,NA,33.69565217391305,7.914893617021276,7.07,8.76,4008.010009765625
2022-05-17,19.9637,6.93,7.2087,NA,51464.03125,50.900001525878906,4088.85,26.1,112.31,0.83,4.01945,147.77,NA,NA,33.02173913043478,10.553191489361701,7.05,8.85,4088.85009765625
2022-05-18,19.9663,NA,7.205,NA,50394.03125,49.65999984741211,3923.68,30.96,109.67,0.83,4.17767,152.63,NA,NA,31.67391304347826,8.574468085106382,6.96,8.79,3923.679931640625
2022-05-19,19.9267,NA,7.203,NA,51289.91015625,50.75,3900.79,29.35,112.21,0.83,4.17348,151.89,NA,NA,34.369565217391305,9.893617021276595,7,8.74,3900.7900390625
2022-05-20,19.8657,NA,7.202,NA,51518.30078125,51.11000061035156,3901.36,29.43,112.63,0.83,4.20422,153.88,NA,NA,34.369565217391305,7.914893617021276,7.03,8.57,3901.360107421875
2022-05-21,NA,NA,NA,NA,NA,NA,NA,NA,NA,0.83,4.20422,NA,NA,NA,35.04347826086956,7.25531914893617,NA,8.965,NA
2022-05-22,NA,NA,NA,NA,NA,NA,NA,NA,NA,0.83,4.20422,NA,NA,NA,28.97826086956522,4.617021276595745,NA,NA,NA
2022-05-23,19.8282,NA,7.2075,NA,51376.890625,51.02000045776367,3973.75,28.48,110.32,0.83,4.1003,148.82,NA,NA,29.652173913043477,6.595744680851063,6.99,8.65,3973.75
2022-05-24,19.887,6.9,7.2187,NA,51304.0390625,51.20000076293945,3941.48,29.45,112.55,0.83,4.11534,147.23,NA,NA,37.065217391304344,7.25531914893617,6.89,8.62,3941.47998046875
2022-05-25,19.8377,NA,7.2107,NA,51717.0703125,51.599998474121094,3978.73,28.37,112.88,0.83,3.98182,135.16,NA,NA,33.69565217391305,9.893617021276595,7,8.57,3978.72998046875
2022-05-26,19.7933,NA,7.207,NA,52143,51.970001220703125,4057.84,27.5,116.19,0.83,3.88388,126.06,NA,NA,35.04347826086956,6.595744680851063,7.04,8.57,4057.840087890625
2022-05-27,19.5965,NA,7.215,NA,52463.55078125,53.15999984741211,4158.24,25.72,114.96,0.83,3.83105,124.67,NA,NA,40.43478260869565,6.595744680851063,7.07,8.47,4158.240234375
2022-05-28,NA,NA,NA,NA,NA,NA,NA,NA,NA,0.83,3.83105,NA,NA,NA,39.76086956521739,4.617021276595745,NA,8.781,NA
2022-05-29,NA,NA,NA,NA,NA,NA,NA,NA,NA,0.83,3.83105,NA,NA,NA,41.108695652173914,4.617021276595745,NA,NA,NA
2022-05-30,19.4953,NA,7.2225,NA,52162.078125,NA,NA,26.54,NA,0.83,3.83105,124.69,NA,NA,40.43478260869565,5.936170212765957,7.08,8.46,NA
2022-05-31,19.694,7.01,7.225,NA,51752.53125,52.06999969482422,4132.15,26.19,114.38,0.83,3.8161,125.63,NA,NA,37.065217391304344,7.914893617021276,7.04,8.63,4132.14990234375
2022-06-01,19.7388,NA,7.23,9.22,51506.1484375,51.650001525878906,4101.23,25.69,115.26,0.83,3.88417,125.8,40,7,35.90551181102362,7,7.01,8.69,4101.22998046875
2022-06-02,19.5585,NA,7.2355,NA,50971.37890625,51.5,4176.82,24.72,116.88,0.83,3.90299,125.12,NA,NA,35.275590551181104,8.909090909090908,7.18,8.67,4176.81982421875
2022-06-03,19.5742,NA,7.2335,NA,50689.05078125,51.22999954223633,4108.54,24.79,118.97,0.83,3.94954,127.24,NA,NA,38.425196850393704,7,7.14,8.75,4108.5400390625
2022-06-04,NA,NA,NA,NA,NA,NA,NA,NA,NA,0.83,3.94954,NA,NA,NA,38.425196850393704,6.363636363636363,NA,9.09,NA
2022-06-05,NA,NA,NA,NA,NA,NA,NA,NA,NA,0.83,3.94954,NA,NA,NA,38.425196850393704,5.7272727272727275,NA,NA,NA
2022-06-06,19.5547,NA,7.242,NA,50060.53125,50.4900016784668,4121.43,25.07,118.41,0.83,3.97772,128.97,NA,NA,37.79527559055118,7,7.28,8.92,4121.43017578125
2022-06-07,19.5998,7.32,7.2465,NA,50139.19921875,50.66999816894531,4160.68,24.02,119.55,0.83,3.98422,134.95,NA,NA,35.90551181102362,8.272727272727273,7.31,8.91,4160.68017578125
2022-06-08,19.59,NA,7.2627,NA,49819.30078125,50.47999954223633,4115.77,23.96,121.94,0.83,3.93142,132.67,NA,NA,35.275590551181104,8.272727272727273,7.33,8.96,4115.77001953125
2022-06-09,19.6128,NA,7.267,NA,49290.21875,49.119998931884766,4017.82,26.09,121.52,0.83,3.99523,143.02,NA,NA,32.75590551181102,8.909090909090908,7.39,8.953,4017.820068359375
2022-06-10,19.9297,NA,7.2715,NA,48471.51953125,47.40999984741211,3900.86,27.75,120.73,0.83,4.05112,150.34,NA,NA,35.90551181102362,8.909090909090908,7.36,9,3900.860107421875
2022-06-11,NA,NA,NA,NA,NA,NA,NA,NA,NA,0.83,4.05112,NA,NA,NA,38.425196850393704,3.8181818181818183,NA,9.331,NA
2022-06-12,NA,NA,NA,NA,NA,NA,NA,NA,NA,0.83,4.05112,NA,NA,NA,35.275590551181104,5.090909090909091,NA,NA,NA
2022-06-13,20.4527,NA,7.28,NA,48445.30078125,46.040000915527344,3749.63,34.02,120.92,0.83,4.27626,163.5,NA,NA,45.354330708661415,8.909090909090908,7.42,9.21,3749.6298828125
2022-06-14,20.6583,7.15,7.2855,NA,48164.46875,45.5,3735.48,32.69,118.92,0.83,4.32414,165.97,NA,NA,49.13385826771653,8.272727272727273,7.14,9.28,3735.47998046875
2022-06-15,20.6675,NA,7.3025,NA,48344.96875,46.31999969482422,3789.99,29.62,115.32,0.83,4.31712,157.68,NA,NA,44.09448818897638,8.272727272727273,7.2,9.183,3789.989990234375
2022-06-16,20.5728,NA,7.3225,NA,47558.51171875,45.27000045776367,3666.77,32.95,117.56,1.58,4.41406,169.61,NA,NA,44.09448818897638,7,7.44,9.18,3666.77001953125
2022-06-17,20.476,NA,7.33,NA,48016.23046875,45.810001373291016,3674.84,31.13,109.56,1.58,4.39503,166.82,NA,NA,41.574803149606296,6.363636363636363,7.68,9.19,3674.840087890625
2022-06-18,NA,NA,NA,NA,NA,NA,NA,NA,NA,1.58,4.39503,NA,NA,NA,47.24409448818898,6.363636363636363,NA,9.509,NA
2022-06-19,NA,NA,NA,NA,NA,NA,NA,NA,NA,1.58,4.39503,NA,NA,NA,41.574803149606296,3.1818181818181817,NA,NA,NA
2022-06-20,20.2442,NA,7.3375,NA,47780.71875,NA,NA,31.03,NA,1.58,4.39503,166.85,NA,NA,44.724409448818896,5.090909090909091,7.69,9.16,NA
2022-06-21,20.1963,7.5,7.355,NA,48104.37890625,46.380001068115234,3764.79,30.19,110.49,1.58,4.34005,158.96,NA,NA,39.05511811023622,7,7.49,9.209,3764.7900390625
2022-06-22,20.0465,NA,7.3775,NA,47144.359375,45.95000076293945,3759.89,28.95,106.22,1.58,4.45703,162.95,NA,NA,37.79527559055118,6.363636363636363,7.52,9.105,3759.889892578125
2022-06-23,20.0365,NA,7.3913,NA,46657.87890625,45.689998626708984,3795.73,29.05,105.75,1.58,4.4786,168.45,NA,NA,40.31496062992126,8.272727272727273,7.77,8.94,3795.72998046875
2022-06-24,19.8707,NA,8.0125,NA,47741.5,47.33000183105469,3911.74,27.23,109.07,1.58,4.46623,166.2,NA,NA,41.574803149606296,8.909090909090908,7.78,8.98,3911.739990234375
2022-06-25,NA,NA,NA,NA,NA,NA,NA,NA,NA,1.58,4.46623,NA,NA,NA,40.31496062992126,7,NA,9.312,NA
2022-06-26,NA,NA,NA,NA,NA,NA,NA,NA,NA,1.58,4.46623,NA,NA,NA,41.574803149606296,6.363636363636363,NA,NA,NA
2022-06-27,19.8797,NA,8.018,NA,48294.828125,47.560001373291016,3900.11,26.95,111.44,1.58,4.49857,166.81,NA,NA,42.83464566929134,7.636363636363637,7.77,9.05,3900.110107421875
2022-06-28,19.9847,7.56,8.0255,NA,48435.44921875,47.11000061035156,3821.55,28.36,113.66,1.58,4.71067,177.74,NA,NA,39.05511811023622,7.636363636363637,7.7,9.12,3821.550048828125
2022-06-29,20.1443,NA,8.0245,NA,48061.609375,46.7599983215332,3818.83,28.16,111.65,1.58,4.75758,175.31,NA,NA,39.05511811023622,5.7272727272727275,7.66,9.105,3818.830078125
2022-06-30,20.1335,NA,8.0303,NA,47524.44921875,46.59000015258789,3785.38,28.71,107.76,1.58,4.73236,175.24,NA,NA,42.83464566929134,6.363636363636363,7.7,9.01,3785.3798828125
2022-07-01,20.3817,NA,8.032,8.78,47743.1484375,46.459999084472656,3825.33,26.7,110.3,1.58,4.62888,175.25,42,7,37.80762250453721,6.1679586563307485,7.74,8.875,3825.330078125
2022-07-02,NA,NA,NA,NA,NA,NA,NA,NA,NA,1.58,4.62888,NA,NA,NA,40.761343012704174,3.925064599483204,NA,9.214,NA
2022-07-03,NA,NA,NA,NA,NA,NA,NA,NA,NA,1.58,4.62888,NA,NA,NA,31.90018148820327,2.242894056847545,NA,NA,NA
2022-07-04,20.2877,NA,8.025,NA,48036.37890625,NA,NA,27.53,NA,1.58,4.62888,175.43,NA,NA,37.80762250453721,6.1679586563307485,7.7,8.91,NA
2022-07-05,20.5598,7.7,8.0303,NA,47503.21875,45.68000030517578,3831.39,27.54,101.55,1.58,4.68431,181.02,NA,NA,38.989110707803995,5.607235142118863,7.68,8.86,3831.389892578125
2022-07-06,20.7228,NA,8.032,NA,47722.2890625,45.65999984741211,3845.08,26.73,100.31,1.58,4.64409,182.22,NA,NA,42.53357531760436,6.1679586563307485,7.69,8.96,3845.080078125
2022-07-07,20.6022,NA,8.03,NA,47374.37890625,45.54999923706055,3902.62,26.08,104.62,1.58,4.57155,175.38,NA,NA,40.17059891107078,6.728682170542635,7.7,8.98,3902.6201171875
2022-07-08,20.4423,NA,8.0315,NA,47582.109375,45.959999084472656,3899.38,24.64,106.78,1.58,4.5451,174.47,NA,NA,37.80762250453721,8.410852713178294,7.69,9,3899.3798828125
2022-07-09,NA,NA,NA,NA,NA,NA,NA,NA,NA,1.58,4.5451,NA,NA,NA,37.80762250453721,5.046511627906977,NA,9.323,NA
2022-07-10,NA,NA,NA,NA,NA,NA,NA,NA,NA,1.58,4.5451,NA,NA,NA,33.081669691470054,5.046511627906977,NA,NA,NA
2022-07-11,20.7473,NA,8.0375,NA,47369.890625,45.189998626708984,3854.43,26.17,106.09,1.58,4.67628,180.16,NA,NA,46.078039927404724,7.289405684754522,7.68,9.02,3854.429931640625
2022-07-12,20.7882,7.55,8.03,NA,47651.51953125,45.13999938964844,3818.8,27.29,97.69,1.58,4.7641,188.25,NA,NA,59.07441016333939,10.093023255813954,7.54,9.06,3818.800048828125
2022-07-13,20.7613,NA,8.0365,NA,47461.3515625,45.119998931884766,3801.78,26.82,98.44,1.58,4.8621,195.6,NA,NA,55.52994555353902,9.532299741602067,7.55,9.02,3801.780029296875
2022-07-14,20.9415,NA,8.035,NA,46741.30859375,44.400001525878906,3790.38,26.4,97.79,1.58,4.94467,201.58,NA,NA,42.53357531760436,8.97157622739018,7.57,9.01,3790.3798828125
2022-07-15,20.611,NA,8.0245,NA,47075.87109375,45.45000076293945,3863.16,24.23,99.59,1.58,4.96195,189.24,NA,NA,43.71506352087115,10.653746770025839,7.53,9.03,3863.159912109375
2022-07-16,NA,NA,NA,NA,NA,NA,NA,NA,NA,1.58,4.96195,NA,NA,NA,40.761343012704174,8.410852713178294,NA,9.37,NA
2022-07-17,NA,NA,NA,NA,NA,NA,NA,NA,NA,1.58,4.96195,NA,NA,NA,39.579854809437386,6.728682170542635,NA,NA,NA
2022-07-18,20.3957,NA,8.02,NA,46923.19921875,45.560001373291016,3830.85,25.3,104.48,1.58,4.83516,184.48,NA,NA,41.94283121597096,8.97157622739018,7.56,9.09,3830.85009765625
2022-07-19,20.4407,7.74,8.03,NA,47259.23046875,45.65999984741211,3936.69,24.5,106.12,1.58,4.65507,172.39,NA,NA,41.35208711433757,7.850129198966408,7.58,9.13,3936.68994140625
2022-07-20,20.4913,NA,8.04,NA,47132.48828125,45.47999954223633,3959.9,23.88,104.45,1.58,4.53324,163.14,NA,NA,39.579854809437386,6.728682170542635,7.77,9.12,3959.89990234375
2022-07-21,20.6562,NA,8.045,NA,47416.37109375,45.349998474121094,3998.95,23.11,98.44,1.58,4.58495,164.03,NA,NA,39.579854809437386,7.289405684754522,7.85,9.08,3998.949951171875
2022-07-22,20.515,NA,8.0445,NA,47264.859375,45.54999923706055,3961.63,23.03,97.71,1.58,4.56353,165.5,NA,NA,39.579854809437386,7.289405684754522,7.84,8.83,3961.6298828125
2022-07-23,NA,NA,NA,NA,NA,NA,NA,NA,NA,1.58,4.56353,NA,NA,NA,40.761343012704174,7.850129198966408,NA,9.176,NA
2022-07-24,NA,NA,NA,NA,NA,NA,NA,NA,NA,1.58,4.56353,NA,NA,NA,34.85390199637024,5.607235142118863,NA,NA,NA
2022-07-25,20.4652,NA,8.044,NA,47202.640625,45.70000076293945,3966.84,23.36,99.83,1.58,4.50327,166.39,NA,NA,37.216878402903816,6.728682170542635,7.88,8.77,3966.840087890625
2022-07-26,20.433,8.05,8.05,NA,46674.30078125,45.209999084472656,3921.05,24.69,97.74,1.58,4.548,176.04,NA,NA,35.44464609800363,5.607235142118863,7.92,8.8,3921.050048828125
2022-07-27,20.512,NA,8.06,NA,46842.921875,45.709999084472656,4023.61,23.24,100.03,1.58,4.52881,167.51,NA,NA,49.03176043557169,7.850129198966408,8.07,8.804,4023.610107421875
2022-07-28,20.3778,NA,8.075,NA,48112.26953125,46.90999984741211,4072.43,22.33,99.11,2.33,4.44092,161.79,NA,NA,52.576225045372055,8.97157622739018,8.16,8.63,4072.429931640625
2022-07-29,20.3485,NA,8.08,NA,48144.328125,46.79999923706055,4130.29,21.33,101.31,2.32,4.37373,155.9,NA,NA,48.44101633393829,7.850129198966408,8.23,8.53,4130.2900390625
2022-07-30,NA,NA,NA,NA,NA,NA,NA,NA,NA,2.32,4.37373,NA,NA,NA,47.8502722323049,6.728682170542635,NA,8.843,NA
2022-07-31,NA,NA,NA,NA,NA,NA,NA,NA,NA,2.32,4.37373,NA,NA,NA,47.8502722323049,4.48578811369509,NA,NA,NA
2022-08-01,20.2633,NA,8.0912,NA,47384.55859375,46.04999923706055,4118.63,22.84,96.59,2.33,4.42807,158.22,39,7,38.61553627760252,6.199999999999999,8.29,8.4,4118.6298828125
2022-08-02,20.5152,8.01,8.105,NA,46902.69140625,44.599998474121094,4091.19,23.93,97.14,2.33,4.37801,162.87,NA,NA,39.09227129337539,6.199999999999999,8,8.55,4091.18994140625
2022-08-03,20.6305,NA,8.1074,NA,46989.609375,45.5,4155.17,21.95,93.25,2.33,4.3883,159.62,NA,NA,38.13880126182965,7.9714285714285715,8.02,8.42,4155.169921875
2022-08-04,20.3358,NA,8.1187,NA,46916.171875,45.83000183105469,4151.94,21.44,91.29,2.33,4.25582,156.19,NA,NA,37.66206624605678,4.871428571428571,8.06,8.41,4151.93994140625
2022-08-05,20.401,NA,8.119,NA,46723.4296875,45.34000015258789,4145.19,21.15,91.77,2.33,4.12779,157.05,NA,NA,36.70859621451104,4.871428571428571,8.11,8.43,4145.18994140625
2022-08-06,NA,NA,NA,NA,NA,NA,NA,NA,NA,2.33,4.12779,NA,NA,NA,40.04574132492113,5.314285714285714,NA,NA,NA
2022-08-07,NA,NA,NA,NA,NA,NA,NA,NA,NA,2.33,4.12779,NA,NA,NA,32.894716088328074,6.642857142857142,NA,NA,NA
2022-08-08,20.2789,NA,8.1225,NA,47354.859375,46.38999938964844,4140.06,21.29,93.52,2.33,4.15857,150.84,NA,NA,39.09227129337539,6.642857142857142,8.11,8.382,4140.06005859375
2022-08-09,20.2715,8.3,8.1312,NA,47241.80859375,46.290000915527344,4122.47,21.77,93.18,2.33,4.27597,154.41,NA,NA,37.18533123028391,8.857142857142858,NA,8.44,4122.47021484375
2022-08-10,19.9562,NA,8.1624,NA,47808.2109375,47.15999984741211,4210.24,19.74,94.68,2.33,4.06459,139.55,NA,NA,40.522476340694006,11.071428571428571,NA,8.44,4210.240234375
2022-08-11,19.9595,NA,8.1787,NA,48460.55078125,47.79999923706055,4207.27,20.2,97.02,2.33,3.95093,139.83,NA,NA,43.38288643533123,7.9714285714285715,8.41,8.49,4207.27001953125
2022-08-12,19.874,NA,8.775,NA,48853.37109375,48.65999984741211,4280.15,19.53,94.86,2.33,4.03965,134.85,NA,NA,43.8596214511041,7.5285714285714285,8.46,8.49,4280.14990234375
2022-08-13,NA,NA,NA,NA,NA,NA,NA,NA,NA,2.33,4.03965,NA,NA,NA,40.99921135646687,6.642857142857142,NA,8.806,NA
2022-08-14,NA,NA,NA,NA,NA,NA,NA,NA,NA,2.33,4.03965,NA,NA,NA,36.70859621451104,4.428571428571429,NA,NA,NA
2022-08-15,19.8618,NA,8.7612,NA,48638.359375,48.40999984741211,4297.14,19.95,92.24,2.33,4.08855,137.56,NA,NA,47.67350157728706,5.757142857142857,8.5,8.44,4297.14013671875
2022-08-16,19.9303,8.35,8.7706,NA,48801.6796875,48.45000076293945,4305.2,19.69,89.23,2.33,4.15241,140.31,NA,NA,46.243296529968454,7.5285714285714285,8.34,8.48,4305.2001953125
2022-08-17,20.0387,NA,8.768,NA,48734.0390625,48.13999938964844,4274.04,19.9,90.85,2.33,4.24098,145.22,NA,NA,39.09227129337539,7.085714285714285,8.34,8.59,4274.0400390625
2022-08-18,20.0835,NA,8.7728,NA,48729.80078125,47.849998474121094,4283.74,19.56,93.2,2.33,4.20064,144.81,NA,NA,37.66206624605678,7.9714285714285715,8.34,8.705,4283.740234375
2022-08-19,20.1957,NA,8.7763,NA,48463.26171875,47.5,4228.48,20.6,93.55,2.33,4.22447,153.48,NA,NA,40.99921135646687,5.314285714285714,8.38,8.83,4228.47998046875
2022-08-20,NA,NA,NA,NA,NA,NA,NA,NA,NA,2.33,4.22447,NA,NA,NA,38.13880126182965,5.757142857142857,NA,9.165,NA
2022-08-21,NA,NA,NA,NA,NA,NA,NA,NA,NA,2.33,4.22447,NA,NA,NA,31.941246056782333,3.5428571428571427,NA,NA,NA
2022-08-22,20.1598,NA,8.781,NA,48016.609375,47.06999969482422,4137.99,23.8,93.42,2.33,4.29655,159.67,NA,NA,39.569006309148264,4.871428571428571,8.43,8.895,4137.990234375
2022-08-23,19.9982,8.35,8.783,NA,47974.03125,47.369998931884766,4128.73,24.11,96.46,2.33,4.18245,148.76,NA,NA,38.61553627760252,6.199999999999999,8.47,8.89,4128.72998046875
2022-08-24,19.9198,NA,8.8,NA,47449.73046875,47.119998931884766,4140.77,22.82,95.52,2.33,4.08332,145.4,NA,NA,38.61553627760252,10.628571428571428,8.42,8.92,4140.77001953125
2022-08-25,19.9437,NA,8.808,NA,47724.23828125,47.630001068115234,4199.12,21.78,93.33,2.33,4.09742,145.21,NA,NA,37.66206624605678,8.857142857142858,8.55,8.83,4199.1201171875
2022-08-26,19.9268,NA,8.812,NA,47272.109375,46.540000915527344,4057.66,25.56,93.63,2.33,4.16283,150.13,NA,NA,39.09227129337539,7.9714285714285715,8.64,8.89,4057.659912109375
2022-08-27,NA,NA,NA,NA,NA,NA,NA,NA,NA,2.33,4.16283,NA,NA,NA,39.09227129337539,5.314285714285714,NA,9.235,NA
2022-08-28,NA,NA,NA,NA,NA,NA,NA,NA,NA,2.33,4.16283,NA,NA,NA,37.66206624605678,4.871428571428571,NA,NA,NA
2022-08-29,19.9945,NA,8.8148,NA,46322.1015625,45.91999816894531,4030.61,26.21,97.4,2.33,4.25627,154.31,NA,NA,37.18533123028391,10.628571428571428,8.63,8.99,4030.610107421875
2022-08-30,20.1465,8.35,8.8163,NA,45922.05078125,45.16999816894531,3986.16,26.21,92.08,2.33,4.32204,159.4,NA,NA,38.61553627760252,10.628571428571428,8.54,9.09,3986.159912109375
2022-08-31,20.0962,NA,8.821,NA,44919.21875,44.25,3955,25.87,90.09,2.33,4.31941,162.76,NA,NA,36.231861198738166,8.857142857142858,8.35,9.02,3955
2022-09-01,20.2473,NA,8.8235,9.1,45383.8515625,44.68000030517578,3966.85,25.56,87.09,2.33,4.36365,161.32,37,8,35.82185886402754,9.486166007905139,8.65,9.1,3966.85009765625
2022-09-02,19.9753,NA,8.82,NA,45888.62890625,45.58000183105469,3924.26,25.47,87.29,2.33,4.36229,156.34,NA,NA,41.55335628227195,8.537549407114625,8.62,8.95,3924.260009765625
2022-09-03,NA,NA,NA,NA,NA,NA,NA,NA,NA,2.33,4.36229,NA,NA,NA,37.73235800344234,5.691699604743083,NA,9.293,NA
2022-09-04,NA,NA,NA,NA,NA,NA,NA,NA,NA,2.33,4.36229,NA,NA,NA,34.866609294320135,5.691699604743083,NA,NA,NA
2022-09-05,19.962,NA,8.8177,NA,46026.078125,NA,NA,25.99,NA,2.33,4.36229,156.37,NA,NA,36.77710843373494,7.58893280632411,8.64,8.97,NA
2022-09-06,20.138,8.55,8.8196,NA,45902.890625,45,3908.19,26.91,87.35,2.33,4.34954,156.42,NA,NA,34.866609294320135,8.063241106719367,NA,9.06,3908.18994140625
2022-09-07,20.0297,NA,8.835,NA,46056.96875,45.4900016784668,3979.87,24.64,82.5,2.33,4.33262,156.48,NA,NA,36.29948364888124,9.011857707509881,8.6,9,3979.8701171875
2022-09-08,20.0203,NA,8.843,NA,46283.33984375,45.880001068115234,4006.18,23.61,84.04,2.33,4.26028,156.48,NA,NA,35.82185886402754,13.280632411067193,8.68,8.96,4006.179931640625
2022-09-09,19.9027,NA,8.8527,NA,47042.94140625,46.65999984741211,4067.36,22.79,87.27,2.33,4.21855,137.58,NA,NA,39.16523235800344,10.434782608695652,8.72,8.89,4067.360107421875
2022-09-10,NA,NA,NA,NA,NA,NA,NA,NA,NA,2.33,4.21855,NA,NA,NA,38.209982788296045,6.640316205533597,NA,9.224,NA
2022-09-11,NA,NA,NA,NA,NA,NA,NA,NA,NA,2.33,4.21855,NA,NA,NA,33.433734939759034,5.217391304347826,NA,NA,NA
2022-09-12,19.7957,NA,8.8599,NA,47860.48046875,47.75,4110.41,23.87,88.18,2.33,4.15639,137.63,NA,NA,34.38898450946644,9.011857707509881,8.75,8.89,4110.41015625
2022-09-13,20.055,8.75,8.8699,NA,47039.73828125,46.310001373291016,3932.69,27.27,87.84,2.33,4.27185,151.72,NA,NA,34.38898450946644,9.960474308300395,8.74,9.01,3932.68994140625
2022-09-14,19.9768,NA,8.8787,NA,46745.1484375,46.459999084472656,3946.01,26.16,88.88,2.33,4.28492,149.71,NA,NA,35.34423407917384,9.486166007905139,8.81,9.07,3946.010009765625
2022-09-15,20.0525,NA,8.8912,NA,46769.78125,46.20000076293945,3901.35,26.27,85.72,2.33,4.25224,152.55,NA,NA,32.95611015490534,6.640316205533597,8.89,9.16,3901.35009765625
2022-09-16,NA,NA,NA,NA,NA,45.959999084472656,3873.33,26.3,85.57,2.33,4.33988,156.25,NA,NA,34.866609294320135,6.16600790513834,NA,9.512,3873.330078125
2022-09-17,NA,NA,NA,NA,NA,NA,NA,NA,NA,2.33,4.33988,NA,NA,NA,35.34423407917384,6.16600790513834,NA,NA,NA
2022-09-18,NA,NA,NA,NA,NA,NA,NA,NA,NA,2.33,4.33988,NA,NA,NA,29.612736660929432,5.217391304347826,NA,NA,NA
2022-09-19,19.9943,NA,8.9006,NA,46793.58984375,46.599998474121094,3899.89,25.76,86.15,2.33,4.33736,154.88,NA,NA,34.866609294320135,8.537549407114625,8.92,9.195,3899.889892578125
2022-09-20,20,8.61,8.915,NA,47068.53125,46.869998931884766,3855.93,27.16,84.69,2.33,4.39865,171.11,NA,NA,38.68760757314974,7.1146245059288535,8.69,9.29,3855.929931640625
2022-09-21,20.0027,NA,8.9275,NA,46992.51171875,46.81999969482422,3789.93,27.99,83.38,2.33,4.44107,171.56,NA,NA,43.463855421686745,7.58893280632411,8.83,9.285,3789.929931640625
2022-09-22,19.9608,NA,8.9395,NA,46324.921875,46.29999923706055,3757.99,27.35,84.02,3.08,4.41666,176.62,NA,NA,38.68760757314974,10.434782608695652,8.88,9.335,3757.989990234375
2022-09-23,20.1627,NA,8.9509,NA,45395.94140625,44.91999816894531,3693.23,29.92,79.07,3.08,4.56143,186.88,NA,NA,42.030981067125644,9.011857707509881,8.93,9.44,3693.22998046875
2022-09-24,NA,NA,NA,NA,NA,NA,NA,NA,NA,3.08,4.56143,NA,NA,NA,42.030981067125644,6.640316205533597,NA,9.816,NA
2022-09-25,NA,NA,NA,NA,NA,NA,NA,NA,NA,3.08,4.56143,NA,NA,NA,39.16523235800344,5.217391304347826,NA,NA,NA
2022-09-26,20.3517,NA,8.9585,NA,44808.55859375,43.810001373291016,3655.04,32.26,77.17,3.08,4.6376,191.87,NA,NA,41.075731497418246,8.063241106719367,9.01,9.583,3655.0400390625
2022-09-27,20.357,9.25,8.9792,NA,45006.109375,44.220001220703125,3647.29,32.6,78.91,3.08,4.7357,206.46,NA,NA,39.642857142857146,8.537549407114625,9.24,9.83,3647.2900390625
2022-09-28,20.3058,NA,8.9896,NA,45442.2109375,45.27000045776367,3719.04,30.18,82.61,3.08,4.83702,191.39,NA,NA,35.82185886402754,8.537549407114625,9.25,9.63,3719.0400390625
2022-09-29,20.1927,NA,9.02,NA,45102.55078125,44.84000015258789,3640.47,31.84,81.78,3.08,4.892,195.45,NA,NA,36.77710843373494,8.537549407114625,9.27,9.68,3640.469970703125
2022-09-30,20.0925,NA,9.535,NA,44626.80078125,44.22999954223633,3585.62,31.62,79.91,3.08,4.82541,195.25,NA,NA,36.29948364888124,9.486166007905139,9.28,9.63,3585.6201171875
2022-10-01,NA,NA,NA,9.52,NA,NA,NA,NA,NA,3.08,4.82541,NA,33,7,41.686123348017624,7.501234567901234,NA,10.026,NA
2022-10-02,NA,NA,NA,NA,NA,NA,NA,NA,NA,3.08,4.82541,NA,NA,NA,41.1227973568282,6.429629629629629,NA,NA,NA
2022-10-03,20.0008,NA,9.5366,NA,45429.75,45.2599983215332,3678.43,30.1,84.05,3.08,4.75521,180.57,NA,NA,41.1227973568282,10.716049382716049,9.28,9.53,3678.429931640625
2022-10-04,19.9698,9,9.5453,NA,46046.578125,46,3790.93,29.07,86.87,3.08,4.50837,169.27,NA,NA,37.742841409691636,10.180246913580246,8.99,9.51,3790.929931640625
2022-10-05,20.1267,NA,9.5515,NA,45845.828125,45.369998931884766,3783.28,28.55,88.22,3.08,4.55926,172.67,NA,NA,40.55947136563877,10.180246913580246,9.19,9.59,3783.280029296875
2022-10-06,20.1087,NA,9.5451,NA,46326.6796875,45.7599983215332,3744.52,30.52,88.9,3.08,4.49519,172.64,NA,NA,38.306167400881066,11.251851851851852,9.25,9.59,3744.52001953125
2022-10-07,20.0502,NA,9.5465,NA,45728.87109375,45.43000030517578,3639.66,31.36,93.07,3.08,4.53383,180.96,NA,NA,41.686123348017624,12.323456790123457,9.23,9.65,3639.659912109375
2022-10-08,NA,NA,NA,NA,NA,NA,NA,NA,NA,3.08,4.53383,NA,NA,NA,42.249449339207054,6.965432098765431,NA,NA,NA
2022-10-09,NA,NA,NA,NA,NA,NA,NA,NA,NA,3.08,4.53383,NA,NA,NA,34.36288546255507,5.3580246913580245,NA,NA,NA
2022-10-10,19.9752,NA,9.545,NA,45457.12109375,45.40999984741211,3612.39,32.45,91.6,3.08,4.53383,180.96,NA,NA,39.43281938325992,9.644444444444444,9.23,9.745,3612.389892578125
2022-10-11,19.9652,8.9,9.5515,NA,45792.98828125,45.52000045776367,3588.84,33.63,89.75,3.08,4.5862,184.45,NA,NA,40.55947136563877,10.716049382716049,8.89,9.75,3588.840087890625
2022-10-12,20.0352,NA,9.5595,NA,45679.83984375,45.63999938964844,3577.03,33.57,87.83,3.08,4.62101,187.4,NA,NA,38.306167400881066,8.037037037037036,8.92,9.75,3577.030029296875
2022-10-13,20.0398,NA,9.5635,NA,45766.94140625,45.77000045776367,3669.91,31.94,89.59,3.08,4.65614,188.04,NA,NA,36.61618942731278,7.501234567901234,9.01,9.8,3669.909912109375
2022-10-14,20.0838,NA,9.5655,NA,45443.3515625,45.209999084472656,3583.07,32.02,86.1,3.08,4.63035,199.3,NA,NA,42.249449339207054,8.037037037037036,9.04,9.85,3583.070068359375
2022-10-15,NA,NA,NA,NA,NA,NA,NA,NA,NA,3.08,4.63035,NA,NA,NA,39.43281938325992,6.429629629629629,NA,10.237,NA
2022-10-16,NA,NA,NA,NA,NA,NA,NA,NA,NA,3.08,4.63035,NA,NA,NA,37.179515418502206,5.3580246913580245,NA,NA,NA
2022-10-17,19.9913,NA,9.5665,NA,46220.71875,46.25,3677.95,31.37,86,3.08,4.5449,193.71,NA,NA,38.306167400881066,8.037037037037036,9.18,9.81,3677.949951171875
2022-10-18,20.0207,8.8,9.567,NA,46309.23046875,46.27000045776367,3719.98,30.5,83.29,3.08,4.46171,186.14,NA,NA,36.05286343612335,9.644444444444444,8.79,9.83,3719.97998046875
2022-10-19,20.1272,NA,9.5663,NA,46217.44140625,46.02000045776367,3695.16,30.76,86,3.08,4.4889,189.55,NA,NA,39.99614537444934,10.180246913580246,8.9,9.88,3695.159912109375
2022-10-20,20.0448,NA,9.567,NA,46315.41015625,46.279998779296875,3665.78,29.98,86.02,3.08,4.49011,189.65,NA,NA,39.99614537444934,9.644444444444444,9.15,9.93,3665.780029296875
2022-10-21,19.9647,NA,9.5675,NA,47120.078125,47.43000030517578,3752.75,29.69,85.47,3.08,4.48283,185.69,NA,NA,41.1227973568282,9.108641975308641,9.23,9.91,3752.75
2022-10-22,NA,NA,NA,NA,NA,NA,NA,NA,NA,3.08,4.48283,NA,NA,NA,41.1227973568282,5.893827160493827,NA,10.318,NA
2022-10-23,NA,NA,NA,NA,NA,NA,NA,NA,NA,3.08,4.48283,NA,NA,NA,37.179515418502206,5.3580246913580245,NA,NA,NA
2022-10-24,19.9535,NA,9.575,NA,47765.23828125,48.060001373291016,3797.34,29.85,86.12,3.08,4.33299,177.24,NA,NA,36.61618942731278,8.572839506172839,9.42,9.93,3797.340087890625
2022-10-25,19.8712,9,9.584,NA,48641.26953125,49.040000915527344,3859.11,28.46,86.93,3.08,4.26329,168.27,NA,NA,10.703193832599121,2.6790123456790123,8.99,9.84,3859.110107421875
2022-10-26,19.8553,NA,9.591,NA,49327.109375,49.43000030517578,3830.6,27.28,89.39,3.08,4.26655,166.12,NA,NA,11.266519823788547,2.1432098765432097,9.07,9.76,3830.60009765625
2022-10-27,19.8365,NA,9.59,NA,48892.55859375,49.2599983215332,3807.3,27.39,89.06,3.08,4.32962,161.27,NA,NA,10.703193832599121,2.1432098765432097,9.43,9.7,3807.300048828125
2022-10-28,19.8303,NA,9.594,NA,49086.30078125,49.779998779296875,3901.06,25.75,87.85,3.08,4.20987,159.2,NA,NA,11.829845814977975,2.1432098765432097,9.51,9.73,3901.06005859375
2022-10-29,NA,NA,NA,NA,NA,NA,NA,NA,NA,3.08,4.20987,NA,NA,NA,12.393171806167402,1.6074074074074072,NA,10.109,NA
2022-10-30,NA,NA,NA,NA,NA,NA,NA,NA,NA,3.08,4.20987,NA,NA,NA,11.266519823788547,1.6074074074074072,NA,NA,NA
2022-10-31,19.8245,9.4,9.596,NA,49922.30078125,50.56999969482422,3871.98,25.88,86.54,3.08,4.2765,161.68,NA,NA,11.829845814977975,1.6074074074074072,9.39,9.84,3871.97998046875
2022-11-01,19.7463,NA,9.597,9.75,50864.8515625,51.59000015258789,3856.1,25.81,88.36,3.08,4.20201,158.54,41,7,45.35398230088495,6.774193548387096,9.42,9.8,3856.10009765625
2022-11-02,NA,NA,NA,NA,NA,50.720001220703125,3759.69,25.86,90.06,3.08,4.18847,160.14,NA,NA,47.16814159292035,6.774193548387096,NA,10.191,3759.68994140625
2022-11-03,19.6673,NA,9.606,NA,50215.87109375,51.33000183105469,3719.89,25.3,88.14,3.83,4.20363,163.92,NA,NA,50.79646017699115,6.774193548387096,9.5,9.84,3719.889892578125
2022-11-04,19.5202,NA,9.612,NA,51173.75,52.81999969482422,3770.55,24.55,92.58,3.83,4.10989,157.93,NA,NA,54.424778761061944,6.774193548387096,9.62,9.79,3770.550048828125
2022-11-05,NA,NA,NA,NA,NA,NA,NA,NA,NA,3.83,4.10989,NA,NA,NA,48.98230088495575,6.774193548387096,NA,10.179,NA
2022-11-06,NA,NA,NA,NA,NA,NA,NA,NA,NA,3.83,4.10989,NA,NA,NA,43.53982300884955,5.080645161290322,NA,NA,NA
2022-11-07,19.4647,NA,9.6125,NA,50760.171875,52.45000076293945,3806.8,24.35,91.8,3.83,3.92081,149.43,NA,NA,47.16814159292035,8.46774193548387,9.64,9.81,3806.800048828125
2022-11-08,19.4775,9.19,9.62,NA,50888.46875,52.310001373291016,3828.11,25.54,88.8,3.83,3.98552,145.25,NA,NA,43.53982300884955,8.46774193548387,9.68,9.73,3828.110107421875
2022-11-09,19.5887,NA,9.63,NA,50545.76171875,51.880001068115234,3748.57,26.09,85.79,3.83,4.12827,152.06,NA,NA,43.53982300884955,8.46774193548387,9.27,9.59,3748.570068359375
2022-11-10,19.394,NA,9.65,NA,51031.7109375,53.130001068115234,3956.37,23.53,86.52,3.83,3.97689,135.96,NA,NA,45.35398230088495,11.854838709677418,9.55,9.25,3956.3701171875
2022-11-11,19.5353,NA,10.22,NA,51959.19921875,53.61000061035156,3992.93,22.52,89.14,3.83,3.97689,136.1,NA,NA,52.610619469026545,10.161290322580644,9.8,9.17,3992.929931640625
2022-11-12,NA,NA,NA,NA,NA,NA,NA,NA,NA,3.83,3.97689,NA,NA,NA,43.53982300884955,6.774193548387096,NA,9.527,NA
2022-11-13,NA,NA,NA,NA,NA,NA,NA,NA,NA,3.83,3.97689,NA,NA,NA,38.097345132743364,6.774193548387096,NA,NA,NA
2022-11-14,19.4015,NA,10.235,NA,51785.12890625,53.58000183105469,3957.25,23.73,85.85,3.83,3.88961,133.96,NA,NA,43.53982300884955,8.46774193548387,9.71,9.2,3957.25
2022-11-15,19.3818,9.37,10.2457,NA,51655.6796875,53.599998474121094,3991.73,24.54,86.87,3.83,3.85813,131.08,NA,NA,39.91150442477876,6.774193548387096,9.76,9.14,3991.72998046875
2022-11-16,19.3137,NA,10.24,NA,51544.94140625,53.65999984741211,3958.79,24.11,85.62,3.83,3.9063,137.37,NA,NA,34.469026548672566,8.46774193548387,9.43,9.09,3958.7900390625
2022-11-17,19.4333,NA,10.2395,NA,51360.87109375,53.31999969482422,3946.56,23.93,81.69,3.83,3.92769,138.5,NA,NA,43.53982300884955,6.774193548387096,9.7,9.23,3946.56005859375
2022-11-18,19.493,NA,10.2495,NA,51569.71875,53.349998474121094,3965.34,23.12,80.07,3.83,3.88616,139.32,NA,NA,39.91150442477876,5.080645161290322,9.77,9.205,3965.340087890625
2022-11-19,NA,NA,NA,NA,NA,NA,NA,NA,NA,3.83,3.88616,NA,NA,NA,38.097345132743364,3.387096774193548,NA,NA,NA
2022-11-20,NA,NA,NA,NA,NA,NA,NA,NA,NA,3.83,3.88616,NA,NA,NA,38.097345132743364,3.387096774193548,NA,NA,NA
2022-11-21,NA,NA,NA,NA,NA,53.029998779296875,3949.94,22.36,79.74,3.83,3.8854,137.85,NA,NA,41.72566371681416,5.080645161290322,NA,NA,3949.93994140625
2022-11-22,19.4667,9.7,10.2487,NA,51760.5390625,53.70000076293945,4003.58,21.29,80.83,3.83,3.9353,133.14,NA,NA,34.469026548672566,5.080645161290322,9.95,9.13,4003.580078125
2022-11-23,19.3683,NA,10.2599,NA,51993.94921875,54.27000045776367,4027.26,20.35,77.93,3.83,4.00076,128.43,NA,NA,34.469026548672566,6.774193548387096,9.81,9.12,4027.260009765625
2022-11-24,19.3692,NA,10.2694,NA,51979.01171875,NA,NA,20.42,NA,3.83,4.00076,128.42,NA,NA,32.65486725663717,6.774193548387096,9.93,9.07,NA
2022-11-25,19.3393,NA,10.2749,NA,51668.640625,54,4026.12,20.5,76.45,3.83,4.01467,126.85,NA,NA,34.469026548672566,8.46774193548387,9.96,9.11,4026.1201171875
2022-11-26,NA,NA,NA,NA,NA,NA,NA,NA,NA,3.83,4.01467,NA,NA,NA,30.84070796460177,6.774193548387096,NA,9.45,NA
2022-11-27,NA,NA,NA,NA,NA,NA,NA,NA,NA,3.83,4.01467,NA,NA,NA,34.469026548672566,5.080645161290322,NA,NA,NA
2022-11-28,19.325,NA,10.2857,NA,51081.328125,53.40999984741211,3963.94,22.21,77.1,3.83,4.02085,130.56,NA,NA,34.469026548672566,8.46774193548387,10.01,9.19,3963.93994140625
2022-11-29,19.216,9.68,10.2875,NA,50174.05859375,52.79999923706055,3957.63,21.89,77.96,3.83,3.92165,130.18,NA,NA,38.097345132743364,8.46774193548387,9.67,9.26,3957.6298828125
2022-11-30,19.3965,NA,10.2935,NA,51684.859375,53.900001525878906,4080.11,20.58,80.48,3.83,3.92109,126.27,NA,NA,32.65486725663717,6.774193548387096,9.7,9.19,4080.110107421875
2022-12-01,19.1433,NA,10.2987,8.94,51457.55078125,54.220001220703125,4076.57,19.84,81.06,3.83,3.81085,124.9,39,6,32.95695839311335,8.69158878504673,10.06,9.01,4076.570068359375
2022-12-02,19.3422,NA,10.309,NA,51234.37109375,53.189998626708984,4071.7,19.06,79.86,3.83,3.84249,125.05,NA,NA,36.42611190817791,10.429906542056074,10.16,8.87,4071.699951171875
2022-12-03,NA,NA,NA,NA,NA,NA,NA,NA,NA,3.83,3.84249,NA,NA,NA,36.42611190817791,6.953271028037383,NA,9.26,NA
2022-12-04,NA,NA,NA,NA,NA,NA,NA,NA,NA,3.83,3.84249,NA,NA,NA,32.95695839311335,5.214953271028037,NA,NA,NA
2022-12-05,19.7567,NA,10.3162,NA,50799.4609375,51.779998779296875,3998.84,20.75,76.83,3.83,3.8791,130.2,NA,NA,34.69153515064563,6.953271028037383,10.15,9.07,3998.840087890625
2022-12-06,19.803,10,10.3249,NA,51020.6484375,52.060001373291016,3941.26,22.17,74.21,3.83,4.03892,136.89,NA,NA,34.69153515064563,8.69158878504673,9.99,9.09,3941.260009765625
2022-12-07,19.6977,NA,10.3287,NA,50725.9609375,52.16999816894531,3933.92,22.68,71.93,3.83,4.03141,136.45,NA,NA,36.42611190817791,8.69158878504673,10.01,8.95,3933.919921875
2022-12-08,19.6732,NA,10.3343,NA,51078.69921875,52.56999969482422,3963.51,22.29,71.3,3.83,3.91867,132.22,NA,NA,34.69153515064563,8.69158878504673,10.1,8.96,3963.510009765625
2022-12-09,19.8192,NA,10.3471,NA,50466.25,51.52000045776367,3934.38,22.83,71.05,3.83,3.82041,129.36,NA,NA,32.95695839311335,5.214953271028037,10.11,8.915,3934.3798828125
2022-12-10,NA,NA,NA,NA,NA,NA,NA,NA,NA,3.83,3.82041,NA,NA,NA,31.222381635581062,3.4766355140186915,NA,9.273,NA
2022-12-11,NA,NA,NA,NA,NA,NA,NA,NA,NA,3.83,3.82041,NA,NA,NA,36.42611190817791,5.214953271028037,NA,NA,NA
2022-12-12,NA,NA,NA,NA,NA,52.04999923706055,3990.56,25,72.96,3.83,3.86272,129.74,NA,NA,38.16068866571019,6.953271028037383,NA,NA,3990.56005859375
2022-12-13,19.6458,9.8,10.3535,NA,50333.1015625,51,4019.65,22.55,75.44,3.83,3.80977,121.64,NA,NA,38.16068866571019,6.953271028037383,10.12,8.76,4019.64990234375
2022-12-14,19.6955,NA,10.3612,NA,50047.69921875,50.630001068115234,3995.32,21.14,77.14,3.83,3.83754,121.84,NA,NA,38.16068866571019,5.214953271028037,9.85,8.77,3995.320068359375
2022-12-15,19.7963,NA,10.3737,NA,49342.33984375,49.599998474121094,3895.75,22.83,75.89,4.33,3.88724,126.25,NA,NA,36.42611190817791,6.953271028037383,10.43,8.76,3895.75
2022-12-16,19.7932,NA,10.7125,NA,49630.1484375,49.65999984741211,3852.36,22.62,74.19,4.33,3.95776,132.2,NA,NA,41.62984218077475,5.214953271028037,10.35,8.75,3852.360107421875
2022-12-17,NA,NA,NA,NA,NA,NA,NA,NA,NA,4.33,3.95776,NA,NA,NA,38.16068866571019,5.214953271028037,NA,9.057,NA
2022-12-18,NA,NA,NA,NA,NA,NA,NA,NA,NA,4.33,3.95776,NA,NA,NA,32.95695839311335,5.214953271028037,NA,NA,NA
2022-12-19,19.7557,NA,10.715,NA,49946.1015625,50.11000061035156,3817.66,22.42,75.05,4.33,3.98088,133.63,NA,NA,45.098995695839314,5.214953271028037,10.32,8.77,3817.659912109375
2022-12-20,19.7482,10.2,10.722,NA,50139.421875,50.33000183105469,3821.62,21.48,75.92,4.33,3.98387,133.87,NA,NA,41.62984218077475,5.214953271028037,10.19,8.85,3821.6201171875
2022-12-21,19.6932,NA,10.735900000000001,NA,50426.26171875,50.91999816894531,3878.44,20.07,78.17,4.33,3.88915,131.02,NA,NA,43.36441893830703,5.214953271028037,10.2,8.81,3878.43994140625
2022-12-22,19.574,NA,10.7375,NA,50097.21875,50.790000915527344,3822.39,21.97,77.68,4.33,3.88248,131.8,NA,NA,39.89526542324247,6.953271028037383,10.36,8.82,3822.389892578125
2022-12-23,19.4287,NA,10.7472,NA,50578.08984375,51.93000030517578,3844.82,20.87,79.57,4.33,3.85772,132.3,NA,NA,43.36441893830703,5.214953271028037,10.33,8.87,3844.820068359375
2022-12-24,NA,NA,NA,NA,NA,NA,NA,NA,NA,4.33,3.85772,NA,NA,NA,39.89526542324247,3.4766355140186915,NA,9.199,NA
2022-12-25,NA,NA,NA,NA,NA,NA,NA,NA,NA,4.33,3.85772,NA,NA,NA,34.69153515064563,3.4766355140186915,NA,NA,NA
2022-12-26,19.3983,NA,10.745,NA,50273.890625,NA,NA,NA,NA,4.33,3.85772,132.27,NA,NA,48.568149210903876,3.4766355140186915,10.33,8.89,NA
2022-12-27,19.4407,10.1,10.7545,NA,50440.01953125,51.41999816894531,3829.25,21.65,79.45,4.33,3.83123,131.53,NA,NA,46.833572453371595,5.214953271028037,10.37,8.95,3829.25
2022-12-28,19.4143,NA,10.762,NA,49648.2109375,50.709999084472656,3783.22,22.14,78.89,4.33,3.84525,130.65,NA,NA,45.098995695839314,5.214953271028037,10.12,8.97,3783.219970703125
2022-12-29,19.3615,NA,10.7605,NA,49517.859375,50.470001220703125,3849.28,21.44,78.43,4.33,3.89465,130.06,NA,NA,46.833572453371595,6.953271028037383,10.25,8.99,3849.280029296875
2022-12-30,19.4715,NA,10.77,NA,48463.859375,49.45000076293945,3839.5,21.67,80.16,4.33,3.85956,130.13,NA,NA,46.833572453371595,5.214953271028037,10.23,9.02,3839.5
2022-12-31,NA,NA,NA,NA,NA,NA,NA,NA,NA,4.33,3.85956,NA,NA,NA,43.36441893830703,5.214953271028037,NA,9.347,NA
2023-01-01,NA,NA,NA,8.69,NA,NA,NA,NA,NA,4.33,3.85956,NA,78,7,40.88854727132974,4.751824817518249,NA,NA,NA
2023-01-02,19.4883,NA,10.7775,NA,48993.23828125,NA,NA,NA,NA,4.33,3.85956,130.11,NA,NA,48.322828593389694,12.67153284671533,10.22,9,NA
2023-01-03,19.422,10.49,10.777,NA,49050.4609375,50.34000015258789,3824.14,22.9,76.87,4.33,3.89693,133.91,NA,NA,46.46425826287471,9.503649635036497,10.48,8.95,3824.139892578125
2023-01-04,19.3568,NA,10.7663,NA,50161.26953125,51.560001373291016,3852.97,22.01,72.82,4.33,3.91158,134.58,NA,NA,48.322828593389694,11.087591240875913,10.48,8.85,3852.969970703125
2023-01-05,19.3672,NA,10.768,NA,50805.2109375,52.22999954223633,3808.1,22.46,73.61,4.33,3.98512,137.24,NA,NA,46.46425826287471,7.919708029197081,10.48,8.79,3808.10009765625
2023-01-06,19.1753,NA,10.769,NA,51730.5,53.70000076293945,3895.08,21.13,73.77,4.33,3.91877,132.77,NA,NA,48.322828593389694,7.919708029197081,10.49,8.52,3895.080078125
2023-01-07,NA,NA,NA,NA,NA,NA,NA,NA,NA,4.33,3.91877,NA,NA,NA,50.18139892390469,4.751824817518249,NA,8.868,NA
2023-01-08,NA,NA,NA,NA,NA,NA,NA,NA,NA,4.33,3.91877,NA,NA,NA,48.322828593389694,4.751824817518249,NA,NA,NA
2023-01-09,19.1648,NA,10.7745,NA,52280.05078125,54.150001525878906,3892.09,21.97,74.69,4.33,3.88459,129.12,NA,NA,59.474250576479626,11.087591240875913,10.5,8.52,3892.090087890625
2023-01-10,19.1108,10.46,10.7675,NA,52344.01953125,54.4900016784668,3919.25,20.58,75.11,4.33,3.87378,130.88,NA,NA,59.474250576479626,9.503649635036497,10.45,8.58,3919.25
2023-01-11,19.026,NA,10.7675,NA,53209,55.689998626708984,3969.61,21.09,77.46,4.33,3.82778,128.6,NA,NA,135.67563412759415,7.919708029197081,10.43,8.525,3969.610107421875
2023-01-12,18.8735,NA,10.7675,NA,53593.859375,56.4900016784668,3983.17,18.83,78.32,4.33,3.72643,126.96,NA,NA,185.85703305149883,7.919708029197081,10.42,8.45,3983.169921875
2023-01-13,18.7922,NA,10.76,NA,53576.71875,56.68000030517578,3999.09,18.35,79.9,4.33,3.68042,126.07,NA,NA,154.26133743274403,9.503649635036497,10.49,8.45,3999.090087890625
2023-01-14,NA,NA,NA,NA,NA,NA,NA,NA,NA,4.33,3.68042,NA,NA,NA,144.9684857801691,4.751824817518249,NA,NA,NA
2023-01-15,NA,NA,NA,NA,NA,NA,NA,NA,NA,4.33,3.68042,NA,NA,NA,128.2413528055342,4.751824817518249,NA,NA,NA
2023-01-16,18.7913,NA,10.775,NA,53631.890625,NA,NA,19.49,NA,4.33,3.68042,126.06,NA,NA,96.64565718677939,7.919708029197081,10.5,8.49,NA
2023-01-17,18.7493,10.7,10.7775,NA,53128.96875,56.54999923706055,3990.97,19.36,80.25,4.33,3.65821,126.09,NA,NA,92.92851652574942,7.919708029197081,10.56,8.59,3990.969970703125
2023-01-18,18.7493,NA,10.7872,NA,53218.828125,56.04999923706055,3928.86,20.34,79.53,4.33,3.63124,122.82,NA,NA,105.93850883935434,7.919708029197081,10.57,8.52,3928.860107421875
2023-01-19,19.0327,NA,10.7885,NA,53382.6484375,56.0099983215332,3898.85,20.52,80.31,4.33,3.63075,124.71,NA,NA,102.22136817832435,7.919708029197081,10.52,8.54,3898.85009765625
2023-01-20,18.9257,NA,10.7899,NA,53947.0390625,56.869998931884766,3972.61,19.85,81.27,4.33,3.58228,123.06,NA,NA,92.92851652574942,7.919708029197081,10.52,8.55,3972.610107421875
2023-01-21,NA,NA,NA,NA,NA,NA,NA,NA,NA,4.33,3.58228,NA,NA,NA,91.06994619523442,3.1678832116788325,NA,8.876,NA
2023-01-22,NA,NA,NA,NA,NA,NA,NA,NA,NA,4.33,3.58228,NA,NA,NA,70.62567255956955,3.1678832116788325,NA,NA,NA
2023-01-23,18.8267,NA,10.7924,NA,54341.25,57.63999938964844,4019.81,19.81,81.62,4.33,3.54121,120.92,NA,NA,59.474250576479626,6.335766423357665,10.53,8.59,4019.81005859375
2023-01-24,18.8318,10.8,10.791,NA,54870.5,58.029998779296875,4016.95,19.2,79.86,4.33,3.60729,120.65,NA,NA,57.61568024596464,6.335766423357665,10.79,8.6,4016.949951171875
2023-01-25,18.82,NA,10.7965,NA,54871.359375,58.130001068115234,4016.22,19.08,79.78,4.33,3.6609,122.22,NA,NA,55.75710991544965,7.919708029197081,10.79,8.6,4016.219970703125
2023-01-26,18.8355,NA,10.7955,NA,55164.01171875,58.459999084472656,4060.43,18.73,80.64,4.33,3.60962,119.54,NA,NA,59.474250576479626,6.335766423357665,10.77,8.6,4060.429931640625
2023-01-27,18.7872,NA,10.805,NA,54774.91015625,58.04999923706055,4070.56,18.51,79.73,4.33,3.54003,116.62,NA,NA,63.191391237509606,4.751824817518249,10.77,8.68,4070.56005859375
2023-01-28,NA,NA,NA,NA,NA,NA,NA,NA,NA,4.33,3.54003,NA,NA,NA,59.474250576479626,4.751824817518249,NA,8.992,NA
2023-01-29,NA,NA,NA,NA,NA,NA,NA,NA,NA,4.33,3.54003,NA,NA,NA,52.039969254419674,3.1678832116788325,NA,NA,NA
2023-01-30,18.7793,NA,10.8162,NA,54521.4296875,57.619998931884766,4017.77,19.94,77.97,4.33,3.64507,119.1,NA,NA,55.75710991544965,6.335766423357665,10.75,8.7,4017.77001953125
2023-01-31,18.7937,10.78,10.8125,NA,54564.26953125,57.650001525878906,4076.6,19.4,78.95,4.33,3.57305,118.73,NA,NA,57.61568024596464,6.335766423357665,10.76,8.65,4076.60009765625
2023-02-01,18.739,NA,10.8274,9.38,55018.91015625,58.939998626708984,4119.21,17.87,76.34,4.33,3.57679,115.26,61,7,59.04197530864198,8,10.78,8.55,4119.2099609375
2023-02-02,18.6232,NA,10.8335,NA,53874.91015625,57.61000061035156,4179.76,18.73,75.87,4.58,3.42968,107.45,NA,NA,67.47654320987655,8,10.82,8.47,4179.759765625
2023-02-03,18.8895,NA,10.8449,NA,54049.05078125,56.959999084472656,4136.48,18.33,73.4,4.58,3.42415,109.01,NA,NA,78.01975308641977,6,10.84,8.55,4136.47998046875
2023-02-04,NA,NA,NA,NA,NA,NA,NA,NA,NA,4.58,3.42415,NA,NA,NA,73.80246913580248,6,NA,8.851,NA
2023-02-05,NA,NA,NA,NA,NA,NA,NA,NA,NA,4.58,3.42415,NA,NA,NA,59.04197530864198,4,NA,NA,NA
2023-02-06,NA,NA,NA,NA,NA,56.45000076293945,4111.08,19.43,74.11,4.58,3.47941,112.64,NA,NA,73.80246913580248,4,NA,NA,4111.080078125
2023-02-07,19.0517,10.82,10.8512,NA,53335.51171875,56.290000915527344,4164,18.66,77.17,4.58,3.51923,110.27,NA,NA,69.5851851851852,8,10.81,8.651,4164
2023-02-08,18.9435,NA,10.8605,NA,53125.01171875,55.849998474121094,4117.86,19.63,78.47,4.58,3.59715,115.89,NA,NA,61.15061728395062,10,10.81,8.681,4117.85986328125
2023-02-09,18.9543,NA,10.88,NA,52801.4296875,56.09000015258789,4081.5,20.71,78.04,4.57,3.59241,118.31,NA,NA,61.15061728395062,8,10.99,8.811,4081.5
2023-02-10,18.6893,NA,11.2275,NA,52482.01953125,56.310001373291016,4090.46,20.53,79.74,4.58,3.6395,119.71,NA,NA,63.25925925925927,10,11.04,8.861,4090.4599609375
2023-02-11,NA,NA,NA,NA,NA,NA,NA,NA,NA,4.58,3.6395,NA,NA,NA,61.15061728395062,6,NA,9.177,NA
2023-02-12,NA,NA,NA,NA,NA,NA,NA,NA,NA,4.58,3.6395,NA,NA,NA,48.49876543209877,4,NA,NA,NA
2023-02-13,18.6327,NA,11.2349,NA,53050.828125,57.08000183105469,4137.29,20.34,80.14,4.58,3.62811,118.43,NA,NA,54.8246913580247,8,11.05,8.881,4137.2900390625
2023-02-14,18.5383,11.05,11.237,NA,52663.12109375,57.099998474121094,4136.13,18.91,79.08,4.58,3.62641,115.21,NA,NA,54.8246913580247,8,11.15,8.991,4136.1298828125
2023-02-15,18.6428,NA,11.243,NA,53422.23828125,57.439998626708984,4147.6,18.23,78.57,4.58,3.64902,113.79,NA,NA,59.04197530864198,8,11.06,8.981,4147.60009765625
2023-02-16,18.5497,NA,11.241,NA,54015.8203125,58.29999923706055,4090.41,20.17,78.45,4.58,3.5918,114.41,NA,NA,54.8246913580247,8,11.05,9.001,4090.409912109375
2023-02-17,18.4142,NA,11.245,NA,53789.640625,58.540000915527344,4079.09,20.02,76.31,4.58,3.6418,118.46,NA,NA,59.04197530864198,8,11.07,9.061,4079.090087890625
2023-02-18,NA,NA,NA,NA,NA,NA,NA,NA,NA,4.58,3.6418,NA,NA,NA,71.69382716049384,6,NA,9.406,NA
2023-02-19,NA,NA,NA,NA,NA,NA,NA,NA,NA,4.58,3.6418,NA,NA,NA,56.933333333333344,4,NA,NA,NA
2023-02-20,18.397,NA,11.2545,NA,53908.55078125,NA,NA,21.23,NA,4.58,3.6418,118.48,NA,NA,63.25925925925927,6,11.06,9.171,NA
2023-02-21,18.3938,11.04,11.2642,NA,53239.94921875,57.43000030517578,3997.34,22.87,76.28,4.58,3.64535,122.89,NA,NA,65.36790123456791,8,11.03,9.431,3997.340087890625
2023-02-22,18.3483,NA,11.2604,NA,53180.98828125,57.86000061035156,3991.05,22.29,73.95,4.58,3.66481,119.15,NA,NA,59.04197530864198,8,11.08,9.371,3991.050048828125
2023-02-23,18.4107,NA,11.27,NA,53085.7109375,57.7400016784668,4012.32,21.14,75.26,4.58,3.57335,114.86,NA,NA,59.04197530864198,8,11.24,9.261,4012.320068359375
2023-02-24,18.4023,NA,11.275,NA,52686.23828125,57.209999084472656,3970.04,21.67,76.19,4.58,3.55532,117.01,NA,NA,59.04197530864198,8,11.27,9.281,3970.0400390625
2023-02-25,NA,NA,NA,NA,NA,NA,NA,NA,NA,4.58,3.55532,NA,NA,NA,54.8246913580247,6,NA,9.639,NA
2023-02-26,NA,NA,NA,NA,NA,NA,NA,NA,NA,4.58,3.55532,NA,NA,NA,48.49876543209877,4,NA,NA,NA
2023-02-27,18.4077,NA,11.2655,NA,53013.62109375,57.54999923706055,3982.24,20.95,75.57,4.57,3.57557,116.08,NA,NA,56.933333333333344,10,11.32,9.251,3982.239990234375
2023-02-28,18.3448,11.05,11.274,NA,52758.05859375,57.63999938964844,3970.15,20.7,76.88,4.57,3.67589,116.25,NA,NA,54.8246913580247,6,11.29,9.281,3970.14990234375
2023-03-01,18.17,NA,11.2675,NA,53473.4609375,59.099998474121094,3951.39,20.58,77.57,4.58,3.70228,114.85,100,7,77.39816031537451,7.614035087719299,11.08,9.301,3951.389892578125
2023-03-02,18.126,NA,11.2775,NA,53329.53125,58.7599983215332,3981.35,19.59,78.05,4.57,3.72844,114.07,NA,NA,91.6557161629435,5.710526315789474,11.08,9.341,3981.35009765625
2023-03-03,18.0123,NA,11.2823,NA,54182.26953125,60.310001373291016,4045.64,18.49,79.62,4.57,3.7155300000000002,107.36,NA,NA,171.09067017082788,7.614035087719299,11.08,9.261,4045.639892578125
2023-03-04,NA,NA,NA,NA,NA,NA,NA,NA,NA,4.57,3.7155300000000002,NA,NA,NA,203.67936925098556,5.710526315789474,NA,9.632,NA
2023-03-05,NA,NA,NA,NA,NA,NA,NA,NA,NA,4.57,3.7155300000000002,NA,NA,NA,140.53876478318003,3.8070175438596494,NA,NA,NA
2023-03-06,18.0122,NA,11.285,NA,53924.19140625,59.79999923706055,4048.42,18.61,80.39,4.57,3.65,104.1,NA,NA,130.35479632063075,9.517543859649123,11.08,9.261,4048.419921875
2023-03-07,18.1155,11.19,11.296,NA,53068.73046875,58.5,3986.37,19.59,77.45,4.57,3.71078,109.16,NA,NA,120.17082785808148,7.614035087719299,11.08,9.351,3986.3701171875
2023-03-08,17.9662,NA,11.2962,NA,53388.66015625,59.40999984741211,3992.01,19.11,76.56,4.57,3.76714,110.17,NA,NA,95.72930354796321,7.614035087719299,11.08,9.361,3992.010009765625
2023-03-09,18.0577,NA,11.308,NA,53426.76953125,58.38999938964844,3918.32,22.61,75.6,4.57,3.86002,112.03,NA,NA,101.83968462549278,7.614035087719299,11.08,9.101,3918.320068359375
2023-03-10,18.4083,NA,11.314,NA,52794.53125,56.97999954223633,3861.59,24.8,76.55,4.57,3.95875,116.24,NA,NA,124.24441524310119,7.614035087719299,11.22,9.011,3861.590087890625
2023-03-11,NA,NA,NA,NA,NA,NA,NA,NA,NA,4.57,3.95875,NA,NA,NA,107.95006570302235,5.710526315789474,NA,NA,NA
2023-03-12,NA,NA,NA,NA,NA,NA,NA,NA,NA,4.57,3.95875,NA,NA,NA,89.61892247043365,3.8070175438596494,NA,NA,NA
2023-03-13,18.8302,NA,11.3195,NA,53012.25,55.540000915527344,3855.76,26.52,74.68,4.58,4.08176,116.69,NA,NA,120.17082785808148,7.614035087719299,11.21,9,3855.760009765625
2023-03-14,18.6427,11.3,11.3245,NA,52691.66015625,56.599998474121094,3919.29,23.73,71.18,4.58,3.99097,116.72,NA,NA,128.3180026281209,7.614035087719299,11.21,9.071,3919.2900390625
2023-03-15,18.9972,NA,11.3372,NA,52085.6015625,54.779998779296875,3891.93,26.14,67.38,4.58,4.2374,137.17,NA,NA,116.09724047306176,9.517543859649123,11.21,9.021,3891.929931640625
2023-03-16,18.9095,NA,11.3474,NA,52505.69921875,55.90999984741211,3960.28,22.99,68.15,4.58,4.15826,132.08,NA,NA,116.09724047306176,9.517543859649123,11.21,9.121,3960.280029296875
2023-03-17,18.8977,NA,11.35,NA,51925.609375,54.59000015258789,3916.64,25.51,66.61,4.58,4.30155,138.1,NA,NA,103.87647831800263,7.614035087719299,11.21,9.031,3916.639892578125
2023-03-18,NA,NA,NA,NA,NA,NA,NA,NA,NA,4.58,4.30155,NA,NA,NA,95.72930354796321,5.710526315789474,NA,9.385,NA
2023-03-19,NA,NA,NA,NA,NA,NA,NA,NA,NA,4.58,4.30155,NA,NA,NA,75.36136662286465,3.8070175438596494,NA,NA,NA
2023-03-20,NA,NA,NA,NA,NA,55.18000030517578,3951.57,24.15,67.56,4.58,4.29905,146.57,NA,NA,91.6557161629435,3.8070175438596494,NA,NA,3951.570068359375
2023-03-21,18.6755,11.28,11.355,NA,52652.6484375,56.22999954223633,4002.87,21.38,69.4,4.58,4.16381,138.18,NA,NA,75.36136662286465,7.614035087719299,11.21,9.151,4002.8701171875
2023-03-22,18.5437,NA,11.365,NA,52550.3984375,56.31999969482422,3936.97,22.26,70.71,4.58,4.16847,137.4,NA,NA,75.36136662286465,7.614035087719299,11.21,8.991,3936.969970703125
2023-03-23,18.4902,NA,11.3749,NA,52827.9296875,56.54999923706055,3948.72,22.61,69.77,4.83,4.17392,139.22,NA,NA,71.28777923784494,7.614035087719299,11.21,8.901,3948.719970703125
2023-03-24,18.5178,NA,11.3874,NA,52771.12109375,57.040000915527344,3970.99,21.74,69.22,4.83,4.22241,140.27,NA,NA,73.3245729303548,7.614035087719299,11.21,8.861,3970.989990234375
2023-03-25,NA,NA,NA,NA,NA,NA,NA,NA,NA,4.83,4.22241,NA,NA,NA,71.28777923784494,3.8070175438596494,NA,9.194,NA
2023-03-26,NA,NA,NA,NA,NA,NA,NA,NA,NA,4.83,4.22241,NA,NA,NA,69.25098554533508,5.710526315789474,NA,NA,NA
2023-03-27,18.383,NA,11.3986,NA,52851.421875,57.529998779296875,3977.53,20.6,72.87,4.83,4.12622,138.42,NA,NA,71.28777923784494,9.517543859649123,NA,8.961,3977.530029296875
2023-03-28,18.2523,11.34,11.4035,NA,53209.1015625,58.34000015258789,3971.27,19.97,73.12,4.83,4.14973,132.66,NA,NA,65.17739816031538,9.517543859649123,NA,8.961,3971.27001953125
2023-03-29,18.1052,NA,11.4149,NA,53882.94921875,59.290000915527344,4027.81,19.12,72.95,4.83,4.07962,132.58,NA,NA,67.21419185282524,7.614035087719299,NA,8.911,4027.81005859375
2023-03-30,18.0932,NA,11.4274,NA,54198.94140625,59.54999923706055,4050.83,19.02,74.32,4.83,3.98645,124.68,NA,NA,75.36136662286465,7.614035087719299,NA,8.821,4050.830078125
2023-03-31,18.0415,NA,11.52,NA,53904,59.529998779296875,4109.31,18.7,75.68,4.83,3.92697,122.67,NA,NA,83.50854139290408,7.614035087719299,11.32,8.811,4109.31005859375
2023-04-01,NA,NA,NA,8.89,NA,NA,NA,NA,NA,4.83,3.92697,NA,70,6,66.27906976744185,5.142857142857142,NA,9.144,NA
2023-04-02,NA,NA,NA,NA,NA,NA,NA,NA,NA,4.83,3.92697,NA,NA,NA,57.55813953488372,1.7142857142857142,NA,NA,NA
2023-04-03,18.107,11.28,11.5195,NA,53896.3515625,59.27000045776367,4124.51,18.55,80.4,4.83,3.88918,117.71,NA,NA,75,3.4285714285714284,11.33,8.861,4124.509765625
2023-04-04,18.1185,NA,11.5175,NA,54176.01171875,59.4900016784668,4100.6,19,80.7,4.83,4.02102,116.73,NA,NA,66.27906976744185,3.4285714285714284,11.28,8.801,4100.60009765625
2023-04-05,18.3323,NA,11.5267,NA,53498.390625,58.06999969482422,4090.38,19.08,80.69,4.83,4.08302,119.64,NA,NA,62.7906976744186,5.142857142857142,11.3,8.831,4090.3798828125
2023-04-06,NA,NA,NA,NA,NA,58.630001068115234,4105.02,18.4,80.7,4.83,4.0876,123.62,NA,NA,62.7906976744186,3.4285714285714284,NA,9.152,4105.02001953125
2023-04-07,NA,NA,NA,NA,NA,NA,NA,NA,NA,4.83,4.00251,123.66,NA,NA,61.04651162790697,3.4285714285714284,NA,NA,NA
2023-04-08,NA,NA,NA,NA,NA,NA,NA,NA,NA,4.83,4.00251,NA,NA,NA,61.04651162790697,3.4285714285714284,NA,NA,NA
2023-04-09,NA,NA,NA,NA,NA,NA,NA,NA,NA,4.83,4.00251,NA,NA,NA,57.55813953488372,1.7142857142857142,NA,NA,NA
2023-04-10,18.1765,NA,11.5175,NA,54246.53125,59.09000015258789,4109.11,18.97,79.79,4.83,4.01224,123.74,NA,NA,64.53488372093024,3.4285714285714284,11.27,8.811,4109.10986328125
2023-04-11,18.187,11.3,11.5175,NA,54604.62890625,59.470001220703125,4108.94,19.1,81.54,4.83,4.00176,123.68,NA,NA,61.04651162790697,3.4285714285714284,11.27,8.761,4108.93994140625
2023-04-12,18.066,NA,11.5255,NA,54333.12109375,59.61000061035156,4091.95,19.09,83.26,4.83,3.99093,118.74,NA,NA,57.55813953488372,5.142857142857142,11.27,8.761,4091.949951171875
2023-04-13,18.0152,NA,11.5345,NA,54695.78125,60.43000030517578,4146.22,17.8,82.16,4.83,3.96769,118.76,NA,NA,61.04651162790697,5.142857142857142,11.27,8.811,4146.22021484375
2023-04-14,18.0638,NA,11.539,NA,54460.05859375,59.849998474121094,4137.64,17.07,82.58,4.83,3.90057,114.06,NA,NA,64.53488372093024,5.142857142857142,11.27,8.851,4137.64013671875
2023-04-15,NA,NA,NA,NA,NA,NA,NA,NA,NA,4.83,3.90057,NA,NA,NA,57.55813953488372,5.142857142857142,NA,9.191,NA
2023-04-16,NA,NA,NA,NA,NA,NA,NA,NA,NA,4.83,3.90057,NA,NA,NA,55.81395348837209,1.7142857142857142,NA,NA,NA
2023-04-17,18.0868,NA,11.5353,NA,54778.9296875,60.31999969482422,4151.32,16.95,80.93,4.83,3.90779,115.2,NA,NA,61.04651162790697,5.142857142857142,11.27,8.921,4151.31982421875
2023-04-18,18.063,11.3,11.537,NA,54385.51953125,59.709999084472656,4154.87,16.83,80.85,4.83,3.9041,114.83,NA,NA,55.81395348837209,5.142857142857142,11.27,8.891,4154.8701171875
2023-04-19,18.0448,NA,11.5329,NA,54308.08984375,59.63999938964844,4154.52,16.46,79.18,4.83,3.94129,116.76,NA,NA,50.58139534883721,6.857142857142857,11.27,8.951,4154.52001953125
2023-04-20,18.009,NA,11.5293,NA,54293.7109375,59.97999954223633,4129.79,17.17,77.27,4.83,3.97788,116.77,NA,NA,50.58139534883721,6.857142857142857,11.39,8.911,4129.7900390625
2023-04-21,17.9988,NA,11.5253,NA,54175.28125,59.95000076293945,4133.52,16.77,77.86,4.83,3.93031,118.99,NA,NA,52.325581395348834,6.857142857142857,11.39,8.911,4133.52001953125
2023-04-22,NA,NA,NA,NA,NA,NA,NA,NA,NA,4.83,3.93031,NA,NA,NA,57.55813953488372,3.4285714285714284,NA,9.25,NA
2023-04-23,NA,NA,NA,NA,NA,NA,NA,NA,NA,4.83,3.93031,NA,NA,NA,90.69767441860465,5.142857142857142,NA,NA,NA
2023-04-24,18.0082,NA,11.525,NA,54713.69921875,60.369998931884766,4137.04,16.89,78.64,4.83,3.94029,118.75,NA,NA,101.16279069767442,13.714285714285714,11.43,8.871,4137.0400390625
2023-04-25,18.0892,11.27,11.5265,NA,54371.08984375,59.58000183105469,4071.63,18.76,77.05,4.83,3.99283,118.71,NA,NA,97.67441860465117,13.714285714285714,11.43,8.821,4071.6298828125
2023-04-26,18.103,NA,11.5357,NA,54023.3203125,58.91999816894531,4055.99,18.84,74.33,4.83,4.01043,119.62,NA,NA,102.90697674418604,12,11.43,8.761,4055.989990234375
2023-04-27,18.0723,NA,11.5445,NA,54442.171875,59.810001373291016,4135.35,17.03,74.77,4.83,4.00974,119.75,NA,NA,97.67441860465117,13.714285714285714,11.43,8.791,4135.35009765625
2023-04-28,17.9975,NA,11.5499,NA,55121.21875,60.880001068115234,4169.48,15.78,76.78,4.83,3.96339,118.72,NA,NA,106.3953488372093,13.714285714285714,11.43,8.761,4169.47998046875
2023-04-29,NA,NA,NA,NA,NA,NA,NA,NA,NA,4.83,3.96339,NA,NA,NA,95.93023255813954,6.857142857142857,NA,NA,NA
2023-04-30,NA,NA,NA,NA,NA,NA,NA,NA,NA,4.83,3.96339,NA,NA,NA,87.20930232558139,6.857142857142857,NA,NA,NA
2023-05-01,NA,NA,NA,8.76,NA,61.08000183105469,4167.87,16.08,75.65,4.83,3.91841,112.81,70,6,68.39857651245552,4.973262032085561,NA,NA,4167.8701171875
2023-05-02,18.0325,11.4,11.549,NA,55179.4296875,60.72999954223633,4119.58,17.78,71.71,4.83,4.01554,110.88,NA,NA,69.5017793594306,6.962566844919786,11.36,8.771,4119.580078125
2023-05-03,17.906,NA,11.554,NA,54947.01171875,60.7599983215332,4090.75,18.34,68.62,4.83,4.06932,115.71,NA,NA,71.70818505338079,7.957219251336898,11.4,8.761,4090.75
2023-05-04,17.9575,NA,11.5669,NA,54667.2109375,60.56999969482422,4061.22,20.09,68.52,5.08,4.11409,122.4,NA,NA,65.08896797153025,6.962566844919786,11.42,8.731,4061.219970703125
2023-05-05,17.7863,NA,11.5625,NA,54937.390625,61.25,4136.25,17.19,71.32,5.08,4.11097,119.95,NA,NA,81.63701067615658,5.967914438502674,11.44,8.741,4136.25
2023-05-06,NA,NA,NA,NA,NA,NA,NA,NA,NA,5.08,4.11097,NA,NA,NA,73.91459074733096,4.973262032085561,NA,9.078,NA
2023-05-07,NA,NA,NA,NA,NA,NA,NA,NA,NA,5.08,4.11097,NA,NA,NA,63.98576512455516,3.978609625668449,NA,NA,NA
2023-05-08,17.8213,NA,11.562,NA,55033.12109375,61.290000915527344,4138.12,16.98,73.13,5.08,4.08904,119.79,NA,NA,69.5017793594306,6.962566844919786,11.44,8.791,4138.1201171875
2023-05-09,17.7608,11.39,11.5652,NA,55452.73046875,61.86000061035156,4119.17,17.71,73.68,5.08,4.09752,122.77,NA,NA,66.19217081850533,6.962566844919786,11.52,8.75,4119.169921875
2023-05-10,17.5845,NA,11.5538,NA,55534.6796875,62.88999938964844,4137.64,16.94,72.53,5.08,4.13836,122.78,NA,NA,81.63701067615658,5.967914438502674,11.52,8.71,4137.64013671875
2023-05-11,17.6287,NA,11.5523,NA,55014.16015625,62.209999084472656,4130.62,16.93,70.81,5.08,4.1542,120.8,NA,NA,83.84341637010677,5.967914438502674,11.4,8.71,4130.6201171875
2023-05-12,17.6142,NA,11.5493,NA,54948.33984375,62.119998931884766,4124.08,17.03,70.02,5.08,4.14083,120.76,NA,NA,78.32740213523131,5.967914438502674,11.4,8.74,4124.080078125
2023-05-13,NA,NA,NA,NA,NA,NA,NA,NA,NA,5.08,4.14083,NA,NA,NA,78.32740213523131,4.973262032085561,NA,9.066,NA
2023-05-14,NA,NA,NA,NA,NA,NA,NA,NA,NA,5.08,4.14083,NA,NA,NA,67.29537366548043,2.983957219251337,NA,NA,NA
2023-05-15,17.538,NA,11.5384,NA,55261.421875,63.130001068115234,4136.28,17.12,71.07,5.08,4.1815,120.73,NA,NA,83.84341637010677,5.967914438502674,11.4,8.71,4136.27978515625
2023-05-16,17.4672,11.25,11.5375,NA,55180.96875,62.75,4109.9,17.99,70.85,5.08,4.15903,120.69,NA,NA,102.59786476868328,6.962566844919786,11.4,8.72,4109.89990234375
2023-05-17,17.5872,NA,11.525,NA,55067.37109375,62.349998474121094,4158.77,16.87,72.78,5.08,4.1122,120.65,NA,NA,80.5338078291815,6.962566844919786,11.4,8.71,4158.77001953125
2023-05-18,17.7342,NA,11.526,NA,55263.109375,62.15999984741211,4198.05,16.05,71.82,5.08,4.0568,129.1,NA,NA,69.5017793594306,6.962566844919786,11.4,8.745,4198.0498046875
2023-05-19,17.693,NA,11.5213,NA,54296.05078125,60.939998626708984,4191.98,16.81,71.57,5.08,4.01898,118.77,NA,NA,65.08896797153025,5.967914438502674,11.4,8.795,4191.97998046875
2023-05-20,NA,NA,NA,NA,NA,NA,NA,NA,NA,5.08,4.01898,NA,NA,NA,66.19217081850533,2.983957219251337,NA,9.123,NA
2023-05-21,NA,NA,NA,NA,NA,NA,NA,NA,NA,5.08,4.01898,NA,NA,NA,60.67615658362989,2.983957219251337,NA,NA,NA
2023-05-22,17.868,NA,11.515,NA,53466.3203125,59.599998474121094,4192.63,17.21,71.81,5.08,4.00344,117.78,NA,NA,58.469750889679716,5.967914438502674,11.32,8.835,4192.6298828125
2023-05-23,17.9687,11.25,11.5135,NA,53123.21875,58.88999938964844,4145.58,18.53,72.87,5.08,4.04397,118.76,NA,NA,66.19217081850533,6.962566844919786,11.32,8.895,4145.580078125
2023-05-24,17.8195,NA,11.51,NA,53393.3984375,59.720001220703125,4115.24,20.03,74.37,5.08,4.02996,117.76,NA,NA,66.19217081850533,8.95187165775401,11.32,8.915,4115.240234375
2023-05-25,17.8252,NA,11.5135,NA,53744.6796875,60,4151.28,19.14,71.68,5.08,4.00111,118.76,NA,NA,65.08896797153025,8.95187165775401,11.32,8.975,4151.27978515625
2023-05-26,17.6723,NA,11.5017,NA,54025.44921875,61.220001220703125,4205.45,17.95,72.35,5.08,4.00679,116.83,NA,NA,67.29537366548043,6.962566844919786,11.32,8.935,4205.4501953125
2023-05-27,NA,NA,NA,NA,NA,NA,NA,NA,NA,5.08,4.00679,NA,NA,NA,66.19217081850533,4.973262032085561,NA,9.252,NA
2023-05-28,NA,NA,NA,NA,NA,NA,NA,NA,NA,5.08,4.00679,NA,NA,NA,55.16014234875445,3.978609625668449,NA,NA,NA
2023-05-29,17.5605,NA,11.509,NA,54212.671875,NA,NA,17.46,NA,5.08,4.00679,113.83,NA,NA,56.263345195729535,5.967914438502674,11.31,8.875,NA
2023-05-30,17.6532,11.2,11.5057,NA,53341.8515625,60.2400016784668,4205.52,17.46,69.45,5.08,4.00912,113.81,NA,NA,65.08896797153025,6.962566844919786,11.31,8.815,4205.52001953125
2023-05-31,17.7418,NA,11.4966,NA,52736.26171875,59.849998474121094,4179.83,17.94,68.11,5.08,4.06362,113.77,NA,NA,56.263345195729535,5.967914438502674,11.31,8.786,4179.830078125
2023-06-01,17.5673,NA,11.504,8.57,52724.03125,60.15999984741211,4221.02,15.65,70.09,5.08,4.07513,113.79,73,5,54.306680161943326,5.806451612903225,11.31,8.796,4221.02001953125
2023-06-02,17.5063,NA,11.5033,NA,53232.7109375,60.65999984741211,4282.37,14.6,71.76,5.08,3.97525,110.83,NA,NA,60.95647773279353,7.741935483870967,11.31,8.866,4282.3701171875
2023-06-03,NA,NA,NA,NA,NA,NA,NA,NA,NA,5.08,3.97525,NA,NA,NA,62.06477732793523,3.8709677419354835,NA,9.179,NA
2023-06-04,NA,NA,NA,NA,NA,NA,NA,NA,NA,5.08,3.97525,NA,NA,NA,53.198380566801625,2.9032258064516125,NA,NA,NA
2023-06-05,17.4732,NA,11.5,NA,53536.05078125,61.25,4273.79,14.73,72.14,5.08,4.01543,106.93,NA,NA,62.06477732793523,5.806451612903225,11.31,8.846,4273.7900390625
2023-06-06,17.4192,11.32,11.498,NA,54432.19140625,62.38999938964844,4283.85,13.96,71.71,5.08,4.01698,106.9,NA,NA,65.38967611336032,5.806451612903225,11.31,8.806,4283.85009765625
2023-06-07,17.3608,NA,11.5015,NA,54291.44140625,61.93000030517578,4267.52,13.94,72.52,5.08,3.96091,106.9,NA,NA,75.36437246963564,6.774193548387096,11.31,8.876,4267.52001953125
2023-06-08,17.4085,NA,11.509,NA,54338.1796875,62.20000076293945,4293.93,13.65,71.28,5.08,4.00882,107.9,NA,NA,67.60627530364373,6.774193548387096,11.31,8.816,4293.93017578125
2023-06-09,17.284,NA,11.5125,NA,54512.140625,62.91999816894531,4298.86,13.83,70.16,5.08,3.98296,107.88,NA,NA,75.36437246963564,7.741935483870967,11.31,8.866,4298.85986328125
2023-06-10,NA,NA,NA,NA,NA,NA,NA,NA,NA,5.08,3.98296,NA,NA,NA,75.36437246963564,4.838709677419354,NA,9.181,NA
2023-06-11,NA,NA,NA,NA,NA,NA,NA,NA,NA,5.08,3.98296,NA,NA,NA,72.03947368421053,3.8709677419354835,NA,NA,NA
2023-06-12,17.312,NA,11.5075,NA,54278.12109375,62.619998931884766,4338.93,15.01,67.08,5.08,3.96766,105.93,NA,NA,74.25607287449394,5.806451612903225,11.31,8.846,4338.93017578125
2023-06-13,17.2185,11.15,11.4975,NA,54574.75,63.09000015258789,4369.01,14.61,69.39,5.08,3.88564,105.91,NA,NA,74.25607287449394,5.806451612903225,NA,8.846,4369.009765625
2023-06-14,17.1247,NA,11.4995,NA,55145.4296875,64.08000183105469,4372.59,13.88,68.22,5.08,3.88939,103.95,NA,NA,83.12246963562754,5.806451612903225,NA,8.826,4372.58984375
2023-06-15,17.1762,NA,11.498,NA,55344.25,64.339996337890625,4425.84,14.5,70.61,5.07,3.88116,104.93,NA,NA,84.23076923076924,6.774193548387096,NA,8.776,4425.83984375
2023-06-16,17.0792,NA,11.5032,NA,54842.51171875,64.0999984741211,4409.59,13.54,71.81,5.08,3.78852,105.91,NA,NA,84.23076923076924,5.806451612903225,11.33,8.752,4409.58984375
2023-06-17,NA,NA,NA,NA,NA,NA,NA,NA,NA,5.08,3.78852,NA,NA,NA,86.44736842105264,3.8709677419354835,NA,9.091,NA
2023-06-18,NA,NA,NA,NA,NA,NA,NA,NA,NA,5.08,3.78852,NA,NA,NA,73.14777327935224,1.9354838709677418,NA,NA,NA
2023-06-19,17.0945,NA,11.4995,NA,54931.05859375,NA,NA,14.19,NA,5.08,3.78852,106.92,NA,NA,86.44736842105264,4.838709677419354,11.33,8.786,NA
2023-06-20,17.2043,11.09,11.5067,NA,54365.6796875,62.869998931884766,4388.71,13.88,70.94,5.07,3.81362,106.91,NA,NA,85.33906882591094,3.8709677419354835,11.33,8.756,4388.7099609375
2023-06-21,17.1547,NA,11.5045,NA,54063.91015625,62.77000045776367,4365.69,13.2,72.55,5.07,3.79347,106.9,NA,NA,77.58097165991903,4.838709677419354,11.33,8.736,4365.68994140625
2023-06-22,17.1713,NA,11.5,NA,53563.30859375,62.0099983215332,4381.89,12.91,69.22,5.07,3.73473,105.92,NA,NA,75.36437246963564,4.838709677419354,11.33,8.666,4381.89013671875
2023-06-23,17.1795,NA,11.508,NA,53341.91015625,61.65999984741211,4348.33,13.44,68.91,5.07,3.77039,103.95,NA,NA,77.58097165991903,4.838709677419354,11.33,8.566,4348.330078125
2023-06-24,NA,NA,NA,NA,NA,NA,NA,NA,NA,5.07,3.77039,NA,NA,NA,72.03947368421053,2.9032258064516125,NA,8.87,NA
2023-06-25,NA,NA,NA,NA,NA,NA,NA,NA,NA,5.07,3.77039,NA,NA,NA,70.93117408906883,1.9354838709677418,NA,NA,NA
2023-06-26,17.1445,NA,11.5005,NA,53335.73828125,61.75,4328.82,14.25,69.09,5.07,3.76894,105.42,NA,NA,73.14777327935224,4.838709677419354,11.28,8.536,4328.81982421875
2023-06-27,17.1013,11.02,11.4855,NA,53926.91015625,62.810001373291016,4378.41,13.74,67.68,5.07,3.7239,105.42,NA,NA,67.60627530364373,5.806451612903225,11.28,8.576,4378.41015625
2023-06-28,17.072,NA,11.4962,NA,53460.05859375,62.36000061035156,4376.86,13.43,69.54,5.07,3.76606,103.46,NA,NA,74.25607287449394,4.838709677419354,11.28,8.566,4376.85986328125
2023-06-29,17.1187,NA,11.4925,NA,53585.21875,62.529998779296875,4396.44,13.54,69.85,5.07,3.7585,104.43,NA,NA,73.14777327935224,4.838709677419354,11.28,8.696,4396.43994140625
2023-06-30,17.1358,NA,11.498,NA,53526.1015625,62.18000030517578,4450.38,13.59,70.66,5.08,3.72835,104.95,NA,NA,73.14777327935224,3.8709677419354835,11.28,8.666,4450.3798828125
2023-07-01,NA,NA,NA,NA,NA,NA,NA,NA,NA,5.08,3.72835,NA,87,4,61.66425992779783,3.2068965517241383,NA,8.982,NA
2023-07-02,NA,NA,NA,NA,NA,NA,NA,NA,NA,5.08,3.72835,NA,NA,NA,58.418772563176894,2.137931034482759,NA,NA,NA
2023-07-03,17.0517,NA,11.503,NA,54399.1015625,63.09000015258789,4455.59,13.57,69.71,5.08,3.67924,101.48,NA,NA,65.99157641395908,4.275862068965518,11.28,8.686,4455.58984375
2023-07-04,17.026,11.3,11.503,NA,53930.859375,NA,NA,13.7,NA,5.08,3.67924,101.48,NA,NA,72.48255114320096,5.344827586206897,11.28,8.726,NA
2023-07-05,17.004,NA,11.508,NA,54039.66015625,63.209999084472656,4446.82,14.18,71.78,5.08,3.6325,101.48,NA,NA,104.93742478941034,5.344827586206897,11.28,8.756,4446.81982421875
2023-07-06,17.2825,NA,11.5105,NA,53407.69921875,61.66999816894531,4411.59,15.44,71.76,5.08,3.67195,102.47,NA,NA,108.18291215403129,5.344827586206897,11.28,8.85,4411.58984375
2023-07-07,17.1012,NA,11.5002,NA,53904.2890625,62.61000061035156,4398.95,14.83,73.91,5.08,3.66578,106.43,NA,NA,88.70998796630565,4.275862068965518,11.28,8.916,4398.9501953125
2023-07-08,NA,NA,NA,NA,NA,NA,NA,NA,NA,5.08,3.66578,NA,NA,NA,83.30084235860409,3.2068965517241383,NA,9.251,NA
2023-07-09,NA,NA,NA,NA,NA,NA,NA,NA,NA,5.08,3.66578,NA,NA,NA,80.05535499398314,3.2068965517241383,NA,NA,NA
2023-07-10,17.0605,NA,11.4904,NA,53655.3515625,62.619998931884766,4409.53,15.07,73.05,5.07,3.69217,106.41,NA,NA,73.56438026474127,5.344827586206897,11.28,8.946,4409.52978515625
2023-07-11,17.0783,11.29,11.495,NA,54138.140625,63.20000076293945,4439.26,14.84,74.87,5.08,3.66899,106.89,NA,NA,71.40072202166064,4.275862068965518,NA,8.946,4439.259765625
2023-07-12,16.8537,NA,11.4925,NA,53956.7109375,63.54999923706055,4472.16,13.54,75.77,5.08,3.69253,105.92,NA,NA,102.77376654632972,6.413793103448277,NA,8.746,4472.16015625
2023-07-13,16.8905,NA,11.49,NA,54244.01171875,64.2300033569336,4510.04,13.61,76.86,5.08,3.63417,100.98,NA,NA,100.61010830324909,5.344827586206897,NA,8.696,4510.0400390625
2023-07-14,16.7892,NA,11.4865,NA,53770.80078125,63.90999984741211,4505.42,13.34,75.44,5.08,3.5591,98.03,NA,NA,98.44645006016847,3.2068965517241383,NA,8.736,4505.419921875
2023-07-15,NA,NA,NA,NA,NA,NA,NA,NA,NA,5.08,3.5591,NA,NA,NA,96.28279181708784,3.2068965517241383,NA,9.049,NA
2023-07-16,NA,NA,NA,NA,NA,NA,NA,NA,NA,5.08,3.5591,NA,NA,NA,85.46450060168472,2.137931034482759,NA,NA,NA
2023-07-17,16.7858,NA,11.49,NA,53623.26953125,63.880001068115234,4522.79,13.48,74.17,5.08,3.63062,100,NA,NA,94.11913357400722,4.275862068965518,NA,8.696,4522.7900390625
2023-07-18,16.748,11.18,11.4915,NA,54036.26953125,64.220001220703125,4554.98,13.3,75.76,5.08,3.63218,99.01,NA,NA,90.87364620938628,3.2068965517241383,11.17,8.676,4554.97998046875
2023-07-19,16.7667,NA,11.5,NA,53740.16015625,63.959999084472656,4565.72,13.76,75.4,5.08,3.76141,98.02,NA,NA,90.87364620938628,3.2068965517241383,11.19,8.726,4565.72021484375
2023-07-20,16.846,NA,11.505,NA,53561.37109375,63.130001068115234,4534.87,13.99,75.65,5.08,3.79171,101.97,NA,NA,87.62815884476534,4.275862068965518,11.27,8.826,4534.8701171875
2023-07-21,16.9393,NA,11.5037,NA,53702.16015625,62.900001525878906,4536.34,13.6,77.06,5.08,3.75256,102.54,NA,NA,91.95547533092659,3.2068965517241383,11.29,8.786,4536.33984375
2023-07-22,NA,NA,NA,NA,NA,NA,NA,NA,NA,5.08,3.75256,NA,NA,NA,87.62815884476534,2.137931034482759,NA,9.106,NA
2023-07-23,NA,NA,NA,NA,NA,NA,NA,NA,NA,5.08,3.75256,NA,NA,NA,82.21901323706378,3.2068965517241383,NA,NA,NA
2023-07-24,16.8367,NA,11.5084,NA,53518.91015625,63.369998931884766,4554.64,13.91,78.81,5.08,3.73151,100.98,NA,NA,97.36462093862815,4.275862068965518,11.31,8.826,4554.64013671875
2023-07-25,16.9075,11.09,11.5054,NA,54013.578125,63.400001525878906,4567.46,13.86,79.76,5.08,3.8076,99.01,NA,NA,98.44645006016847,5.344827586206897,11.33,8.846,4567.4599609375
2023-07-26,16.8825,NA,11.5095,NA,54502.08984375,64.33000183105469,4566.75,13.19,79.11,5.08,3.77972,104.94,NA,NA,87.62815884476534,5.344827586206897,11.09,8.816,4566.75
2023-07-27,16.7338,NA,11.514,NA,54753.390625,64.33000183105469,4537.41,14.41,80.17,5.33,3.60167,101.97,NA,NA,90.87364620938628,4.275862068965518,11.09,8.851,4537.41015625
2023-07-28,16.6895,NA,11.5135,NA,54945.26953125,65.36000061035156,4582.23,13.33,80.55,5.33,3.55071,103.96,NA,NA,89.79181708784597,4.275862068965518,11.09,8.86,4582.22998046875
2023-07-29,NA,NA,NA,NA,NA,NA,NA,NA,NA,5.33,3.55071,NA,NA,NA,87.62815884476534,3.2068965517241383,NA,9.19,NA
2023-07-30,NA,NA,NA,NA,NA,NA,NA,NA,NA,5.33,3.55071,NA,NA,NA,81.13718411552347,3.2068965517241383,NA,NA,NA
2023-07-31,16.7303,NA,11.508,NA,54819.05078125,65.029998779296875,4588.96,13.63,81.8,5.33,3.5396,99.01,NA,NA,86.54632972322503,4.275862068965518,NA,8.816,4588.9599609375
2023-08-01,16.8533,11.28,11.5105,9.1,54210.62109375,63.63999938964844,4576.73,13.93,81.37,5.33,3.63133,100,76,5,81.27777777777779,3.0999999999999996,NA,8.866,4576.72998046875
2023-08-02,17.0193,NA,11.5053,NA,53283.55859375,61.959999084472656,4513.39,16.09,79.5,5.33,3.66977,102.96,NA,NA,82.33333333333333,4.133333333333333,NA,8.946,4513.39013671875
2023-08-03,17.2892,NA,11.505,NA,53445.08984375,61.20000076293945,4501.89,15.92,81.56,5.33,3.63998,107.9,NA,NA,99.22222222222223,4.133333333333333,NA,9.006,4501.89013671875
2023-08-04,17.0555,NA,11.5025,NA,53991.421875,62.7599983215332,4478.03,17.1,82.76,5.33,3.66563,107.91,NA,NA,105.55555555555556,5.166666666666666,NA,9.016,4478.02978515625
2023-08-05,NA,NA,NA,NA,NA,NA,NA,NA,NA,5.33,3.66563,NA,NA,NA,90.77777777777779,3.0999999999999996,NA,9.34,NA
2023-08-06,NA,NA,NA,NA,NA,NA,NA,NA,NA,5.33,3.66563,NA,NA,NA,82.33333333333333,3.0999999999999996,NA,NA,NA
2023-08-07,17.0608,NA,11.5,NA,54032.828125,63,4518.44,15.77,81.94,5.33,3.66207,104.92,NA,NA,93.94444444444444,3.0999999999999996,NA,9.106,4518.43994140625
2023-08-08,17.1122,11.25,11.494,NA,53663.01953125,62.369998931884766,4499.38,15.99,82.94,5.33,3.69305,103.95,NA,NA,82.33333333333333,5.166666666666666,NA,9.086,4499.3798828125
2023-08-09,17.0767,NA,11.5005,NA,54220.73828125,63.029998779296875,4467.71,15.96,84.35,5.33,3.70316,103.94,NA,NA,76,6.199999999999999,NA,8.986,4467.7099609375
2023-08-10,16.9548,NA,11.494,NA,53889.03125,62.790000915527344,4468.83,15.85,82.81,5.33,3.64404,103.95,NA,NA,78.11111111111111,6.199999999999999,NA,8.996,4468.830078125
2023-08-11,17.0045,NA,11.4975,NA,53242.16015625,62.04999923706055,4464.05,14.84,83.17,5.33,3.65235,102.96,NA,NA,82.33333333333333,6.199999999999999,NA,9.076,4464.0498046875
2023-08-12,NA,NA,NA,NA,NA,NA,NA,NA,NA,5.33,3.65235,NA,NA,NA,71.77777777777779,3.0999999999999996,NA,9.406,NA
2023-08-13,NA,NA,NA,NA,NA,NA,NA,NA,NA,5.33,3.65235,NA,NA,NA,73.88888888888889,3.0999999999999996,NA,NA,NA
2023-08-14,17.0672,NA,11.485,NA,53291.44140625,61.9900016784668,4489.72,14.82,82.5,5.33,3.67356,102.96,NA,NA,79.16666666666667,5.166666666666666,NA,9.176,4489.72021484375
2023-08-15,17.1388,11.26,11.485,NA,53585.0703125,62.11000061035156,4437.86,16.46,81.06,5.33,3.68596,104.94,NA,NA,77.05555555555556,5.166666666666666,NA,9.156,4437.85986328125
2023-08-16,17.0768,NA,11.5,NA,53827.7109375,62.22999954223633,4404.33,16.78,79.4,5.33,3.73317,109.88,NA,NA,74.94444444444444,5.166666666666666,NA,9.216,4404.330078125
2023-08-17,17.1225,NA,11.4925,NA,53201.44140625,61.54999923706055,4370.36,17.89,80.43,5.33,3.80732,109.89,NA,NA,70.72222222222223,6.199999999999999,NA,9.306,4370.35986328125
2023-08-18,17.0477,NA,11.4925,NA,53194.390625,61.849998474121094,4369.71,17.3,81.25,5.33,3.8336,112.84,NA,NA,66.5,5.166666666666666,NA,9.386,4369.7099609375
2023-08-19,NA,NA,NA,NA,NA,NA,NA,NA,NA,5.33,3.8336,NA,NA,NA,66.5,3.0999999999999996,NA,9.72,NA
2023-08-20,NA,NA,NA,NA,NA,NA,NA,NA,NA,5.33,3.8336,NA,NA,NA,63.333333333333336,3.0999999999999996,NA,NA,NA
2023-08-21,17.0202,NA,11.4975,NA,53109.76171875,61.7400016784668,4399.77,17.13,80.71,5.33,3.8177,112.84,NA,NA,72.83333333333333,6.199999999999999,11.855,9.486,4399.77001953125
2023-08-22,16.9267,10.96,11.505,NA,53127.9296875,62.040000915527344,4387.55,16.97,80.25,5.33,3.77099,111.88,NA,NA,72.83333333333333,6.199999999999999,NA,9.466,4387.5498046875
2023-08-23,16.8077,NA,11.4975,NA,53635.33984375,63.36000061035156,4436.01,15.98,78.91,5.33,3.73697,109.89,NA,NA,69.66666666666667,6.199999999999999,NA,9.266,4436.009765625
2023-08-24,16.809,NA,11.494,NA,53109.828125,62.459999084472656,4376.31,17.2,79.52,5.33,3.71954,105.91,NA,NA,67.55555555555556,6.199999999999999,11.16,9.296,4376.31005859375
2023-08-25,16.7718,NA,11.5062,NA,53191.53125,62.849998474121094,4405.71,15.68,80.47,5.33,3.70781,107.91,NA,NA,76,6.199999999999999,11.17,9.306,4405.7099609375
2023-08-26,NA,NA,NA,NA,NA,NA,NA,NA,NA,5.33,3.70781,NA,NA,NA,73.88888888888889,4.133333333333333,NA,9.662,NA
2023-08-27,NA,NA,NA,NA,NA,NA,NA,NA,NA,5.33,3.70781,NA,NA,NA,60.16666666666667,3.0999999999999996,NA,NA,NA
2023-08-28,16.7432,NA,11.5055,NA,53442.640625,63.20000076293945,4433.31,15.08,80.65,5.33,3.69032,104.94,NA,NA,67.55555555555556,7.2333333333333325,11.19,9.31,4433.31005859375
2023-08-29,16.8402,11.07,11.5079,NA,54261.328125,63.939998626708984,4497.63,14.45,81.14,5.33,3.63703,99.01,NA,NA,71.77777777777779,6.199999999999999,11.23,9.296,4497.6298828125
2023-08-30,16.7477,NA,11.509,NA,54390.73828125,64.26000213623047,4514.87,13.88,81.64,5.33,3.62241,97.04,NA,NA,65.44444444444444,7.2333333333333325,11.07,9.356,4514.8701171875
2023-08-31,16.917,NA,11.507,NA,53020.98046875,61.65999984741211,4507.66,13.57,83.55,5.33,3.64565,98.02,NA,NA,60.16666666666667,7.2333333333333325,11.25,9.336,4507.66015625
2023-09-01,17.1113,NA,11.506,9.68,53145.359375,61.459999084472656,4515.77,13.09,85.52,5.33,3.63252,100,65,6,68.19672131147541,6.885245901639345,11.25,9.396,4515.77001953125
2023-09-02,NA,NA,NA,NA,NA,NA,NA,NA,NA,5.33,3.63252,NA,NA,NA,67.1311475409836,3.934426229508197,NA,9.737,NA
2023-09-03,NA,NA,NA,NA,NA,NA,NA,NA,NA,5.33,3.63252,NA,NA,NA,55.40983606557377,3.934426229508197,NA,NA,NA
2023-09-04,17.175,NA,11.5019,NA,53030.51953125,NA,NA,13.82,NA,5.33,3.63252,98.02,NA,NA,61.80327868852459,6.885245901639345,11.25,9.406,NA
2023-09-05,17.3492,11,11.4972,NA,52932.5,60.060001373291016,4496.83,14.01,86.74,5.33,3.60808,98.02,NA,NA,71.39344262295083,6.885245901639345,11.25,9.486,4496.830078125
2023-09-06,17.5805,NA,11.501,NA,52971.19140625,59.689998626708984,4465.48,14.45,87.55,5.33,3.6728,100.99,NA,NA,72.45901639344262,6.885245901639345,11.25,9.576,4465.47998046875
2023-09-07,17.5543,NA,11.5,NA,52482.96875,59.060001373291016,4451.14,14.4,86.87,5.33,3.63959,102.97,NA,NA,77.78688524590164,7.868852459016394,11.27,9.545,4451.14013671875
2023-09-08,17.5767,NA,11.5012,NA,52505.109375,59.380001068115234,4457.49,13.84,87.51,5.33,3.58726,102.96,NA,NA,74.59016393442623,5.901639344262295,NA,9.543,4457.490234375
2023-09-09,NA,NA,NA,NA,NA,NA,NA,NA,NA,5.33,3.58726,NA,NA,NA,77.78688524590164,3.934426229508197,NA,9.964,NA
2023-09-10,NA,NA,NA,NA,NA,NA,NA,NA,NA,5.33,3.58726,NA,NA,NA,67.1311475409836,3.934426229508197,NA,NA,NA
2023-09-11,17.3813,NA,11.5055,NA,52267.48828125,60.220001220703125,4487.46,13.8,87.3,5.33,3.60607,100.98,NA,NA,71.39344262295083,6.885245901639345,NA,9.786,4487.4599609375
2023-09-12,17.2553,11.25,11.5004,NA,51860.44921875,59.95000076293945,4461.9,14.23,88.87,5.33,3.65864,102.96,NA,NA,70.32786885245902,9.836065573770492,NA,9.736,4461.89990234375
2023-09-13,17.1235,NA,11.505,NA,51522.1796875,59.91999816894531,4467.44,13.48,88.59,5.33,3.62536,107.91,NA,NA,70.32786885245902,6.885245901639345,NA,9.596,4467.43994140625
2023-09-14,17.1042,NA,11.5075,NA,51755.6796875,60.27000045776367,4505.1,12.82,90.13,5.33,3.59506,105.93,NA,NA,70.32786885245902,7.868852459016394,11.22,9.606,4505.10009765625
2023-09-15,17.0807,NA,11.506,NA,51351.6015625,59.90999984741211,4450.32,13.79,90.83,5.33,3.61384,103.95,NA,NA,66.06557377049181,5.901639344262295,11.23,9.616,4450.31982421875
2023-09-16,NA,NA,NA,NA,NA,NA,NA,NA,NA,5.33,3.61384,NA,NA,NA,63.934426229508205,3.934426229508197,NA,9.94,NA
2023-09-17,NA,NA,NA,NA,NA,NA,NA,NA,NA,5.33,3.61384,NA,NA,NA,55.40983606557377,2.9508196721311477,NA,NA,NA
2023-09-18,17.1307,NA,11.5055,NA,51685.30859375,60.130001068115234,4453.53,14,91.47,5.33,3.6872,105.93,NA,NA,62.868852459016395,6.885245901639345,NA,9.626,4453.52978515625
2023-09-19,17.0805,11,11.5075,NA,52219.76171875,60.81999969482422,4443.95,14.11,91.16,5.33,3.66952,106.92,NA,NA,57.54098360655738,6.885245901639345,10.99,9.726,4443.9501953125
2023-09-20,17.024,NA,11.5037,NA,52507.23046875,61.11000061035156,4402.2,15.14,89.2,5.33,3.62802,105.94,NA,NA,59.67213114754099,7.868852459016394,11,9.685,4402.2001953125
2023-09-21,17.1675,NA,11.5065,NA,51954.01171875,59.970001220703125,4330,17.54,89.56,5.33,3.69257,121.74,NA,NA,59.67213114754099,5.901639344262295,11.12,9.786,4330
2023-09-22,17.1568,NA,11.5055,NA,51677.48046875,59.97999954223633,4320.06,17.2,90,5.33,3.7049,124.69,NA,NA,58.606557377049185,6.885245901639345,11.11,9.796,4320.06005859375
2023-09-23,NA,NA,NA,NA,NA,NA,NA,NA,NA,5.33,3.7049,NA,NA,NA,66.06557377049181,5.901639344262295,NA,10.188,NA
2023-09-24,NA,NA,NA,NA,NA,NA,NA,NA,NA,5.33,3.7049,NA,NA,NA,54.34426229508197,3.934426229508197,NA,NA,NA
2023-09-25,17.3733,NA,11.499,NA,51367.4609375,58.83000183105469,4337.44,16.9,89.68,5.33,3.70382,122.68,NA,NA,60.73770491803279,5.901639344262295,11.17,9.906,4337.43994140625
2023-09-26,17.4758,11.05,11.4995,NA,51107.80078125,58.16999816894531,4273.53,18.94,91.43,5.33,3.75791,122.72,NA,NA,60.73770491803279,6.885245901639345,NA,9.9,4273.52978515625
2023-09-27,17.7287,NA,11.5041,NA,51427.26953125,57.959999084472656,4274.51,18.22,93.67,5.33,3.77602,126.64,NA,NA,61.80327868852459,5.901639344262295,11.06,10.156,4274.509765625
2023-09-28,17.6195,NA,11.4983,NA,51554.94921875,58.470001220703125,4299.7,17.34,91.65,5.33,3.80829,129.65,NA,NA,67.1311475409836,6.885245901639345,11.21,9.956,4299.7001953125
2023-09-29,17.4127,NA,11.5028,NA,50874.98046875,58.22999954223633,4288.05,17.52,90.77,5.33,3.78223,128.61,NA,NA,62.868852459016395,4.918032786885246,11.18,9.916,4288.0498046875
2023-09-30,NA,NA,NA,NA,NA,NA,NA,NA,NA,5.33,3.78223,NA,NA,NA,56.47540983606558,3.934426229508197,NA,10.309,NA
2023-10-01,NA,NA,NA,NA,NA,NA,NA,NA,NA,5.33,3.78223,NA,64,5,47.93688362919132,3.502824858757062,NA,NA,NA
2023-10-02,17.592,NA,11.5,NA,51260.37109375,57.68000030517578,4288.39,17.61,88.81,5.33,3.78723,128.61,NA,NA,59.676528599605525,6.129943502824858,11.864,9.966,4288.39013671875
2023-10-03,17.9025,11.05,11.4985,NA,50366.390625,55.7599983215332,4229.45,19.78,89.26,5.33,3.8485,127.59,NA,NA,61.633136094674555,6.129943502824858,11.05,10.417,4229.4501953125
2023-10-04,18.017,NA,11.4983,NA,50732.69140625,56.18000030517578,4263.75,18.58,84.32,5.33,3.87606,138.5,NA,NA,77.28599605522682,5.2542372881355925,11.18,9.886,4263.75
2023-10-05,18.2407,NA,11.4979,NA,49454.58984375,54.20000076293945,4258.19,18.49,82.3,5.33,3.89315,134.43,NA,NA,73.37278106508876,6.129943502824858,11.22,9.956,4258.18994140625
2023-10-06,18.1837,NA,11.4977,NA,49666.5,54.709999084472656,4308.5,17.45,82.83,5.33,3.85028,134.47,NA,NA,94.89546351084813,5.2542372881355925,11.17,9.886,4308.5
2023-10-07,NA,NA,NA,NA,NA,NA,NA,NA,NA,5.33,3.85028,NA,NA,NA,78.26429980276134,3.502824858757062,NA,10.281,NA
2023-10-08,NA,NA,NA,NA,NA,NA,NA,NA,NA,5.33,3.85028,NA,NA,NA,66.52465483234714,2.6271186440677963,NA,NA,NA
2023-10-09,18.3482,NA,11.5,NA,49297.1484375,54.25,4335.66,17.7,NA,5.33,3.85028,130.61,NA,NA,74.35108481262327,5.2542372881355925,11.23,9.836,4335.66015625
2023-10-10,17.9917,11.05,11.501,NA,50289.859375,56.22999954223633,4358.24,17.03,85.89,5.33,3.8103,130.45,NA,NA,73.37278106508876,6.129943502824858,11.19,9.756,4358.240234375
2023-10-11,17.842,NA,11.502,NA,50344.73828125,56.459999084472656,4376.95,16.09,83.7,5.33,3.79047,123.59,NA,NA,70.43786982248521,5.2542372881355925,11.04,9.766,4376.9501953125
2023-10-12,17.9132,NA,11.5022,NA,49745.16015625,55.400001525878906,4349.61,16.69,82.87,5.33,3.77258,120.7,NA,NA,73.37278106508876,5.2542372881355925,11.05,9.866,4349.60986328125
2023-10-13,18.0362,NA,11.5045,NA,49379.578125,54.84000015258789,4327.78,19.32,87.67,5.33,3.80298,123.71,NA,NA,72.39447731755423,5.2542372881355925,11.19,9.836,4327.77978515625
2023-10-14,NA,NA,NA,NA,NA,NA,NA,NA,NA,5.33,3.80298,NA,NA,NA,64.5680473372781,4.378531073446327,NA,10.226,NA
2023-10-15,NA,NA,NA,NA,NA,NA,NA,NA,NA,5.33,3.80298,NA,NA,NA,53.80670611439842,4.378531073446327,NA,NA,NA
2023-10-16,17.9568,NA,11.506,NA,49823.078125,55.869998931884766,4373.63,17.21,86.65,5.33,3.76665,126.6,NA,NA,58.69822485207101,4.378531073446327,11.2,9.886,4373.6298828125
2023-10-17,17.9097,10.95,11.5065,NA,49666.01171875,55.31999969482422,4373.2,17.88,86.66,5.33,3.71666,123.7,NA,NA,58.69822485207101,5.2542372881355925,11.2,9.966,4373.2001953125
2023-10-18,18.244,NA,11.507,NA,49274.78125,54.220001220703125,4314.6,19.22,88.35,5.33,3.70543,128.62,NA,NA,58.69822485207101,4.378531073446327,11.16,10.066,4314.60009765625
2023-10-19,18.2873,NA,11.507,NA,48804.609375,53.720001220703125,4278,21.4,89.35,5.33,3.694,128.62,NA,NA,61.633136094674555,5.2542372881355925,11.21,10.056,4278
2023-10-20,18.2343,NA,11.507,NA,48275.91015625,53.27000045776367,4224.16,21.71,89.12,5.33,3.75271,135.04,NA,NA,73.37278106508876,6.129943502824858,11.21,10.006,4224.16015625
2023-10-21,NA,NA,NA,NA,NA,NA,NA,NA,NA,5.33,3.75271,NA,NA,NA,58.69822485207101,4.378531073446327,NA,10.414,NA
2023-10-22,NA,NA,NA,NA,NA,NA,NA,NA,NA,5.33,3.75271,NA,NA,NA,54.78500986193294,3.502824858757062,NA,NA,NA
2023-10-23,18.1218,NA,11.507,NA,48197.87890625,53.34000015258789,4217.04,20.37,85.49,5.33,3.78114,134.44,NA,NA,64.5680473372781,6.129943502824858,11.32,9.976,4217.0400390625
2023-10-24,18.2842,11.26,11.507,NA,48278.80078125,53.209999084472656,4247.68,18.97,84.58,5.33,3.75803,130.54,NA,NA,65.54635108481263,7.005649717514124,11.25,10.056,4247.68017578125
2023-10-25,18.3122,NA,11.5047,NA,48766.328125,53.439998626708984,4186.77,20.19,86.07,5.33,3.71256,127.63,NA,NA,58.69822485207101,6.129943502824858,11.26,10.246,4186.77001953125
2023-10-26,18.2178,NA,11.506,NA,49182.37109375,54.58000183105469,4137.23,20.68,83.8,5.33,3.80716,129.64,NA,NA,56.74161735700197,5.2542372881355925,11.3,10.106,4137.22998046875
2023-10-27,18.0752,NA,11.5065,NA,48973.8515625,54.529998779296875,4117.37,21.27,86.04,5.33,3.825,129.52,NA,NA,63.58974358974359,5.2542372881355925,11.29,10.126,4117.3701171875
2023-10-28,NA,NA,NA,NA,NA,NA,NA,NA,NA,5.33,3.825,NA,NA,NA,52.828402366863905,2.6271186440677963,NA,10.526,NA
2023-10-29,NA,NA,NA,NA,NA,NA,NA,NA,NA,5.33,3.825,NA,NA,NA,46.9585798816568,2.6271186440677963,NA,NA,NA
2023-10-30,18.064,11.09,11.5045,NA,49277.359375,54.95000076293945,4166.82,19.75,83.03,5.33,3.8082,129.56,NA,NA,54.78500986193294,5.2542372881355925,11.3,10.246,4166.81982421875
2023-10-31,18.0368,NA,11.5035,NA,49061.87890625,54.79999923706055,4193.8,18.14,81.64,5.33,3.79158,123.69,NA,NA,53.80670611439842,7.005649717514124,11.09,10.206,4193.7998046875
2023-11-01,17.9305,NA,11.5055,10.23,49787.83984375,56.5,4237.86,16.87,81.05,5.33,3.849,121.71,59,7,61.722103004291846,5.64516129032258,11.14,10.116,4237.85986328125
2023-11-02,NA,NA,NA,NA,NA,58.959999084472656,4317.78,15.66,83.04,5.33,3.66879,107.89,NA,NA,68.36909871244636,4.516129032258064,NA,10.512,4317.77978515625
2023-11-03,17.4117,NA,11.5065,NA,51266.73046875,59.529998779296875,4358.34,14.91,81.19,5.33,3.61008,107.89,NA,NA,73.11695278969957,5.64516129032258,11.15,9.786,4358.33984375
2023-11-04,NA,NA,NA,NA,NA,NA,NA,NA,NA,5.33,3.61008,NA,NA,NA,65.52038626609442,5.64516129032258,NA,10.165,NA
2023-11-05,NA,NA,NA,NA,NA,NA,NA,NA,NA,5.33,3.61008,NA,NA,NA,56.02467811158799,4.516129032258064,NA,NA,NA
2023-11-06,17.5308,NA,11.507,NA,51633.62890625,59.689998626708984,4365.98,14.89,81.54,5.33,3.6643,102.95,NA,NA,68.36909871244636,7.903225806451612,11.17,9.786,4365.97998046875
2023-11-07,17.5097,10.95,11.507,NA,51209.8515625,59.189998626708984,4378.38,14.81,77.96,5.33,3.7243,107.91,NA,NA,59.82296137339056,9.032258064516128,11.18,9.826,4378.3798828125
2023-11-08,17.5017,NA,11.507,NA,51016.30078125,58.84000015258789,4382.78,14.45,75.85,5.33,3.72824,106.9,NA,NA,56.02467811158799,9.032258064516128,10.98,9.656,4382.77978515625
2023-11-09,17.4888,NA,11.507,NA,51071.03125,57.88999938964844,4347.35,15.29,76.34,5.33,3.71472,106.91,NA,NA,56.97424892703863,6.774193548387096,11.11,9.646,4347.35009765625
2023-11-10,17.748,NA,11.507,NA,51258.23828125,59.0099983215332,4415.24,14.17,NA,5.33,3.72911,105.92,NA,NA,61.722103004291846,7.903225806451612,11.13,9.626,4415.240234375
2023-11-11,NA,NA,NA,NA,NA,NA,NA,NA,NA,5.33,3.72911,NA,NA,NA,51.276824034334766,6.774193548387096,NA,9.982,NA
2023-11-12,NA,NA,NA,NA,NA,NA,NA,NA,NA,5.33,3.72911,NA,NA,NA,47.47854077253219,5.64516129032258,NA,NA,NA
2023-11-13,17.6138,NA,11.5064,NA,51090.91015625,58.93000030517578,4411.55,14.76,78.86,5.33,3.78123,105.92,NA,NA,55.07510729613734,9.032258064516128,11.15,9.636,4411.5498046875
2023-11-14,17.3917,10.87,11.5055,NA,52511.37109375,61.43000030517578,4495.7,14.16,78.9,5.33,3.75894,106.91,NA,NA,57.92381974248927,9.032258064516128,10.86,9.426,4495.7001953125
2023-11-15,17.3387,NA,11.5051,NA,52796.46875,61.880001068115234,4502.88,14.18,77.15,5.33,3.74228,100.98,NA,NA,61.722103004291846,7.903225806451612,10.87,9.446,4502.8798828125
2023-11-16,17.2708,NA,11.505,NA,52469.359375,61.619998931884766,4508.24,14.32,73.5,5.33,3.76995,100.99,NA,NA,57.92381974248927,7.903225806451612,10.88,9.356,4508.240234375
2023-11-17,17.2175,NA,11.5037,NA,52685.1015625,62.09000015258789,4514.02,13.8,76.47,5.33,3.7367,100,NA,NA,62.671673819742495,7.903225806451612,10.89,9.406,4514.02001953125
2023-11-18,NA,NA,NA,NA,NA,NA,NA,NA,NA,5.33,3.7367,NA,NA,NA,57.92381974248927,3.387096774193548,NA,9.778,NA
2023-11-19,NA,NA,NA,NA,NA,NA,NA,NA,NA,5.33,3.7367,NA,NA,NA,51.276824034334766,3.387096774193548,NA,NA,NA
2023-11-20,NA,NA,NA,NA,NA,62.84000015258789,4547.38,13.41,78.1,5.33,3.69441,98.02,NA,NA,65.52038626609442,6.774193548387096,NA,NA,4547.3798828125
2023-11-21,17.2102,10.75,11.504,NA,52504.2890625,62.04999923706055,4538.19,13.35,78.35,5.33,3.64063,96.04,NA,NA,67.41952789699572,6.774193548387096,10.99,9.506,4538.18994140625
2023-11-22,17.2133,NA,11.504,NA,52670.01171875,62.27000045776367,4556.62,12.85,76.8,5.33,3.6156,96.05,NA,NA,56.02467811158799,6.774193548387096,10.8,9.546,4556.6201171875
2023-11-23,17.1787,NA,11.504,NA,53059.5390625,NA,NA,12.8,NA,5.33,3.6156,98.02,NA,NA,58.87339055793991,10.161290322580644,10.8,9.497,NA
2023-11-24,17.1268,NA,11.504,NA,52938.421875,62.4900016784668,4559.34,12.46,74.83,5.33,3.59964,98.02,NA,NA,60.772532188841204,7.903225806451612,11.1,9.546,4559.33984375
2023-11-25,NA,NA,NA,NA,NA,NA,NA,NA,NA,5.33,3.59964,NA,NA,NA,56.02467811158799,6.774193548387096,NA,9.988,NA
2023-11-26,NA,NA,NA,NA,NA,NA,NA,NA,NA,5.33,3.59964,NA,NA,NA,51.276824034334766,5.64516129032258,NA,NA,NA
2023-11-27,17.1555,NA,11.5032,NA,52220.48828125,61.9900016784668,4550.43,12.69,74.46,5.33,3.6655,98.02,NA,NA,57.92381974248927,9.032258064516128,11.16,9.516,4550.43017578125
2023-11-28,17.1357,10.78,11.504,NA,52359,62.45000076293945,4554.89,12.69,76.09,5.33,3.67311,97.03,NA,NA,55.07510729613734,6.774193548387096,11.19,9.346,4554.89013671875
2023-11-29,17.187,NA,11.5041,NA,52792.80859375,62.06999969482422,4550.58,12.98,77.56,5.33,3.58333,97.04,NA,NA,56.97424892703863,7.903225806451612,11.03,9.246,4550.580078125
2023-11-30,17.373,NA,11.5033,NA,54060.01171875,63.2400016784668,4567.8,12.92,75.66,5.33,3.58342,96.05,NA,NA,53.175965665236056,7.903225806451612,11.09,9.376,4567.7998046875
2023-12-01,17.2143,NA,11.504,9.39,53901.4296875,63.79999923706055,4594.63,12.63,73.7,5.33,3.57817,99,62,5,56.50260787102892,6.271676300578035,11.06,9.256,4594.6298828125
2023-12-02,NA,NA,NA,NA,NA,NA,NA,NA,NA,5.33,3.57817,NA,NA,NA,56.50260787102892,5.375722543352601,NA,9.593,NA
2023-12-03,NA,NA,NA,NA,NA,NA,NA,NA,NA,5.33,3.57817,NA,NA,NA,47.389284020862966,4.479768786127167,NA,NA,NA
2023-12-04,17.406,NA,11.5051,NA,54053.62890625,62.91999816894531,4569.78,13.08,72.73,5.33,3.54991,103.95,NA,NA,57.41394025604552,7.167630057803468,11.01,9.356,4569.77978515625
2023-12-05,17.4215,11.25,11.5038,NA,54120.91015625,63.41999816894531,4567.18,12.85,71.95,5.33,3.57124,97.02,NA,NA,58.325272641062114,7.167630057803468,11.24,9.256,4567.18017578125
2023-12-06,17.2685,NA,11.504,NA,54100.37109375,63.790000915527344,4549.34,12.97,68.98,5.33,3.58854,98.02,NA,NA,54.67994310099573,7.167630057803468,NA,9.196,4549.33984375
2023-12-07,17.4197,NA,11.504,NA,54456.78125,63.540000915527344,4585.59,13.06,69,5.33,3.61207,99.01,NA,NA,49.21194879089616,6.271676300578035,NA,9.136,4585.58984375
2023-12-08,17.3688,NA,11.506,NA,54393.01171875,63.93000030517578,4604.37,12.35,70.87,5.33,3.63289,98.02,NA,NA,56.50260787102892,6.271676300578035,11.22,9.236,4604.3701171875
2023-12-09,NA,NA,NA,NA,NA,NA,NA,NA,NA,5.33,3.63289,NA,NA,NA,54.67994310099573,4.479768786127167,NA,9.602,NA
2023-12-10,NA,NA,NA,NA,NA,NA,NA,NA,NA,5.33,3.63289,NA,NA,NA,52.857278330962544,4.479768786127167,NA,NA,NA
2023-12-11,17.447,11.25,11.5075,NA,54439.12109375,63.939998626708984,4622.44,12.63,70.95,5.33,3.65753,97.02,NA,NA,57.41394025604552,5.375722543352601,11.24,9.346,4622.43994140625
2023-12-12,NA,NA,NA,NA,NA,64.51000213623047,4643.7,12.07,68.27,5.33,3.67704,95.05,NA,NA,51.945945945945944,6.271676300578035,NA,9.71,4643.7001953125
2023-12-13,17.398,NA,11.506,NA,55167.859375,65.37999725341797,4707.09,12.19,69.09,5.33,3.64524,96.04,NA,NA,65.61593172119488,7.167630057803468,NA,9.096,4707.08984375
2023-12-14,17.299,NA,11.5043,NA,57036.421875,67.81999969482422,4719.55,12.48,71.21,5.33,3.48006,92.13,NA,NA,60.147937411095306,5.375722543352601,11.23,8.956,4719.5498046875
2023-12-15,17.1908,NA,11.504,NA,57130.078125,67.70999908447266,4719.19,12.28,71.05,5.33,3.47532,88.15,NA,NA,64.70459933617828,5.375722543352601,11.29,9.036,4719.18994140625
2023-12-16,NA,NA,NA,NA,NA,NA,NA,NA,NA,5.33,3.47532,NA,NA,NA,58.325272641062114,4.479768786127167,NA,9.377,NA
2023-12-17,NA,NA,NA,NA,NA,NA,NA,NA,NA,5.33,3.47532,NA,NA,NA,50.12328117591275,3.583815028901734,NA,NA,NA
2023-12-18,17.2277,NA,11.504,NA,57732.80859375,68.62000274658203,4740.56,12.56,72.16,5.33,3.48414,89.1,NA,NA,51.945945945945944,5.375722543352601,11.34,9.046,4740.56005859375
2023-12-19,17.0652,11.09,11.5025,NA,57694.33984375,68.81999969482422,4768.37,12.53,73.23,5.33,3.46279,90.1,NA,NA,62.88193456614509,5.375722543352601,NA,9.136,4768.3701171875
2023-12-20,17.0673,NA,11.5025,NA,56909.37109375,66.55999755859375,4698.35,13.67,73.87,5.33,3.47884,91.1,NA,NA,65.61593172119488,5.375722543352601,11.11,9.066,4698.35009765625
2023-12-21,17.059,NA,11.5025,NA,57487.69921875,67.8499984741211,4746.75,13.65,73.59,5.33,3.42107,91.11,NA,NA,68.34992887624466,4.479768786127167,11.2,9.096,4746.75
2023-12-22,16.9738,NA,11.5037,NA,57313.46875,67.80999755859375,4754.63,13.03,73.29,5.33,3.40893,90.11,NA,NA,70.17259364627786,6.271676300578035,11.23,9.077,4754.6298828125
2023-12-23,NA,NA,NA,NA,NA,NA,NA,NA,NA,5.33,3.40893,NA,NA,NA,71.99525841631105,2.6878612716763004,NA,9.452,NA
2023-12-24,NA,NA,NA,NA,NA,NA,NA,NA,NA,5.33,3.40893,NA,NA,NA,66.52726410621148,2.6878612716763004,NA,NA,NA
2023-12-25,NA,NA,NA,NA,NA,NA,NA,NA,NA,5.33,3.40893,90.11,NA,NA,61.0592697961119,2.6878612716763004,NA,NA,NA
2023-12-26,16.9727,11.26,11.505,NA,57745.7890625,68.30999755859375,4774.75,12.99,75.84,5.33,3.42064,90.11,NA,NA,76.55192034139402,4.479768786127167,11.27,9.116,4774.75
2023-12-27,16.922,NA,11.504,NA,57554.46875,68.45999908447266,4781.58,12.43,74.31,5.33,3.45406,90.1,NA,NA,81.108582266477,4.479768786127167,11.32,9.006,4781.580078125
2023-12-28,16.8935,NA,11.5035,NA,57464.421875,67.95999908447266,4783.35,12.47,72.02,5.33,3.40889,90.13,NA,NA,82.93124703651019,5.375722543352601,11.33,8.96,4783.35009765625
2023-12-29,16.919,NA,11.5025,NA,57386.25,67.8499984741211,4769.83,12.45,71.89,5.33,3.39751,90.09,NA,NA,79.28591749644382,4.479768786127167,11.29,8.865,4769.830078125
2023-12-30,NA,NA,NA,NA,NA,NA,NA,NA,NA,5.33,3.39751,NA,NA,NA,68.34992887624466,2.6878612716763004,NA,9.288,NA
2023-12-31,NA,NA,NA,NA,NA,NA,NA,NA,NA,5.33,3.39751,NA,NA,NA,62.88193456614509,1.791907514450867,NA,NA,NA
2024-01-01,NA,NA,NA,9.31,NA,NA,NA,NA,NA,5.33,3.39751,88.13,60,8,54.872017353579174,3.961661341853035,NA,NA,NA
2024-01-02,17.0297,11.3,11.5022,NA,56980.44140625,67.19999694824219,4742.83,13.2,70.62,5.33,3.51151,88.13,NA,NA,71.01084598698482,15.84664536741214,NA,9.016,4742.830078125
2024-01-03,17.0492,NA,11.5025,NA,55726.640625,65.66999816894531,4704.81,14.04,72.97,5.33,3.61355,96.03,NA,NA,80.6941431670282,11.884984025559104,11.28,9.056,4704.81005859375
2024-01-04,17.0458,NA,11.5025,NA,55406.9609375,65.339996337890625,4688.68,14.13,72.38,5.33,3.5707,100,NA,NA,67.78308026030369,9.507987220447284,NA,9.145,4688.68017578125
2024-01-05,16.8987,NA,11.5025,NA,56192.78125,66.87999725341797,4697.24,13.35,74,5.33,3.50453,100.99,NA,NA,62.94143167028199,8.715654952076678,11.24,9.146,4697.240234375
2024-01-06,NA,NA,NA,NA,NA,NA,NA,NA,NA,5.33,3.50453,NA,NA,NA,62.13449023861171,4.753993610223642,NA,NA,NA
2024-01-07,NA,NA,NA,NA,NA,NA,NA,NA,NA,5.33,3.50453,NA,NA,NA,50.837310195227765,4.753993610223642,NA,NA,NA
2024-01-08,16.8133,NA,11.5025,NA,56175.671875,66.98999786376953,4763.54,13.08,71.06,5.33,3.54689,99.01,NA,NA,62.94143167028199,11.092651757188499,NA,9.096,4763.5400390625
2024-01-09,16.9347,11.28,11.5025,NA,55105.578125,65.23999786376953,4756.5,12.76,72.43,5.33,3.52021,96.04,NA,NA,60.52060737527115,11.092651757188499,11.27,9.146,4756.5
2024-01-10,16.9912,NA,11.5025,NA,55318.671875,65.529998779296875,4783.45,12.69,71.57,5.33,3.42287,94.06,NA,NA,53.25813449023861,11.092651757188499,NA,9.116,4783.4501953125
2024-01-11,16.9898,NA,11.5025,NA,55438.75,66.029998779296875,4780.24,12.44,72.15,5.33,3.41032,90.11,NA,NA,58.0997830802603,9.507987220447284,NA,9.076,4780.240234375
2024-01-12,16.858,NA,11.4975,NA,55607.0703125,66.3499984741211,4783.83,12.7,72.94,5.33,3.42669,90.13,NA,NA,53.25813449023861,7.92332268370607,11.19,8.946,4783.830078125
2024-01-13,NA,NA,NA,NA,NA,NA,NA,NA,NA,5.33,3.42669,NA,NA,NA,52.45119305856833,3.961661341853035,NA,9.253,NA
2024-01-14,NA,NA,NA,NA,NA,NA,NA,NA,NA,5.33,3.42669,NA,NA,NA,43.57483731019523,3.961661341853035,NA,NA,NA
2024-01-15,16.8983,NA,11.5002,NA,55501.109375,NA,NA,13.25,NA,5.33,3.42669,88.14,NA,NA,51.64425162689805,7.92332268370607,NA,8.893,NA
2024-01-16,17.1598,11.3,11.4988,NA,55124.578125,64.41999816894531,4765.98,13.84,72.63,5.33,3.42259,88.12,NA,NA,60.52060737527115,7.130990415335463,NA,9.017,4765.97998046875
2024-01-17,17.2957,NA,11.5006,NA,54711.69140625,63.630001068115234,4739.21,14.79,72.79,5.33,3.44567,91.07,NA,NA,58.906724511930584,7.130990415335463,NA,9.107,4739.2099609375
2024-01-18,17.1995,NA,11.501,NA,54707.890625,63.939998626708984,4780.94,14.13,74.32,5.33,3.41532,94.04,NA,NA,79.88720173535792,8.715654952076678,NA,9.182,4780.93994140625
2024-01-19,17.1325,NA,11.5017,NA,55452.1015625,65.12000274658203,4839.81,13.3,73.69,5.33,3.4144,94.06,NA,NA,75.04555314533623,7.92332268370607,NA,9.22,4839.81005859375
2024-01-20,NA,NA,NA,NA,NA,NA,NA,NA,NA,5.33,3.4144,NA,NA,NA,68.59002169197397,5.546325878594249,NA,9.581,NA
2024-01-21,NA,NA,NA,NA,NA,NA,NA,NA,NA,5.33,3.4144,NA,NA,NA,59.713665943600866,4.753993610223642,NA,NA,NA
2024-01-22,17.1125,NA,11.4985,NA,54667.609375,64.04000091552734,4850.43,13.19,75.26,5.33,3.40528,93.06,NA,NA,71.8177874186551,7.92332268370607,NA,9.175,4850.43017578125
2024-01-23,17.352,11.28,11.5002,NA,55502.8984375,64.44000244140625,4864.6,12.55,74.72,5.33,3.46279,93.07,NA,NA,69.39696312364426,9.507987220447284,NA,9.23,4864.60009765625
2024-01-24,17.1673,NA,11.5015,NA,55419.55078125,64.43000030517578,4868.55,13.14,75.48,5.33,3.43328,95.05,NA,NA,74.23861171366595,10.300319488817891,11.27,9.176,4868.5498046875
2024-01-25,17.2375,NA,11.4995,NA,56160.0703125,65.48999786376953,4894.16,13.45,77.91,5.33,3.44379,94.05,NA,NA,65.36225596529285,9.507987220447284,11.26,9.246,4894.16015625
2024-01-26,17.1657,NA,11.4985,NA,56855.87890625,66.38999938964844,4890.97,13.26,78.45,5.33,3.43516,92.09,NA,NA,58.906724511930584,9.507987220447284,11.25,9.246,4890.97021484375
2024-01-27,NA,NA,NA,NA,NA,NA,NA,NA,NA,5.33,3.43516,NA,NA,NA,45.995661605206074,5.546325878594249,NA,9.606,NA
2024-01-28,NA,NA,NA,NA,NA,NA,NA,NA,NA,5.33,3.43516,NA,NA,NA,45.18872017353579,3.961661341853035,NA,NA,NA
2024-01-29,17.2333,NA,11.499,NA,57175.73046875,66.37999725341797,4927.93,13.6,77.25,5.33,3.41577,90.09,NA,NA,49.2234273318872,7.92332268370607,11.25,9.246,4927.93017578125
2024-01-30,17.1932,11.15,11.5,NA,57537.140625,67.029998779296875,4924.97,13.31,78.3,5.33,3.42077,88.14,NA,NA,48.41648590021692,8.715654952076678,11.14,9.276,4924.97021484375
2024-01-31,17.1633,NA,11.5012,NA,57372.76171875,66.660003662109375,4845.65,14.35,76.28,5.33,3.40504,87.12,NA,NA,42.767895878524946,7.92332268370607,11.16,9.166,4845.64990234375
2024-02-01,17.1335,NA,11.4993,NA,57828.078125,67.63999938964844,4906.19,13.88,74.36,5.33,3.4075,90.13,36,6,39.116279069767444,7.648351648351648,11.23,9.036,4906.18994140625
2024-02-02,17.1447,NA,11.4984,NA,58226.76953125,67.94000244140625,4958.61,13.85,72.72,5.33,3.3738,88.14,NA,NA,41.13953488372093,7.010989010989011,11.26,9.236,4958.60986328125
2024-02-03,NA,NA,NA,NA,NA,NA,NA,NA,NA,5.33,3.3738,NA,NA,NA,37.093023255813954,3.824175824175824,NA,9.576,NA
2024-02-04,NA,NA,NA,NA,NA,NA,NA,NA,NA,5.33,3.3738,NA,NA,NA,35.74418604651163,3.1868131868131866,NA,NA,NA
2024-02-05,NA,NA,NA,NA,NA,67.5999984741211,4942.81,13.67,73.21,5.33,3.38295,87.07,NA,NA,38.44186046511628,3.824175824175824,NA,NA,4942.81005859375
2024-02-06,17.0357,11.06,11.498,NA,58645.421875,68.91999816894531,4954.23,13.06,73.83,5.33,3.39304,90.08,NA,NA,40.46511627906977,7.648351648351648,11.14,9.266,4954.22998046875
2024-02-07,17.0398,NA,11.499,NA,58711.87109375,68.80999755859375,4995.06,12.83,74.26,5.33,3.37954,88.14,NA,NA,39.116279069767444,5.0989010989010985,11.24,9.266,4995.06005859375
2024-02-08,17.1023,NA,11.4982,NA,57762.44140625,67.529998779296875,4997.91,12.79,76.67,5.33,3.37842,87.12,NA,NA,35.74418604651163,7.648351648351648,11.15,9.216,4997.91015625
2024-02-09,17.0855,NA,11.4995,NA,57327.5,67.41999816894531,5026.61,12.93,77.26,5.33,3.37187,89.1,NA,NA,35.06976744186046,8.923076923076923,11.14,9.156,5026.60986328125
2024-02-10,NA,NA,NA,NA,NA,NA,NA,NA,NA,5.33,3.37187,NA,NA,NA,38.44186046511628,4.461538461538462,NA,9.502,NA
2024-02-11,NA,NA,NA,NA,NA,NA,NA,NA,NA,5.33,3.37187,NA,NA,NA,33.72093023255814,4.461538461538462,NA,NA,NA
2024-02-12,17.068,NA,11.5007,NA,57418.55078125,67.54000091552734,5021.84,13.93,77.34,5.33,3.42022,89.1,NA,NA,36.41860465116279,5.0989010989010985,11.13,9.146,5021.83984375
2024-02-13,17.1982,11.05,11.4966,NA,56906.98828125,66.55000305175781,4953.17,15.85,78.28,5.33,3.37524,90.1,NA,NA,35.06976744186046,6.373626373626373,11.13,9.326,4953.169921875
2024-02-14,17.1105,NA,11.4983,NA,57248.46875,67.31999969482422,5000.62,14.38,77.09,5.33,3.39186,91.1,NA,NA,35.06976744186046,5.736263736263735,11.14,9.246,5000.6201171875
2024-02-15,17.068,NA,11.4954,NA,57251.890625,67.58000183105469,5029.73,14.01,78.47,5.33,3.33702,91.1,NA,NA,37.76744186046511,6.373626373626373,11.14,9.216,5029.72998046875
2024-02-16,17.0602,NA,11.495,NA,57132.109375,67.30000305175781,5005.57,14.24,79.65,5.33,3.31944,89.11,NA,NA,37.093023255813954,6.373626373626373,11.13,9.306,5005.56982421875
2024-02-17,NA,NA,NA,NA,NA,NA,NA,NA,NA,5.33,3.31944,NA,NA,NA,35.06976744186046,5.736263736263735,NA,9.642,NA
2024-02-18,NA,NA,NA,NA,NA,NA,NA,NA,NA,5.33,3.31944,NA,NA,NA,34.3953488372093,3.1868131868131866,NA,NA,NA
2024-02-19,17.05,NA,11.495,NA,57490.05078125,NA,NA,14.71,NA,5.33,3.31944,88.1,NA,NA,34.3953488372093,7.648351648351648,11.13,9.306,NA
2024-02-20,17.0458,11,11.4925,NA,57227.671875,67.30999755859375,4975.51,15.42,78.72,5.33,3.33592,92.08,NA,NA,33.04651162790697,7.010989010989011,10.99,9.286,4975.509765625
2024-02-21,17.0603,NA,11.4962,NA,57021.03125,67.12000274658203,4981.8,15.34,78.89,5.33,3.31613,91.08,NA,NA,33.72093023255814,6.373626373626373,NA,9.216,4981.7998046875
2024-02-22,17.121,NA,11.4925,NA,57148.73046875,67.19999694824219,5087.03,14.54,79.64,5.33,3.2614899999999998,85.13,NA,NA,33.04651162790697,8.285714285714285,11.21,9.216,5087.02978515625
2024-02-23,17.126,NA,11.4925,NA,56659.80078125,66.529998779296875,5088.8,13.75,77.6,5.33,3.25332,85.13,NA,NA,35.74418604651163,7.648351648351648,11.27,9.176,5088.7998046875
2024-02-24,NA,NA,NA,NA,NA,NA,NA,NA,NA,5.33,3.25332,NA,NA,NA,38.44186046511628,5.736263736263735,NA,9.533,NA
2024-02-25,NA,NA,NA,NA,NA,NA,NA,NA,NA,5.33,3.25332,NA,NA,NA,32.372093023255815,3.824175824175824,NA,NA,NA
2024-02-26,17.126,NA,11.4891,NA,56194.71875,66.16999816894531,5069.53,13.74,78.53,5.33,3.24669,82.18,NA,NA,35.74418604651163,5.736263736263735,11.23,9.176,5069.52978515625
2024-02-27,17.0605,11,11.49,NA,56241.03125,66.12000274658203,5078.18,13.43,79.8,5.33,3.26728,87.11,NA,NA,33.72093023255814,6.373626373626373,11.02,9.246,5078.18017578125
2024-02-28,17.0962,NA,11.4875,NA,55350.609375,64.88999938964844,5069.76,13.84,79.44,5.33,3.29345,87.13,NA,NA,34.3953488372093,6.373626373626373,11.05,9.196,5069.759765625
2024-02-29,17.0633,NA,11.4937,NA,55414,65.23999786376953,5096.27,13.4,79.22,5.33,3.28258,84.16,NA,NA,34.3953488372093,6.373626373626373,11.19,9.156,5096.27001953125
2024-03-01,17.0217,NA,11.485,9.2,55536.3203125,65.63999938964844,5137.08,13.11,80.9,5.33,3.28383,84.16,45,6,37.0353982300885,5.511111111111111,11.18,9.146,5137.080078125
2024-03-02,NA,NA,NA,NA,NA,NA,NA,NA,NA,5.33,3.28383,NA,NA,NA,39.77876106194691,4.822222222222222,NA,9.518,NA
2024-03-03,NA,NA,NA,NA,NA,NA,NA,NA,NA,5.33,3.28383,NA,NA,NA,34.29203539823009,3.4444444444444446,NA,NA,NA
2024-03-04,16.9828,NA,11.4775,NA,55462.48828125,65.62999725341797,5130.95,13.49,79.67,5.33,3.28593,83.19,NA,NA,39.09292035398231,7.5777777777777775,11.22,9.216,5130.9501953125
2024-03-05,16.9257,11,11.485,NA,55476.25,65.87999725341797,5078.65,14.46,79.11,5.33,3.31021,83.14,NA,NA,40.46460176991151,6.888888888888889,10.99,9.196,5078.64990234375
2024-03-06,16.8728,NA,11.485,NA,55284.51171875,65.69000244140625,5104.76,14.5,80.08,5.33,3.28673,85.16,NA,NA,42.522123893805315,7.5777777777777775,11.03,9.126,5104.759765625
2024-03-07,16.877,NA,11.485900000000001,NA,55049.48828125,65.589996337890625,5157.36,14.44,79.81,5.33,3.31278,86.12,NA,NA,43.207964601769916,7.5777777777777775,11.16,9.126,5157.35986328125
2024-03-08,16.7985,NA,11.4825,NA,54935.98828125,65.589996337890625,5123.69,14.74,78.96,5.33,3.32467,85.15,NA,NA,44.57964601769912,6.2,11.15,9.11,5123.68994140625
2024-03-09,NA,NA,NA,NA,NA,NA,NA,NA,NA,5.33,3.32467,NA,NA,NA,41.83628318584071,5.511111111111111,NA,9.489,NA
2024-03-10,NA,NA,NA,NA,NA,NA,NA,NA,NA,5.33,3.32467,NA,NA,NA,45.26548672566372,3.4444444444444446,NA,NA,NA
2024-03-11,16.8083,NA,11.4724,NA,55076.12109375,65.839996337890625,5117.94,15.22,78.87,5.33,3.32846,86.13,NA,NA,43.207964601769916,6.2,11.2,9.146,5117.93994140625
2024-03-12,16.8272,11.18,11.4748,NA,54898.94921875,65.529998779296875,5175.27,13.84,78.51,5.33,3.3223,85.12,NA,NA,40.46460176991151,8.955555555555556,11.17,9.166,5175.27001953125
2024-03-13,16.7127,NA,11.47,NA,55848.71875,67.16999816894531,5165.31,13.75,80.67,5.33,3.27765,81.14,NA,NA,50.75221238938054,8.955555555555556,11.17,9.136,5165.31005859375
2024-03-14,16.692,NA,11.475,NA,56059.26171875,67.2699966430664,5150.48,14.4,82.16,5.33,3.23842,79.16,NA,NA,53.495575221238944,8.266666666666666,11.17,9.206,5150.47998046875
2024-03-15,16.71,NA,11.4775,NA,56228.3984375,66.94999694824219,5117.09,14.41,81.94,5.33,3.23649,83.11,NA,NA,45.95132743362832,8.266666666666666,11.21,9.266,5117.08984375
2024-03-16,NA,NA,NA,NA,NA,NA,NA,NA,NA,5.33,3.23649,NA,NA,NA,44.57964601769912,6.2,NA,9.634,NA
2024-03-17,NA,NA,NA,NA,NA,NA,NA,NA,NA,5.33,3.23649,NA,NA,NA,39.09292035398231,4.133333333333333,NA,NA,NA
2024-03-18,NA,NA,NA,NA,NA,66.94999694824219,5149.42,14.33,83.68,5.33,3.23404,85.11,NA,NA,46.63716814159292,4.822222222222222,NA,NA,5149.419921875
2024-03-19,16.8523,10.99,11.4775,NA,55548.0703125,66.05999755859375,5178.51,13.82,84.39,5.33,3.27356,85.12,NA,NA,40.46460176991151,6.888888888888889,10.98,9.276,5178.509765625
2024-03-20,16.759,NA,11.48,NA,56618.01171875,67.910003662109375,5224.62,13.04,82.79,5.33,3.25283,84.15,NA,NA,41.15044247787611,6.888888888888889,11.02,9.256,5224.6201171875
2024-03-21,16.762,NA,11.4799,NA,56657.44140625,67.62999725341797,5241.53,12.92,81.99,5.33,3.16433,92.09,NA,NA,41.83628318584071,6.888888888888889,11,9.146,5241.52978515625
2024-03-22,16.7367,NA,11.245,NA,56610.5390625,67.4800033569336,5234.18,13.06,81.1,5.33,3.17335,89.11,NA,NA,48.69469026548673,9.644444444444444,11.01,9.196,5234.18017578125
2024-03-23,NA,NA,NA,NA,NA,NA,NA,NA,NA,5.33,3.17335,NA,NA,NA,43.207964601769916,6.2,NA,9.554,NA
2024-03-24,NA,NA,NA,NA,NA,NA,NA,NA,NA,5.33,3.17335,NA,NA,NA,40.46460176991151,4.133333333333333,NA,NA,NA
2024-03-25,16.7032,10.9,11.247,NA,56552.5390625,67.589996337890625,5218.19,13.19,82.41,5.33,3.16554,93.08,NA,NA,46.63716814159292,3.4444444444444446,10.91,9.316,5218.18994140625
2024-03-26,16.678,NA,11.2475,NA,57209.69921875,68.45999908447266,5203.58,13.24,82.41,5.33,3.16844,92.07,NA,NA,46.63716814159292,4.822222222222222,11,9.276,5203.580078125
2024-03-27,16.5323,NA,11.2485,NA,57369.01171875,69.08000183105469,5248.49,12.78,82.15,5.33,3.16202,92.08,NA,NA,60.353982300884965,6.2,11.01,9.256,5248.490234375
2024-03-28,NA,NA,NA,NA,NA,69.30999755859375,5254.35,13.01,83.96,5.33,3.13784,93.07,NA,NA,67.21238938053098,5.511111111111111,NA,9.61,5254.35009765625
2024-03-29,NA,NA,NA,NA,NA,NA,NA,NA,NA,5.33,3.13784,92.07,NA,NA,50.75221238938054,4.133333333333333,NA,NA,NA
2024-03-30,NA,NA,NA,NA,NA,NA,NA,NA,NA,5.33,3.13784,NA,NA,NA,49.38053097345133,3.4444444444444446,NA,NA,NA
2024-03-31,NA,NA,NA,NA,NA,NA,NA,NA,NA,5.33,3.13784,NA,NA,NA,45.95132743362832,3.4444444444444446,NA,NA,NA
2024-04-01,16.6578,NA,11.249,9.85,57653.23046875,68.91999816894531,5243.77,13.65,84.54,5.33,3.1133,92.08,56,6,69.64224872231686,7.751196172248803,11.02,9.356,5243.77001953125
2024-04-02,16.5673,10.88,11.2475,NA,57581.80859375,69.18000030517578,5205.81,14.61,85.95,5.33,3.13077,95.04,NA,NA,75.36626916524702,6.028708133971292,10.97,9.426,5205.81005859375
2024-04-03,16.5415,NA,11.2475,NA,57503.390625,69.0199966430664,5211.49,14.33,86.22,5.33,3.10424,96.04,NA,NA,62.96422487223168,7.751196172248803,10.88,9.446,5211.490234375
2024-04-04,16.5173,NA,11.2485,NA,57882.76171875,69.30000305175781,5147.21,16.35,87.37,5.33,3.08801,94.06,NA,NA,69.64224872231686,7.751196172248803,10.9,9.446,5147.2099609375
2024-04-05,16.4758,NA,11.2485,NA,58092.44140625,70.31999969482422,5204.34,16.03,87.69,5.33,3.05391,96.04,NA,NA,80.13628620102214,8.61244019138756,10.94,9.566,5204.33984375
2024-04-06,NA,NA,NA,NA,NA,NA,NA,NA,NA,5.33,3.05391,NA,NA,NA,80.13628620102214,5.167464114832535,NA,9.972,NA
2024-04-07,NA,NA,NA,NA,NA,NA,NA,NA,NA,5.33,3.05391,NA,NA,NA,57.24020442930153,3.4449760765550237,NA,NA,NA
2024-04-08,16.3357,NA,11.249,NA,57989.94140625,70.56999969482422,5202.39,15.19,87.24,5.33,3.06201,95.04,NA,NA,66.78023850085178,6.889952153110047,11.03,9.566,5202.39013671875
2024-04-09,16.3932,10.92,11.2492,NA,57571.1484375,69.80999755859375,5209.91,14.98,86.04,5.33,3.04715,92.07,NA,NA,73.45826235093696,11.196172248803826,10.91,9.596,5209.91015625
2024-04-10,16.4883,NA,11.249,NA,56636.5390625,68.44000244140625,5160.64,15.8,86.98,5.33,3.06191,91.1,NA,NA,85.8603066439523,10.33492822966507,10.94,9.846,5160.64013671875
2024-04-11,16.4583,NA,11.2502,NA,56830.3203125,68.66999816894531,5199.06,14.91,85.79,5.33,3.089,95.02,NA,NA,94.44633730834752,11.196172248803826,11.01,9.796,5199.06005859375
2024-04-12,16.6693,NA,11.2488,NA,56565.921875,67.41999816894531,5123.41,17.31,86.46,5.33,3.18825,97.03,NA,NA,75.36626916524702,7.751196172248803,11.09,9.776,5123.41015625
2024-04-13,NA,NA,NA,NA,NA,NA,NA,NA,NA,5.33,3.18825,NA,NA,NA,76.32027257240205,6.889952153110047,NA,10.2,NA
2024-04-14,NA,NA,NA,NA,NA,NA,NA,NA,NA,5.33,3.18825,NA,NA,NA,89.6763202725724,6.028708133971292,NA,NA,NA
2024-04-15,16.6815,NA,11.2407,NA,55984,66.54000091552734,5061.82,19.23,86.21,5.33,3.25794,101.97,NA,NA,91.58432708688245,11.196172248803826,11.1,9.946,5061.81982421875
2024-04-16,17.0252,11.04,11.2445,NA,55797.25,64.87000274658203,5051.41,18.4,86.15,5.33,3.27866,104.95,NA,NA,95.40034071550255,11.196172248803826,11.03,10.066,5051.41015625
2024-04-17,16.9948,NA,11.245,NA,55415.69140625,64.91999816894531,5022.21,18.21,83.58,5.33,3.26925,102.97,NA,NA,41.0221465076661,3.4449760765550237,11.03,9.916,5022.2099609375
2024-04-18,17.1145,NA,11.2465,NA,55739.4296875,64.91999816894531,5011.12,18,83.5,5.33,3.24911,100.98,NA,NA,31.48211243611584,5.167464114832535,11.03,9.996,5011.1201171875
2024-04-19,17.212,NA,11.245,NA,55862.8515625,64.88999938964844,4967.23,18.71,83.79,5.33,3.2202,101.98,NA,NA,43.88415672913117,4.30622009569378,11.03,9.946,4967.22998046875
2024-04-20,NA,NA,NA,NA,NA,NA,NA,NA,NA,5.33,3.2202,NA,NA,NA,35.298126064735946,2.5837320574162677,NA,10.205,NA
2024-04-21,NA,NA,NA,NA,NA,NA,NA,NA,NA,5.33,3.2202,NA,NA,NA,25.75809199318569,2.5837320574162677,NA,NA,NA
2024-04-22,17.1243,NA,11.245,NA,56551.8984375,65.5999984741211,5010.6,16.94,83.82,5.33,3.16065,100.98,NA,NA,30.528109028960817,3.4449760765550237,11.02,9.886,5010.60009765625
2024-04-23,16.9995,11.04,11.245,NA,56633.75,66.48999786376953,5070.55,15.69,84.17,5.33,3.09331,98.02,NA,NA,32.43611584327087,4.30622009569378,10.99,9.866,5070.5498046875
2024-04-24,17.1098,NA,11.245,NA,56463.98828125,65.7699966430664,5071.63,15.97,84.09,5.33,3.11342,95.05,NA,NA,27.66609880749574,3.4449760765550237,11.03,9.933,5071.6298828125
2024-04-25,17.1883,NA,11.245,NA,57071.78125,65.80000305175781,5048.42,15.37,84.92,5.33,3.12114,95.04,NA,NA,27.66609880749574,3.4449760765550237,11.02,9.936,5048.419921875
2024-04-26,17.1552,NA,11.245,NA,57833.8515625,66.8499984741211,5099.96,15.03,85.38,5.33,3.06978,98.01,NA,NA,33.39011925042589,4.30622009569378,11.02,9.936,5099.9599609375
2024-04-27,NA,NA,NA,NA,NA,NA,NA,NA,NA,5.33,3.06978,NA,NA,NA,26.712095400340715,2.5837320574162677,NA,10.357,NA
2024-04-28,NA,NA,NA,NA,NA,NA,NA,NA,NA,5.33,3.06978,NA,NA,NA,23.850085178875638,2.5837320574162677,NA,NA,NA
2024-04-29,17.0243,10.95,11.245,NA,57827.859375,67.25,5116.17,14.67,84.26,5.33,3.0642,95.05,NA,NA,29.574105621805792,4.30622009569378,11.01,9.986,5116.169921875
2024-04-30,17.0958,NA,11.24,NA,56727.98046875,65.4800033569336,5035.69,15.65,83.49,5.33,3.08885,95.05,NA,NA,26.712095400340715,4.30622009569378,NA,9.946,5035.68994140625
2024-05-01,NA,NA,NA,9.64,NA,65.93000030517578,5018.39,15.39,80.7,5.33,3.12118,99.01,46,6,50.92857142857143,6.469565217391304,NA,10.338,5018.39013671875
2024-05-02,16.9393,NA,11.24,NA,56677.05078125,66.13999938964844,5064.2,14.68,80.59,5.33,3.11888,96.05,NA,NA,52.62619047619047,6.469565217391304,10.99,9.726,5064.2001953125
2024-05-03,17.0042,NA,11.2366,NA,57135.26171875,66.80000305175781,5127.79,13.49,79.65,5.33,3.07731,93.09,NA,NA,54.32380952380952,6.469565217391304,11,9.556,5127.7900390625
2024-05-04,NA,NA,NA,NA,NA,NA,NA,NA,NA,5.33,3.07731,NA,NA,NA,44.13809523809524,4.852173913043478,NA,9.923,NA
2024-05-05,NA,NA,NA,NA,NA,NA,NA,NA,NA,5.33,3.07731,NA,NA,NA,40.74285714285714,4.852173913043478,NA,NA,NA
2024-05-06,16.8947,NA,11.24,NA,57282.94921875,67.4000015258789,5180.74,13.49,80.1,5.33,3.07098,93.09,NA,NA,54.32380952380952,8.08695652173913,11.08,9.576,5180.740234375
2024-05-07,16.9083,11.03,11.24,NA,57108.3203125,66.9800033569336,5187.7,13.23,79.97,5.33,3.08254,91.09,NA,NA,52.62619047619047,6.469565217391304,11.03,9.606,5187.7001953125
2024-05-08,16.9087,NA,11.24,NA,57081,67.05999755859375,5187.67,13,80.57,5.33,3.0809,91.09,NA,NA,49.23095238095238,8.08695652173913,11.03,9.626,5187.669921875
2024-05-09,16.866,NA,11.24,NA,57846.078125,68.589996337890625,5214.08,12.69,80.86,5.33,2.96759,92.07,NA,NA,44.13809523809524,6.469565217391304,11.05,9.626,5214.080078125
2024-05-10,16.769,NA,11.24,NA,57718.0390625,68.470001220703125,5222.68,12.55,79.81,5.33,2.97553,93.07,NA,NA,44.13809523809524,3.234782608695652,11.05,9.736,5222.68017578125
2024-05-11,NA,NA,NA,NA,NA,NA,NA,NA,NA,5.33,2.97553,NA,NA,NA,42.44047619047619,3.234782608695652,NA,10.108,NA
2024-05-12,NA,NA,NA,NA,NA,NA,NA,NA,NA,5.33,2.97553,NA,NA,NA,39.0452380952381,3.234782608695652,NA,NA,NA
2024-05-13,16.8072,NA,11.24,NA,57731.12109375,68.31999969482422,5221.42,13.6,80.71,5.33,2.99272,94.05,NA,NA,42.44047619047619,6.469565217391304,11.09,9.726,5221.419921875
2024-05-14,16.846,10.95,11.24,NA,57231.73828125,67.6500015258789,5246.68,13.42,79.62,5.33,2.98592,94.06,NA,NA,44.13809523809524,6.469565217391304,11.04,9.696,5246.68017578125
2024-05-15,16.6782,NA,11.2399,NA,57454.6484375,68.62000274658203,5308.15,12.45,80.23,5.33,2.92151,65.85,NA,NA,44.13809523809524,6.469565217391304,10.95,9.606,5308.14990234375
2024-05-16,16.6893,NA,11.235,NA,57462.171875,68.69000244140625,5297.1,12.42,80.85,5.33,2.92667,89.14,NA,NA,42.44047619047619,8.08695652173913,10.96,9.636,5297.10009765625
2024-05-17,16.6217,NA,11.2399,NA,57583.078125,68.95999908447266,5303.27,11.99,81.66,5.33,2.96275,90.08,NA,NA,40.74285714285714,6.469565217391304,10.97,9.666,5303.27001953125
2024-05-18,NA,NA,NA,NA,NA,NA,NA,NA,NA,5.33,2.96275,NA,NA,NA,44.13809523809524,4.852173913043478,NA,10.038,NA
2024-05-19,NA,NA,NA,NA,NA,NA,NA,NA,NA,5.33,2.96275,NA,NA,NA,47.53333333333333,4.852173913043478,NA,NA,NA
2024-05-20,16.5668,NA,11.235,NA,57393.28125,68.86000061035156,5308.13,12.15,81.39,5.33,2.90259,90.09,NA,NA,45.83571428571428,6.469565217391304,10.98,9.676,5308.1298828125
2024-05-21,16.6138,11,11.235,NA,56760.71875,67.6500015258789,5321.41,11.86,80.66,5.33,2.89314,90.72,NA,NA,47.53333333333333,6.469565217391304,NA,9.636,5321.41015625
2024-05-22,16.6405,NA,11.235,NA,56432.03125,67.410003662109375,5307.01,12.29,79.15,5.33,2.93666,88.12,NA,NA,42.44047619047619,6.469565217391304,11,9.706,5307.009765625
2024-05-23,16.6945,NA,11.2415,NA,55918.37890625,66.4800033569336,5267.84,12.77,77.47,5.33,2.96165,90.09,NA,NA,40.74285714285714,8.08695652173913,11.02,9.736,5267.83984375
2024-05-24,16.7023,NA,11.235,NA,55413.12109375,65.91999816894531,5304.72,11.93,78.48,5.33,2.99373,93.55,NA,NA,45.83571428571428,6.469565217391304,11.06,9.726,5304.72021484375
2024-05-25,NA,NA,NA,NA,NA,NA,NA,NA,NA,5.33,2.99373,NA,NA,NA,52.62619047619047,4.852173913043478,NA,10.1,NA
2024-05-26,NA,NA,NA,NA,NA,NA,NA,NA,NA,5.33,2.99373,NA,NA,NA,44.13809523809524,4.852173913043478,NA,NA,NA
2024-05-27,16.6568,NA,11.2425,NA,55452.87890625,NA,NA,12.36,NA,5.33,2.99373,93.06,NA,NA,42.44047619047619,4.852173913043478,11.02,9.736,NA
2024-05-28,16.7457,11.03,11.245,NA,55184.94921875,65.30999755859375,5306.04,12.92,80.9,5.33,3.07576,93.07,NA,NA,37.34761904761905,6.469565217391304,10.79,9.776,5306.0400390625
2024-05-29,16.95,NA,11.2465,NA,55212.640625,64.63999938964844,5266.95,14.28,80.24,5.33,2.98537,93.06,NA,NA,42.44047619047619,6.469565217391304,11.02,9.816,5266.9501953125
2024-05-30,16.9377,NA,11.245,NA,55352.55859375,64.7699966430664,5235.48,14.47,78.96,5.33,2.95883,130.8,NA,NA,56.02142857142857,6.469565217391304,11.04,9.806,5235.47998046875
2024-05-31,17.0177,NA,11.2465,NA,55179.23828125,64.9000015258789,5277.51,12.92,77.97,5.33,2.99143,130.79,NA,NA,54.32380952380952,6.469565217391304,11.04,9.766,5277.509765625
2024-06-01,NA,NA,NA,NA,NA,NA,NA,NA,NA,5.33,2.99143,NA,96,5,45.740215541690304,3.1914893617021276,NA,10.124,NA
2024-06-02,NA,NA,NA,NA,NA,NA,NA,NA,NA,5.33,2.99143,NA,NA,NA,37.57231990924561,4.787234042553191,NA,NA,NA
2024-06-03,17.6338,NA,11.245,NA,51807.55078125,57.93000030517578,5283.4,13.11,75.26,5.33,3.04598,94.06,NA,NA,86.57969370391379,6.382978723404255,11.05,9.926,5283.39990234375
2024-06-04,17.8607,11.04,11.245,NA,53485.62109375,59.470001220703125,5291.34,13.16,74.27,5.33,3.08998,101.97,NA,NA,142.12138400453773,6.382978723404255,11.03,9.916,5291.33984375
2024-06-05,17.5592,NA,11.245,NA,54410.51171875,61.959999084472656,5354.03,12.63,75.08,5.33,3.08231,103.46,NA,NA,125.78559273964834,6.382978723404255,11.04,9.796,5354.02978515625
2024-06-06,17.5335,NA,11.245,NA,54477.25,60.619998931884766,5352.96,12.58,76.52,5.33,3.12165,100,NA,NA,86.57969370391379,6.382978723404255,11.03,9.746,5352.9599609375
2024-06-07,18.2622,NA,11.247,NA,52977.3203125,57.25,5346.99,12.22,76.53,5.33,3.09133,106.92,NA,NA,163.35791264889394,6.382978723404255,11.05,NA,5346.990234375
2024-06-08,NA,NA,NA,NA,NA,NA,NA,NA,NA,5.33,3.09133,NA,NA,NA,160.09075439591606,4.787234042553191,NA,10.591,NA
2024-06-09,NA,NA,NA,NA,NA,NA,NA,NA,NA,5.33,3.09133,NA,NA,NA,119.25127623369258,3.1914893617021276,NA,NA,NA
2024-06-10,18.3848,NA,11.245,NA,53122.578125,57.84000015258789,5360.79,12.74,78.75,5.33,3.10357,108.93,NA,NA,125.78559273964834,4.787234042553191,11.06,10.196,5360.7900390625
2024-06-11,18.4457,11,11.245,NA,53134.05859375,56.630001068115234,5375.32,12.85,78.88,5.33,3.15919,106.92,NA,NA,122.51843448667046,4.787234042553191,10.99,10.396,5375.31982421875
2024-06-12,18.7832,NA,11.245,NA,52975.890625,55.5099983215332,5421.03,12.04,79.56,5.33,3.17153,111.85,NA,NA,135.58706749858197,6.382978723404255,11,10.336,5421.02978515625
2024-06-13,18.5385,NA,11.245,NA,52275.6484375,55.63999938964844,5433.74,11.94,79.61,5.33,3.20208,149.21,NA,NA,124.1520136131594,4.787234042553191,11.08,10.096,5433.740234375
2024-06-14,18.4512,NA,11.2475,NA,52222.94140625,55.61000061035156,5431.6,12.66,79.41,5.33,3.25364,115.65,NA,NA,120.88485536018152,6.382978723404255,NA,10.09,5431.60009765625
2024-06-15,NA,NA,NA,NA,NA,NA,NA,NA,NA,5.33,3.25364,NA,NA,NA,106.18264322178106,3.1914893617021276,NA,10.467,NA
2024-06-16,NA,NA,NA,NA,NA,NA,NA,NA,NA,5.33,3.25364,NA,NA,NA,83.31253545093591,4.787234042553191,NA,NA,NA
2024-06-17,18.5248,NA,11.245,NA,52397.19921875,55.45000076293945,5473.23,12.75,81.33,5.33,3.25227,109.88,NA,NA,98.01474758933637,4.787234042553191,11.11,10.216,5473.22998046875
2024-06-18,18.4128,10.95,11.243,NA,53191.25,56.790000915527344,5487.03,12.3,82.67,5.33,3.18327,111.89,NA,NA,78.4117980714691,4.787234042553191,11.13,10.006,5487.02978515625
2024-06-19,18.423,NA,11.245,NA,53323.37109375,NA,NA,12.48,NA,5.33,3.18327,106.91,NA,NA,71.87748156551334,6.382978723404255,10.96,10.006,NA
2024-06-20,18.4027,NA,11.245,NA,53333.03125,57.16999816894531,5473.17,13.28,83.34,5.33,3.15673,106.92,NA,NA,71.87748156551334,6.382978723404255,10.99,9.896,5473.169921875
2024-06-21,18.1848,NA,11.245,NA,52788.5,57.27000045776367,5464.62,13.2,81.71,5.33,3.14648,106.93,NA,NA,78.4117980714691,4.787234042553191,11.01,9.976,5464.6201171875
2024-06-22,NA,NA,NA,NA,NA,NA,NA,NA,NA,5.33,3.14648,NA,NA,NA,63.70958593306864,3.1914893617021276,NA,10.339,NA
2024-06-23,NA,NA,NA,NA,NA,NA,NA,NA,NA,5.33,3.14648,NA,NA,NA,71.87748156551334,3.1914893617021276,NA,NA,NA
2024-06-24,17.9627,NA,11.245,NA,52512.91015625,57.599998474121094,5447.87,13.33,82.63,5.33,3.1703,105.93,NA,NA,81.67895632444697,6.382978723404255,11.02,9.876,5447.8701171875
2024-06-25,18.1372,10.88,11.245,NA,52604.05078125,57.099998474121094,5469.3,12.84,81.97,5.33,3.17159,104.94,NA,NA,83.31253545093591,6.382978723404255,11.02,9.896,5469.2998046875
2024-06-26,18.2215,NA,11.2449,NA,52468.01171875,56.279998779296875,5477.9,12.55,82.19,5.33,3.18278,107.91,NA,NA,73.51106069200227,4.787234042553191,10.88,9.936,5477.89990234375
2024-06-27,18.3773,NA,11.24,NA,52310.9609375,56.209999084472656,5482.87,12.24,83.04,5.33,3.21425,111.89,NA,NA,76.77821894498015,4.787234042553191,NA,9.828,5482.8701171875
2024-06-28,18.2478,NA,11.2445,NA,52440.01953125,56.61000061035156,5460.48,12.44,82.83,5.33,3.18849,111.86,NA,NA,80.04537719795803,4.787234042553191,NA,9.79,5460.47998046875
2024-06-29,NA,NA,NA,NA,NA,NA,NA,NA,NA,5.33,3.18849,NA,NA,NA,88.21327283040273,3.1914893617021276,NA,10.234,NA
2024-06-30,NA,NA,NA,NA,NA,NA,NA,NA,NA,5.33,3.18849,NA,NA,NA,76.77821894498015,3.1914893617021276,NA,NA,NA
2024-07-01,18.3897,NA,11.2472,9.95,52883.96875,57,5475.09,12.22,84.7,5.33,3.26001,109.89,64,4,67.31128074639525,3.492957746478873,10.95,9.937,5475.08984375
2024-07-02,18.2485,11.02,11.245,NA,51947.890625,56.36000061035156,5509.01,12.03,84.09,5.33,3.22251,109.9,NA,NA,70.67684478371501,5.23943661971831,10.96,9.93,5509.009765625
2024-07-03,18.1355,NA,11.245,NA,52796.26171875,57.7400016784668,5537.02,12.09,85.19,5.33,3.17754,107.9,NA,NA,63.945716709075484,1.7464788732394365,11.01,9.911,5537.02001953125
2024-07-04,18.0958,NA,11.245,NA,52654.8515625,NA,NA,12.26,NA,5.33,3.17754,104.94,NA,NA,53.8490245971162,5.23943661971831,NA,9.94,NA
2024-07-05,18.0977,NA,11.2465,NA,52333.16015625,57.279998779296875,5567.19,12.48,84.44,5.33,3.13432,104.94,NA,NA,52.16624257845632,3.492957746478873,NA,9.92,5567.18994140625
2024-07-06,NA,NA,NA,NA,NA,NA,NA,NA,NA,5.33,3.13432,NA,NA,NA,55.53180661577608,3.492957746478873,NA,NA,NA
2024-07-07,NA,NA,NA,NA,NA,NA,NA,NA,NA,5.33,3.13432,NA,NA,NA,52.16624257845632,3.492957746478873,NA,NA,NA
2024-07-08,18.0095,NA,11.2475,NA,52907.69140625,58.34000015258789,5572.85,12.37,83.63,5.33,3.13317,103.94,NA,NA,57.21458863443596,3.492957746478873,NA,9.936,5572.85009765625
2024-07-09,17.9428,10.9,11.245,NA,53331.80859375,58.97999954223633,5576.98,12.51,82.78,5.33,3.16495,102.96,NA,NA,58.89737065309584,5.23943661971831,NA,9.975,5576.97998046875
2024-07-10,17.8288,NA,11.2465,NA,54279.87890625,60.290000915527344,5633.91,12.85,83.39,5.33,3.17597,104.94,NA,NA,74.04240882103477,5.23943661971831,NA,9.89,5633.91015625
2024-07-11,17.8192,NA,11.245,NA,54422.58984375,60.52000045776367,5584.54,12.92,83.92,5.33,3.1074,100.98,NA,NA,62.262934690415605,5.23943661971831,NA,9.77,5584.5400390625
2024-07-12,17.6502,NA,11.247,NA,54953.109375,61.75,5615.35,12.46,83.49,5.33,3.08023,101.97,NA,NA,63.945716709075484,3.492957746478873,NA,9.703,5615.35009765625
2024-07-13,NA,NA,NA,NA,NA,NA,NA,NA,NA,5.33,3.08023,NA,NA,NA,63.945716709075484,1.7464788732394365,NA,10.102,NA
2024-07-14,NA,NA,NA,NA,NA,NA,NA,NA,NA,5.33,3.08023,NA,NA,NA,68.99406276505513,3.492957746478873,NA,NA,NA
2024-07-15,17.7837,NA,11.245,NA,54311.98828125,60.5099983215332,5631.22,13.12,83.22,5.33,3.09194,100,NA,NA,75.72519083969465,5.23943661971831,NA,9.71,5631.22021484375
2024-07-16,17.6795,10.89,11.245,NA,54378.19140625,60.970001220703125,5667.2,13.19,81.92,5.33,3.1248,101.97,NA,NA,68.99406276505513,3.492957746478873,NA,9.71,5667.2001953125
2024-07-17,17.7438,NA,11.245,NA,53744.78125,59.970001220703125,5588.27,14.48,84.16,5.33,3.1761,101.97,NA,NA,60.58015267175573,3.492957746478873,NA,9.67,5588.27001953125
2024-07-18,17.8907,NA,11.2449,NA,53043,58.34000015258789,5544.59,15.93,84.17,5.33,3.19223,104.94,NA,NA,65.62849872773536,3.492957746478873,NA,9.87,5544.58984375
2024-07-19,17.997,NA,11.245,NA,53678.51953125,58.59000015258789,5505,16.52,81.43,5.33,3.14921,104.94,NA,NA,67.31128074639525,3.492957746478873,NA,9.8,5505
2024-07-20,NA,NA,NA,NA,NA,NA,NA,NA,NA,5.33,3.14921,NA,NA,NA,53.8490245971162,1.7464788732394365,NA,10.361,NA
2024-07-21,NA,NA,NA,NA,NA,NA,NA,NA,NA,5.33,3.14921,NA,NA,NA,50.483460559796434,3.492957746478873,NA,NA,NA
2024-07-22,17.9107,NA,11.245,NA,54006.921875,59.650001525878906,5564.41,14.91,81.25,5.33,3.20707,108.91,NA,NA,72.35962680237489,5.23943661971831,11.04,9.955,5564.41015625
2024-07-23,18.0987,10.87,11.2465,NA,53707.73828125,58.459999084472656,5555.74,14.72,78.24,5.33,3.16886,105.93,NA,NA,72.35962680237489,3.492957746478873,11.02,9.94,5555.740234375
2024-07-24,18.3458,NA,11.2475,NA,53168.41015625,57.189998626708984,5427.13,18.04,78.78,5.33,3.19293,105.93,NA,NA,70.67684478371501,5.23943661971831,11,9.905,5427.1298828125
2024-07-25,18.385,NA,11.245,NA,52931.87109375,56.5,5399.22,18.46,79.43,5.33,3.19097,109.88,NA,NA,68.99406276505513,5.23943661971831,10.99,9.95,5399.22021484375
2024-07-26,18.4475,NA,11.245,NA,52819.578125,56.619998931884766,5459.1,16.39,78.58,5.33,3.20774,109.89,NA,NA,63.945716709075484,3.492957746478873,10.98,9.88,5459.10009765625
2024-07-27,NA,NA,NA,NA,NA,NA,NA,NA,NA,5.33,3.20774,NA,NA,NA,58.89737065309584,3.492957746478873,NA,10.241,NA
2024-07-28,NA,NA,NA,NA,NA,NA,NA,NA,NA,5.33,3.20774,NA,NA,NA,57.21458863443596,3.492957746478873,NA,NA,NA
2024-07-29,18.6818,NA,11.2449,NA,52515.78125,55.849998474121094,5463.54,16.6,77.27,5.33,3.18131,107.9,NA,NA,70.67684478371501,5.23943661971831,10.99,9.814,5463.5400390625
2024-07-30,18.79,10.97,11.245,NA,52325.421875,55.279998779296875,5436.44,17.69,76.17,5.33,3.22551,108.9,NA,NA,70.67684478371501,5.23943661971831,10.99,9.68,5436.43994140625
2024-07-31,18.597,NA,11.245,NA,53136.83984375,56.52000045776367,5522.3,16.36,79.36,5.33,3.23972,108.9,NA,NA,70.67684478371501,5.23943661971831,10.98,9.717,5522.2998046875
2024-08-01,18.706,NA,11.2475,9.74,52417.48046875,55.16999816894531,5446.68,18.59,77.74,5.33,3.28232,108.88,81,5,72.83058668424522,4.744897959183674,11.01,9.754,5446.68017578125
2024-08-02,19.0442,NA,11.245,NA,52242.37890625,53.970001220703125,5346.56,23.39,74.99,5.33,3.44754,112.83,NA,NA,92.69347396176664,4.744897959183674,10.9,9.62,5346.56005859375
2024-08-03,NA,NA,NA,NA,NA,NA,NA,NA,NA,5.33,3.44754,NA,NA,NA,92.69347396176664,3.163265306122449,NA,10.029,NA
2024-08-04,NA,NA,NA,NA,NA,NA,NA,NA,NA,5.33,3.44754,NA,NA,NA,72.83058668424522,4.744897959183674,NA,NA,NA
2024-08-05,19.3905,NA,11.245,NA,51776.48046875,52.56999969482422,5186.33,38.57,74.46,5.33,3.53377,119.66,NA,NA,165.52406064601186,3.163265306122449,11.03,9.653,5186.330078125
2024-08-06,19.33,10.86,11.2325,NA,52399.62890625,52.72999954223633,5240.03,27.71,74.6,5.33,3.49008,126.69,NA,NA,134.07448912326961,3.163265306122449,10.74,9.7,5240.02978515625
2024-08-07,19.189,NA,11.248,NA,52680.8984375,53.88999938964844,5199.5,27.85,76.68,5.33,3.38687,125.75,NA,NA,117.52208305866841,4.744897959183674,10.86,9.667,5199.5
2024-08-08,19.09,NA,11.2475,NA,52876.55078125,55.029998779296875,5319.31,23.79,77.64,5.33,3.33237,122.75,NA,NA,99.31443638760712,6.326530612244898,10.77,9.66,5319.31005859375
2024-08-09,18.8368,NA,11.025,NA,53051.5390625,55.650001525878906,5344.16,20.37,78.28,5.33,3.30191,115.83,NA,NA,91.03823335530652,4.744897959183674,NA,9.375,5344.16015625
2024-08-10,NA,NA,NA,NA,NA,NA,NA,NA,NA,5.33,3.30191,NA,NA,NA,76.14106789716546,3.163265306122449,NA,NA,NA
2024-08-11,NA,NA,NA,NA,NA,NA,NA,NA,NA,5.33,3.30191,NA,NA,NA,79.4515491100857,1.5816326530612246,NA,NA,NA
2024-08-12,19.032,NA,11.0025,NA,53040.3515625,54.83000183105469,5344.39,20.71,81.45,5.33,3.29122,114.82,NA,NA,84.41727092946604,4.744897959183674,10.75,9.43,5344.39013671875
2024-08-13,19.0387,10.65,11.0012,NA,53674.19921875,55.81999969482422,5434.43,18.12,79.81,5.33,3.28907,116.78,NA,NA,79.4515491100857,6.326530612244898,10.64,9.405,5434.43017578125
2024-08-14,18.8478,NA,11.0028,NA,53718.94921875,56.369998931884766,5455.21,16.19,78.47,5.33,3.23805,117.76,NA,NA,69.52010547132498,6.326530612244898,10.68,9.373,5455.2099609375
2024-08-15,18.6513,NA,11.0032,NA,54264.921875,57.45000076293945,5543.22,15.23,79.66,5.33,3.22145,114.83,NA,NA,66.20962425840474,4.744897959183674,10.74,9.5,5543.22021484375
2024-08-16,18.6228,NA,11.0016,NA,54083.78125,57.290000915527344,5554.25,14.8,78.05,5.33,3.20558,107.93,NA,NA,72.83058668424522,4.744897959183674,10.76,9.49,5554.25
2024-08-17,NA,NA,NA,NA,NA,NA,NA,NA,NA,5.33,3.20558,NA,NA,NA,66.20962425840474,3.163265306122449,NA,NA,NA
2024-08-18,NA,NA,NA,NA,NA,NA,NA,NA,NA,5.33,3.20558,NA,NA,NA,59.58866183256427,3.163265306122449,NA,NA,NA
2024-08-19,18.7357,NA,11.0064,NA,54104.6796875,57.04999923706055,5608.25,14.65,75.82,5.33,3.18751,106.42,NA,NA,67.86486486486487,4.744897959183674,10.78,9.375,5608.25
2024-08-20,18.9448,10.65,11.0077,NA,53991.05859375,56.0099983215332,5597.12,15.88,75.27,5.33,3.21957,104.94,NA,NA,79.4515491100857,6.326530612244898,10.64,9.46,5597.1201171875
2024-08-21,19.2535,NA,11.0038,NA,53864.73046875,54.9900016784668,5620.85,16.27,72.76,5.33,3.2448,106.9,NA,NA,76.14106789716546,6.326530612244898,10.65,9.477,5620.85009765625
2024-08-22,19.4235,NA,11.0028,NA,53316.19921875,54.099998474121094,5570.64,17.55,73.72,5.33,3.26432,105.92,NA,NA,74.48582729070534,6.326530612244898,10.77,9.653,5570.64013671875
2024-08-23,19.0708,NA,11.0014,NA,53490.921875,55.43000030517578,5634.61,15.86,75.82,5.33,3.25166,105.92,NA,NA,77.79630850362557,6.326530612244898,10.78,9.53,5634.60986328125
2024-08-24,NA,NA,NA,NA,NA,NA,NA,NA,NA,5.33,3.25166,NA,NA,NA,64.55438365194462,4.744897959183674,NA,NA,NA
2024-08-25,NA,NA,NA,NA,NA,NA,NA,NA,NA,5.33,3.25166,NA,NA,NA,56.27818061964403,3.163265306122449,NA,NA,NA
2024-08-26,19.382,NA,11.0007,NA,53171.30859375,54.13999938964844,5616.84,16.15,78.4,5.33,3.20995,105.92,NA,NA,59.58866183256427,4.744897959183674,NA,9.53,5616.83984375
2024-08-27,19.6692,10.65,10.9994,NA,52474.30859375,52.61000061035156,5625.8,15.43,76.5,5.33,3.25243,102.97,NA,NA,74.48582729070534,7.908163265306123,10.64,9.645,5625.7998046875
2024-08-28,19.6037,NA,10.9985,NA,52439.87109375,52.75,5592.18,17.11,75.49,5.33,3.30322,104.94,NA,NA,76.14106789716546,7.908163265306123,10.61,9.62,5592.18017578125
2024-08-29,19.8168,NA,10.998,NA,53138.9609375,52.84000015258789,5591.96,15.65,76.9,5.33,3.3078,108.41,NA,NA,72.83058668424522,6.326530612244898,10.62,9.67,5591.9599609375
2024-08-30,19.6535,NA,10.9977,NA,52913.5,53.040000915527344,5648.4,15,74.52,5.33,3.27467,111.87,NA,NA,76.14106789716546,7.908163265306123,10.63,9.636,5648.39990234375
2024-08-31,NA,NA,NA,NA,NA,NA,NA,NA,NA,5.33,3.27467,NA,NA,NA,62.89914304548451,4.744897959183674,NA,NA,NA
2024-09-01,NA,NA,NA,9.21,NA,NA,NA,NA,NA,5.33,3.27467,NA,69,6,59.288052373158756,3.4285714285714284,NA,NA,NA
2024-09-02,19.798,NA,10.9976,NA,52493.37890625,NA,NA,15.55,NA,5.33,3.27467,113.36,NA,NA,72.83960720130933,8.571428571428571,NA,9.597,NA
2024-09-03,19.8335,10.51,10.985,NA,51589.421875,52.04999923706055,5528.93,20.72,71.28,5.33,3.36424,113.35,NA,NA,72.83960720130933,8.571428571428571,10.78,9.676,5528.93017578125
2024-09-04,19.846,NA,10.98,NA,51811.37109375,52.150001525878906,5520.07,21.32,70.11,5.33,3.41086,118.77,NA,NA,71.1456628477905,6.857142857142857,10.7,9.6,5520.06982421875
2024-09-05,20.0028,NA,10.975,NA,51661.48046875,52.0099983215332,5503.41,19.9,70.09,5.33,3.38841,116.77,NA,NA,99.94271685761048,8.571428571428571,10.7,9.496,5503.41015625
2024-09-06,20.0172,NA,10.9725,NA,51083.44140625,51.41999816894531,5408.42,22.38,68.58,5.33,3.42981,117.8,NA,NA,94.86088379705402,6.857142857142857,10.71,9.466,5408.419921875
2024-09-07,NA,NA,NA,NA,NA,NA,NA,NA,NA,5.33,3.42981,NA,NA,NA,79.61538461538461,3.4285714285714284,NA,NA,NA
2024-09-08,NA,NA,NA,NA,NA,NA,NA,NA,NA,5.33,3.42981,NA,NA,NA,64.36988543371523,3.4285714285714284,NA,NA,NA
2024-09-09,19.8798,NA,10.9638,NA,51136.05078125,51.7400016784668,5471.05,19.45,69.65,5.33,3.4437,119.75,NA,NA,74.53355155482815,8.571428571428571,NA,9.41,5471.0498046875
2024-09-10,20.0583,10.49,10.9675,NA,50973.109375,51.0099983215332,5495.52,19.08,66.73,5.33,3.52442,116.81,NA,NA,77.9214402618658,8.571428571428571,10.48,9.496,5495.52001953125
2024-09-11,19.839,NA,10.965,NA,51195.76171875,52.130001068115234,5554.13,17.69,68.25,5.33,3.43531,117.77,NA,NA,101.6366612111293,6.857142857142857,10.48,9.396,5554.1298828125
2024-09-12,19.5887,NA,10.965,NA,51999.73046875,53.77000045776367,5595.76,17.07,69.89,5.33,3.39101,111.88,NA,NA,79.61538461538461,8.571428571428571,10.57,9.396,5595.759765625
2024-09-13,19.2483,NA,10.9725,NA,52016.8515625,54.380001068115234,5626.02,16.56,69.59,5.33,3.34763,109.89,NA,NA,79.61538461538461,5.142857142857142,10.63,9.236,5626.02001953125
2024-09-14,NA,NA,NA,NA,NA,NA,NA,NA,NA,5.33,3.34763,NA,NA,NA,69.45171849427169,3.4285714285714284,NA,NA,NA
2024-09-15,NA,NA,NA,NA,NA,NA,NA,NA,NA,5.33,3.34763,NA,NA,NA,67.75777414075287,3.4285714285714284,NA,NA,NA
2024-09-16,NA,NA,NA,NA,NA,54.560001373291016,5633.09,17.14,71.1,5.33,3.36922,107.9,NA,NA,69.45171849427169,3.4285714285714284,NA,NA,5633.08984375
2024-09-17,19.267,10.4,10.9606,NA,52273.53125,55.029998779296875,5634.58,17.61,72.16,5.33,3.32165,106.92,NA,NA,71.1456628477905,5.142857142857142,10.39,9.156,5634.580078125
2024-09-18,19.3033,NA,10.9525,NA,52582.890625,54.66999816894531,5618.26,18.23,71.87,5.33,3.2533,106.93,NA,NA,71.1456628477905,6.857142857142857,10.52,9.136,5618.259765625
2024-09-19,19.2773,NA,10.945,NA,52918.0390625,55.11000061035156,5713.64,16.33,72.86,4.83,3.20686,106.93,NA,NA,64.36988543371523,6.857142857142857,10.56,9.123,5713.64013671875
2024-09-20,19.3725,NA,10.95,NA,52190.48046875,53.97999954223633,5702.55,16.15,72.72,4.83,3.2356,102.96,NA,NA,66.06382978723404,6.857142857142857,10.55,9.186,5702.5498046875
2024-09-21,NA,NA,NA,NA,NA,NA,NA,NA,NA,4.83,3.2356,NA,NA,NA,57.59410801963994,5.142857142857142,NA,NA,NA
2024-09-22,NA,NA,NA,NA,NA,NA,NA,NA,NA,4.83,3.2356,NA,NA,NA,52.51227495908347,3.4285714285714284,NA,NA,NA
2024-09-23,19.415,NA,10.9364,NA,52422.23828125,54.25,5718.57,15.89,71.33,4.83,3.22824,117.77,NA,NA,62.6759410801964,6.857142857142857,10.57,9.196,5718.56982421875
2024-09-24,19.3562,10.35,10.935,NA,53653.94921875,55.68000030517578,5732.93,15.39,72.34,4.83,3.2257,117.77,NA,NA,60.98199672667758,6.857142857142857,10.34,9.2,5732.93017578125
2024-09-25,19.587,NA,10.9199,NA,53190.9296875,54.290000915527344,5722.26,15.41,70.42,4.83,3.19746,116.77,NA,NA,54.20621931260229,8.571428571428571,10.37,9.25,5722.259765625
2024-09-26,19.629,NA,10.92,NA,53590.51953125,54.88999938964844,5745.37,15.37,68.28,4.83,3.19288,121.75,NA,NA,54.20621931260229,6.857142857142857,10.41,9.256,5745.3701171875
2024-09-27,19.6697,NA,10.74,NA,52778.171875,53.959999084472656,5738.17,16.96,68.72,4.83,3.16373,118.78,NA,NA,60.98199672667758,6.857142857142857,10.55,9.287,5738.169921875
2024-09-28,NA,NA,NA,NA,NA,NA,NA,NA,NA,4.83,3.16373,NA,NA,NA,57.59410801963994,3.4285714285714284,NA,NA,NA
2024-09-29,NA,NA,NA,NA,NA,NA,NA,NA,NA,4.83,3.16373,NA,NA,NA,45.736497545008184,3.4285714285714284,NA,NA,NA
2024-09-30,19.644,10.3,10.74,NA,52477.30078125,53.709999084472656,5762.48,16.73,68.75,4.83,3.15463,119.72,NA,NA,55.90016366612112,5.142857142857142,NA,9.307,5762.47998046875
2024-10-01,NA,NA,NA,10.06,NA,53.75,5708.75,19.26,70.41,4.83,3.14702,119.72,56,6,50.142076502732245,5.593984962406015,NA,NA,5708.75
2024-10-02,19.3885,NA,10.7399,NA,52199.66015625,54.40999984741211,5709.54,18.9,70.74,4.83,3.07481,119.73,NA,NA,54.20765027322405,4.195488721804511,10.36,9.356,5709.5400390625
2024-10-03,19.4678,NA,10.7437,NA,51674.5390625,53.95000076293945,5699.94,20.49,74.33,4.83,3.02432,119.73,NA,NA,51.497267759562845,5.593984962406015,10.4,9.382,5699.93994140625
2024-10-04,19.2127,NA,10.7399,NA,52609.87109375,55.470001220703125,5751.07,19.21,74.93,4.83,2.92259,119.73,NA,NA,47.43169398907104,5.593984962406015,10.5,9.466,5751.06982421875
2024-10-05,NA,NA,NA,NA,NA,NA,NA,NA,NA,4.83,2.92259,NA,NA,NA,43.36612021857924,4.195488721804511,NA,NA,NA
2024-10-06,NA,NA,NA,NA,NA,NA,NA,NA,NA,4.83,2.92259,NA,NA,NA,31.16939890710383,2.7969924812030076,NA,NA,NA
2024-10-07,19.3388,NA,10.7399,NA,52039.87109375,54.56999969482422,5695.94,22.64,77.76,4.83,2.95841,113.89,NA,NA,37.94535519125684,5.593984962406015,10.52,9.546,5695.93994140625
2024-10-08,19.3532,10.3,10.7437,NA,51764.640625,54.20000076293945,5751.13,21.42,74.26,4.83,3.04327,115.83,NA,NA,37.94535519125684,4.195488721804511,10.48,9.525,5751.1298828125
2024-10-09,19.4175,NA,10.74,NA,51869.140625,53.9900016784668,5792.04,20.86,73.85,4.83,3.01482,117.09,NA,NA,40.65573770491804,5.593984962406015,10.32,9.596,5792.0400390625
2024-10-10,19.5113,NA,10.7399,NA,52391.2890625,54.4900016784668,5780.05,20.93,76.46,4.83,3.05178,116.81,NA,NA,40.65573770491804,5.593984962406015,10.33,9.706,5780.0498046875
2024-10-11,19.3983,NA,10.7435,NA,52395.66015625,55.06999969482422,5815.03,20.46,76.11,4.83,3.03919,116.77,NA,NA,42.01092896174864,5.593984962406015,10.32,9.636,5815.02978515625
2024-10-12,NA,NA,NA,NA,NA,NA,NA,NA,NA,4.83,3.03919,NA,NA,NA,50.142076502732245,4.195488721804511,NA,NA,NA
2024-10-13,NA,NA,NA,NA,NA,NA,NA,NA,NA,4.83,3.03919,NA,NA,NA,37.94535519125684,2.7969924812030076,NA,NA,NA
2024-10-14,19.342,NA,10.74,NA,52000.58984375,54.290000915527344,5859.85,19.7,NA,4.83,3.03919,116.77,NA,NA,58.27322404371586,8.390977443609023,10.34,9.636,5859.85009765625
2024-10-15,19.62,10.21,10.7434,NA,52377.78125,53.790000915527344,5815.26,20.64,71.22,4.83,3.04916,118.77,NA,NA,63.69398907103826,9.789473684210527,10.2,9.686,5815.259765625
2024-10-16,19.8925,NA,10.7399,NA,52483.62109375,53.34000015258789,5842.47,19.58,70.97,4.83,3.05918,119.75,NA,NA,65.04918032786887,8.390977443609023,10.25,9.78,5842.47021484375
2024-10-17,19.9313,NA,10.74,NA,52463.66015625,53.58000183105469,5841.47,19.11,71.26,4.83,3.0572,122.69,NA,NA,71.82513661202186,5.593984962406015,10.34,9.852,5841.47021484375
2024-10-18,19.8325,NA,10.74,NA,53027.421875,54,5864.67,18.03,69.78,4.83,3.03445,121.74,NA,NA,70.46994535519127,8.390977443609023,10.4,9.876,5864.669921875
2024-10-19,NA,NA,NA,NA,NA,NA,NA,NA,NA,4.83,3.03445,NA,NA,NA,56.918032786885256,5.593984962406015,NA,NA,NA
2024-10-20,NA,NA,NA,NA,NA,NA,NA,NA,NA,4.83,3.03445,NA,NA,NA,60.98360655737706,4.195488721804511,NA,NA,NA
2024-10-21,20.0075,NA,10.735,NA,52814.8203125,53.5099983215332,5853.98,18.37,71.16,4.83,3.04199,120.72,NA,NA,66.40437158469946,6.992481203007519,NA,10.024,5853.97998046875
2024-10-22,19.8985,10.2,10.74,NA,52368.69140625,53.22999954223633,5851.2,18.2,72.84,4.83,3.06717,123.75,NA,NA,71.82513661202186,8.390977443609023,10.19,10.066,5851.2001953125
2024-10-23,19.9338,NA,10.7252,NA,52142.12890625,53.31999969482422,5797.42,19.24,71.37,4.83,3.09866,123.21,NA,NA,63.69398907103826,6.992481203007519,10.22,10.076,5797.419921875
2024-10-24,19.8385,NA,10.73,NA,51795.55859375,52.9900016784668,5809.86,19.08,70.58,4.83,3.07936,120.75,NA,NA,59.62841530054646,8.390977443609023,10.31,10.036,5809.85986328125
2024-10-25,19.9303,NA,10.7157,NA,51784.328125,52.58000183105469,5808.12,20.33,72.02,4.83,3.05314,119.73,NA,NA,73.18032786885247,6.992481203007519,10.42,10.086,5808.1201171875
2024-10-26,NA,NA,NA,NA,NA,NA,NA,NA,NA,4.83,3.05314,NA,NA,NA,65.04918032786887,5.593984962406015,NA,NA,NA
2024-10-27,NA,NA,NA,NA,NA,NA,NA,NA,NA,4.83,3.05314,NA,NA,NA,55.562841530054655,4.195488721804511,NA,NA,NA
2024-10-28,20.0007,NA,10.72,NA,51816.30078125,52.58000183105469,5823.52,19.8,67.65,4.83,3.05147,119.76,NA,NA,58.27322404371586,6.992481203007519,10.45,10.106,5823.52001953125
2024-10-29,20.0208,10.2,10.721,NA,51166.2890625,51.88999938964844,5832.92,19.34,67.48,4.83,3.00681,119.76,NA,NA,62.33879781420766,6.992481203007519,10.19,10.026,5832.919921875
2024-10-30,20.1617,NA,10.7205,NA,50877.23828125,51.529998779296875,5813.67,20.35,68.91,4.83,2.98577,120.72,NA,NA,78.60109289617488,5.593984962406015,10.2,10,5813.669921875
2024-10-31,20.0378,NA,10.7078,NA,50661.05078125,51.91999816894531,5705.45,23.16,69.58,4.83,3.06717,124.72,NA,NA,69.11475409836066,6.992481203007519,10.27,10.01,5705.4501953125
2024-11-01,20.0908,NA,10.72,10.02,50622.390625,51.11000061035156,5728.8,21.88,69.81,4.83,3.02358,127.66,62,6,64.4206549118388,3.6486486486486487,10.28,10.17,5728.7998046875
2024-11-02,NA,NA,NA,NA,NA,NA,NA,NA,NA,4.83,3.02358,NA,NA,NA,59.73551637279597,3.6486486486486487,NA,NA,NA
2024-11-03,NA,NA,NA,NA,NA,NA,NA,NA,NA,4.83,3.02358,NA,NA,NA,56.221662468513856,3.6486486486486487,NA,NA,NA
2024-11-04,20.0367,NA,10.72,NA,50882.5390625,51.790000915527344,5712.69,21.98,71.83,4.83,3.0813,127.61,NA,NA,66.7632241813602,4.864864864864865,10.28,10.094,5712.68994140625
2024-11-05,20.2695,10.1,10.7058,NA,50831.51171875,51.72999954223633,5782.76,20.49,72.26,4.83,3.08013,129.13,NA,NA,65.59193954659949,8.513513513513514,10.09,9.976,5782.759765625
2024-11-06,20.3093,NA,10.7,NA,51732.4609375,52.33000183105469,5929.04,16.27,71.98,4.83,2.97446,129.18,NA,NA,117.12846347607054,6.081081081081081,10.12,9.936,5929.0400390625
2024-11-07,19.8277,NA,10.6975,NA,52311.078125,53.70000076293945,5973.1,15.2,72.69,4.83,2.89179,122.7,NA,NA,85.50377833753149,8.513513513513514,10.25,9.929,5973.10009765625
2024-11-08,20.1332,NA,10.6958,NA,51845.171875,52.189998626708984,5995.54,14.94,70.69,4.58,2.95375,115.79,NA,NA,79.64735516372797,7.297297297297297,10.29,9.863,5995.5400390625
2024-11-09,NA,NA,NA,NA,NA,NA,NA,NA,NA,4.58,2.95375,NA,NA,NA,72.61964735516374,3.6486486486486487,NA,NA,NA
2024-11-10,NA,NA,NA,NA,NA,NA,NA,NA,NA,4.58,2.95375,NA,NA,NA,62.07808564231738,3.6486486486486487,NA,NA,NA
2024-11-11,20.4502,NA,10.6983,NA,51449.4296875,51.5099983215332,6001.35,14.97,NA,4.58,2.95375,119.77,NA,NA,64.4206549118388,6.081081081081081,10.28,10.026,6001.35009765625
2024-11-12,20.5693,10.1,10.695,NA,51096.640625,50.58000183105469,5983.99,14.71,68.43,4.58,2.94079,122.72,NA,NA,63.249370277078086,8.513513513513514,10.3,10.06,5983.990234375
2024-11-13,20.6025,NA,10.6825,NA,50747.62890625,50.41999816894531,5985.38,14.02,68.76,4.58,2.92747,125.73,NA,NA,65.59193954659949,8.513513513513514,10.18,9.996,5985.3798828125
2024-11-14,20.494,NA,10.6945,NA,50553.30859375,50.45000076293945,5949.17,14.31,68.99,4.58,2.96202,124.66,NA,NA,69.10579345088162,6.081081081081081,NA,9.845,5949.169921875
2024-11-15,20.3887,NA,10.49,NA,50469.3984375,50.47999954223633,5870.62,16.14,67.33,4.58,3.04535,124.69,NA,NA,51.53652392947103,8.513513513513514,10.41,9.946,5870.6201171875
2024-11-16,NA,NA,NA,NA,NA,NA,NA,NA,NA,4.58,3.04535,NA,NA,NA,58.56423173803527,6.081081081081081,NA,NA,NA
2024-11-17,NA,NA,NA,NA,NA,NA,NA,NA,NA,4.58,3.04535,NA,NA,NA,53.87909319899244,4.864864864864865,NA,NA,NA
2024-11-18,NA,NA,NA,NA,NA,50.970001220703125,5893.62,15.58,69.46,4.58,3.11737,126.64,NA,NA,57.39294710327456,3.6486486486486487,NA,NA,5893.6201171875
2024-11-19,20.1848,10.05,10.493,NA,50222.3984375,50.93000030517578,5916.98,16.35,69.75,4.58,3.07098,126.15,NA,NA,56.221662468513856,4.864864864864865,NA,9.81,5916.97998046875
2024-11-20,20.2903,NA,10.4945,NA,50168.87890625,50.290000915527344,5917.11,17.16,69.25,4.58,3.0542,122.21,NA,NA,51.53652392947103,7.297297297297297,NA,9.785,5917.10986328125
2024-11-21,20.3775,NA,10.495,NA,50174.640625,50.099998474121094,5948.71,16.87,70.39,4.58,2.99911,124.7,NA,NA,52.70780856423174,6.081081081081081,10.16,9.946,5948.7099609375
2024-11-22,20.4872,NA,10.4954,NA,50430.01953125,50.130001068115234,5969.34,15.24,71.68,4.58,3.02951,124.71,NA,NA,53.87909319899244,7.297297297297297,10.19,9.986,5969.33984375
2024-11-23,NA,NA,NA,NA,NA,NA,NA,NA,NA,4.58,3.02951,NA,NA,NA,52.70780856423174,4.864864864864865,NA,NA,NA
2024-11-24,NA,NA,NA,NA,NA,NA,NA,NA,NA,4.58,3.02951,NA,NA,NA,53.87909319899244,4.864864864864865,NA,NA,NA
2024-11-25,20.2993,NA,10.4833,NA,50207.1796875,50.290000915527344,5987.37,14.6,69.41,4.58,3.07612,124.7,NA,NA,52.70780856423174,7.297297297297297,10.19,9.926,5987.3701171875
2024-11-26,20.7185,9.95,10.485,NA,49721.8515625,48.95000076293945,6021.63,14.1,69.05,4.58,3.09313,123.65,NA,NA,63.249370277078086,7.297297297297297,10.19,10.026,6021.6298828125
2024-11-27,20.6418,NA,10.485,NA,49787.8203125,49.13999938964844,5998.74,14.1,69.03,4.58,3.10313,126.68,NA,NA,56.221662468513856,8.513513513513514,NA,9.917,5998.740234375
2024-11-28,20.4173,NA,10.4763,NA,49941.26953125,NA,NA,13.9,NA,4.58,3.10313,127.61,NA,NA,53.87909319899244,4.864864864864865,NA,9.86,NA
2024-11-29,20.3212,NA,10.475,NA,49812.640625,50.27000045776367,6032.38,13.51,68.26,4.58,3.12843,126.18,NA,NA,50.36523929471033,6.081081081081081,10.19,9.896,6032.3798828125
2024-11-30,NA,NA,NA,NA,NA,NA,NA,NA,NA,4.58,3.12843,NA,NA,NA,49.193954659949625,4.864864864864865,NA,NA,NA
2024-12-01,NA,NA,NA,10.43,NA,NA,NA,NA,NA,4.58,3.12843,NA,48,5,43.3511811023622,3.4191176470588243,NA,NA,NA
2024-12-02,20.4357,NA,10.47,NA,50414.171875,50.349998474121094,6047.15,13.34,68.35,4.58,3.15451,123.2,NA,NA,43.3511811023622,6.8382352941176485,NA,9.92,6047.14990234375
2024-12-03,20.3233,9.9,10.4663,NA,50828.05859375,50.880001068115234,6049.88,13.3,70.15,4.58,3.11563,124.71,NA,NA,44.522834645669285,4.558823529411765,10.04,9.936,6049.8798828125
2024-12-04,20.283,NA,10.4563,NA,51249.80078125,51.349998474121094,6086.49,13.45,68.81,4.58,3.15463,124.7,NA,NA,49.209448818897634,7.97794117647059,10.04,9.966,6086.490234375
2024-12-05,20.1963,NA,10.45,NA,51756.83984375,52.08000183105469,6075.11,13.54,68.58,4.58,3.10677,123.68,NA,NA,42.17952755905512,9.11764705882353,10.01,10.016,6075.10986328125
2024-12-06,20.2275,NA,10.4425,NA,51348.80078125,51.70000076293945,6090.27,12.77,68.58,4.58,3.06626,120.75,NA,NA,44.522834645669285,6.8382352941176485,NA,9.97,6090.27001953125
2024-12-07,NA,NA,NA,NA,NA,NA,NA,NA,NA,4.58,3.06626,NA,NA,NA,45.69448818897637,4.558823529411765,NA,NA,NA
2024-12-08,NA,NA,NA,NA,NA,NA,NA,NA,NA,4.58,3.06626,NA,NA,NA,38.664566929133855,4.558823529411765,NA,NA,NA
2024-12-09,20.1547,9.95,10.4388,NA,52190.6796875,52.5,6052.85,14.19,68.65,4.58,3.07795,119.25,NA,NA,45.69448818897637,5.6985294117647065,NA,10.048,6052.85009765625
2024-12-10,20.2485,NA,10.436,NA,51377.28125,51.959999084472656,6034.91,14.18,68.85,4.58,3.08686,119.78,NA,NA,43.3511811023622,5.6985294117647065,9.92,9.956,6034.91015625
2024-12-11,20.1647,NA,10.4333,NA,51284.2109375,52.040000915527344,6084.19,13.58,70.57,4.58,3.0556,118.79,NA,NA,41.00787401574803,5.6985294117647065,9.99,9.92,6084.18994140625
2024-12-12,NA,NA,NA,NA,NA,51.470001220703125,6051.25,13.92,70.25,4.58,3.0214,116.81,NA,NA,42.17952755905512,5.6985294117647065,NA,NA,6051.25
2024-12-13,20.142,NA,10.4375,NA,51619.75,52.43000030517578,6051.09,13.81,71.54,4.58,3.05953,118.8,NA,NA,46.86614173228346,5.6985294117647065,9.99,10.096,6051.08984375
2024-12-14,NA,NA,NA,NA,NA,NA,NA,NA,NA,4.58,3.05953,NA,NA,NA,48.03779527559055,3.4191176470588243,NA,NA,NA
2024-12-15,NA,NA,NA,NA,NA,NA,NA,NA,NA,4.58,3.05953,NA,NA,NA,43.3511811023622,3.4191176470588243,NA,NA,NA
2024-12-16,20.1448,NA,10.425,NA,50849.4296875,51.41999816894531,6074.08,14.69,71.03,4.58,3.13612,120.29,NA,NA,44.522834645669285,5.6985294117647065,NA,10.06,6074.080078125
2024-12-17,20.2363,9.8,10.4188,NA,50500.33984375,49.619998931884766,6050.61,15.87,70.31,4.58,3.15945,123.24,NA,NA,45.69448818897637,5.6985294117647065,9.79,10.156,6050.60986328125
2024-12-18,20.1395,NA,10.415,NA,49968.44140625,48.45000076293945,5872.16,27.62,70.8,4.58,3.11599,126.2,NA,NA,45.69448818897637,5.6985294117647065,9.75,10.186,5872.16015625
2024-12-19,20.4402,NA,10.425,NA,49254.46875,47.959999084472656,5867.08,24.09,70.1,4.33,3.19774,135.69,NA,NA,53.89606299212598,4.558823529411765,9.94,10.286,5867.080078125
2024-12-20,20.1035,NA,10.2244,NA,49586.2109375,48.869998931884766,5930.85,18.36,69.71,4.33,3.18302,132.61,NA,NA,52.72440944881889,5.6985294117647065,9.96,10.366,5930.85009765625
2024-12-21,NA,NA,NA,NA,NA,NA,NA,NA,NA,4.33,3.18302,NA,NA,NA,49.209448818897634,3.4191176470588243,NA,NA,NA
2024-12-22,NA,NA,NA,NA,NA,NA,NA,NA,NA,4.33,3.18302,NA,NA,NA,50.38110236220472,3.4191176470588243,NA,NA,NA
2024-12-23,20.1948,9.74,10.2344,NA,49450.890625,48.2599983215332,5974.07,16.78,69.5,4.33,3.14712,131.1,NA,NA,56.23937007874015,4.558823529411765,9.73,10.426,5974.06982421875
2024-12-24,20.1558,NA,10.237,NA,49316.62109375,48.40999984741211,6040.04,14.27,70.87,4.33,3.14987,130.66,NA,NA,50.38110236220472,3.4191176470588243,9.8,10.386,6040.0400390625
2024-12-25,NA,NA,NA,NA,NA,NA,NA,NA,NA,4.33,3.14987,130.64,NA,NA,48.03779527559055,3.4191176470588243,NA,NA,NA
2024-12-26,20.1657,NA,10.2422,NA,49535.578125,48.41999816894531,6037.59,14.73,70.38,4.33,3.17341,130.62,NA,NA,55.067716535433064,3.4191176470588243,9.9,10.406,6037.58984375
2024-12-27,20.2683,NA,10.2429,NA,49290.578125,47.9900016784668,5970.84,15.95,71.28,4.33,3.15206,130.62,NA,NA,51.5527559055118,5.6985294117647065,9.9,10.446,5970.83984375
2024-12-28,NA,NA,NA,NA,NA,NA,NA,NA,NA,4.33,3.15206,NA,NA,NA,49.209448818897634,2.2794117647058827,NA,NA,NA
2024-12-29,NA,NA,NA,NA,NA,NA,NA,NA,NA,4.33,3.15206,NA,NA,NA,44.522834645669285,3.4191176470588243,NA,NA,NA
2024-12-30,20.5103,10.04,10.244,NA,48837.71875,46.689998626708984,5906.94,17.4,71.73,4.33,3.23656,132.62,NA,NA,56.23937007874015,5.6985294117647065,10.03,10.446,5906.93994140625
2024-12-31,20.7862,NA,10.245,NA,49513.26953125,46.81999969482422,5881.63,17.35,72.44,4.33,3.19125,140.42,NA,NA,72.64251968503936,5.6985294117647065,10,10.416,5881.6298828125
2025-01-01,NA,NA,NA,10.33,NA,NA,NA,NA,NA,4.33,3.19125,140.48,48,9,61.48760330578512,8.12621359223301,NA,NA,NA
2025-01-02,20.6917,NA,10.245,NA,49765.19921875,47.720001220703125,5868.55,17.93,73.79,4.33,3.21411,140.5,NA,NA,63.94710743801652,16.25242718446602,10.05,10.306,5868.5498046875
2025-01-03,20.6708,NA,10.4791,NA,48957.23828125,46.84000015258789,5942.47,16.13,74.64,4.33,3.15632,137.53,NA,NA,60.25785123966942,14.898058252427182,10.04,10.376,5942.47021484375
2025-01-04,NA,NA,NA,NA,NA,NA,NA,NA,NA,4.33,3.15632,NA,NA,NA,55.33884297520661,10.834951456310678,NA,NA,NA
2025-01-05,NA,NA,NA,NA,NA,NA,NA,NA,NA,4.33,3.15632,NA,NA,NA,59.02809917355371,5.417475728155339,NA,NA,NA
2025-01-06,20.3195,NA,10.328,NA,49493.55859375,48.0099983215332,5975.38,16.04,74.31,4.33,3.06896,135.1,NA,NA,59.02809917355371,14.898058252427182,10.02,10.376,5975.3798828125
2025-01-07,20.344,9.88,10.2776,NA,50085.5,48.560001373291016,5909.03,17.82,74.99,4.33,3.02222,130.65,NA,NA,54.10909090909091,14.898058252427182,9.87,10.296,5909.02978515625
2025-01-08,20.3823,NA,10.2776,NA,49634.26171875,47.93000030517578,5918.25,17.7,73.99,4.33,3.10564,131.15,NA,NA,50.4198347107438,14.898058252427182,9.99,10.276,5918.25
2025-01-09,20.4742,NA,10.2675,NA,49807.9609375,NA,NA,18.07,NA,4.33,3.09141,132.1,NA,NA,44.27107438016529,14.898058252427182,9.95,10.203,NA
2025-01-10,20.7045,NA,10.2574,NA,49596.69921875,47.13999938964844,5827.04,19.54,77.27,4.33,3.14459,131.12,NA,NA,45.50082644628099,12.189320388349513,9.95,10.266,5827.0400390625
2025-01-11,NA,NA,NA,NA,NA,NA,NA,NA,NA,4.33,3.14459,NA,NA,NA,52.8793388429752,6.771844660194174,NA,NA,NA
2025-01-12,NA,NA,NA,NA,NA,NA,NA,NA,NA,4.33,3.14459,NA,NA,NA,35.66280991735537,4.063106796116505,NA,NA,NA
2025-01-13,20.8012,NA,10.2474,NA,49829.96875,47.459999084472656,5836.22,19.19,79.57,4.33,3.19948,136.66,NA,NA,39.35206611570248,10.834951456310678,9.94,10.366,5836.22021484375
2025-01-14,20.482,9.78,10.2373,NA,49844,47.939998626708984,5842.91,18.71,78.2,4.33,3.19558,134.1,NA,NA,40.58181818181818,9.480582524271844,NA,10.39,5842.91015625
2025-01-15,20.4875,NA,10.2474,NA,50242.83984375,48.540000915527344,5949.91,16.12,80.73,4.33,3.13806,131.61,NA,NA,41.81157024793388,12.189320388349513,NA,10.299,5949.91015625
2025-01-16,20.7732,NA,10.2675,NA,49948.1484375,47.400001525878906,5937.34,16.6,79.35,4.33,3.15008,127.59,NA,NA,41.81157024793388,8.12621359223301,NA,10.222,5937.33984375
2025-01-17,20.718,NA,10.2675,NA,49940.890625,47.470001220703125,5996.66,15.97,78.56,4.33,3.17013,131.59,NA,NA,41.81157024793388,8.12621359223301,9.95,10.346,5996.66015625
2025-01-18,NA,NA,NA,NA,NA,NA,NA,NA,NA,4.33,3.17013,NA,NA,NA,35.66280991735537,4.063106796116505,NA,NA,NA
2025-01-19,NA,NA,NA,NA,NA,NA,NA,NA,NA,4.33,3.17013,NA,NA,NA,35.66280991735537,2.7087378640776696,NA,NA,NA
2025-01-20,20.543,NA,10.2675,NA,50201.3203125,NA,NA,15.81,NA,4.33,3.17013,129.66,NA,NA,62.71735537190082,6.771844660194174,NA,10.23,NA
2025-01-21,20.6358,9.75,10.2675,NA,50450.26171875,48.369998931884766,6049.24,15.06,76.79,4.33,3.10776,123.72,NA,NA,61.48760330578512,6.771844660194174,9.74,10.146,6049.240234375
2025-01-22,20.5397,NA,10.2776,NA,50944.578125,49.25,6086.37,15.1,76.12,4.33,3.15139,126.68,NA,NA,46.73057851239669,5.417475728155339,9.73,10.016,6086.3701171875
2025-01-23,20.3943,NA,10.2877,NA,51054.91015625,49.599998474121094,6118.71,15.02,75.03,4.33,3.16784,122.26,NA,NA,41.81157024793388,9.480582524271844,9.77,10,6118.7099609375
2025-01-24,20.2255,NA,10.2776,NA,51357.30859375,50.060001373291016,6101.24,14.85,74.97,4.33,3.11721,120.26,NA,NA,47.9603305785124,6.771844660194174,9.75,9.996,6101.240234375
2025-01-25,NA,NA,NA,NA,NA,NA,NA,NA,NA,4.33,3.11721,NA,NA,NA,45.50082644628099,6.771844660194174,NA,NA,NA
2025-01-26,NA,NA,NA,NA,NA,NA,NA,NA,NA,4.33,3.11721,NA,NA,NA,38.12231404958678,4.063106796116505,NA,NA,NA
2025-01-27,20.7002,NA,10.2977,NA,51687.44921875,49.290000915527344,6012.28,17.9,73.51,4.33,3.21473,120.26,NA,NA,45.50082644628099,8.12621359223301,NA,10.026,6012.27978515625
2025-01-28,20.5668,9.87,10.2877,NA,51535.9609375,49.650001525878906,6067.7,16.41,74.15,4.33,3.24031,127.14,NA,NA,40.58181818181818,6.771844660194174,9.74,9.91,6067.7001953125
2025-01-29,20.5677,NA,10.2776,NA,51555.78125,49.7599983215332,6039.31,16.56,72.94,4.33,3.21641,128.19,NA,NA,39.35206611570248,8.12621359223301,9.87,10.04,6039.31005859375
2025-01-30,20.4497,NA,10.2977,NA,52050.25,50.02000045776367,6071.17,15.84,73.1,4.33,3.23775,128.71,NA,NA,45.50082644628099,8.12621359223301,9.89,9.97,6071.169921875
2025-01-31,20.6068,NA,10.2776,NA,51209.53125,48.97999954223633,6040.53,16.43,72.84,4.33,3.1665,127.68,NA,NA,54.10909090909091,8.12621359223301,9.85,9.956,6040.52978515625
2025-02-01,NA,NA,NA,9.85,NA,NA,NA,NA,NA,4.33,3.1665,NA,47,6,53.956,6.363636363636363,NA,NA,NA
2025-02-02,NA,NA,NA,NA,NA,NA,NA,NA,NA,4.33,3.1665,NA,NA,NA,88.172,3.8181818181818183,NA,NA,NA
2025-02-03,NA,NA,NA,NA,NA,50.20000076293945,5994.57,18.62,73.52,4.33,3.16521,127.21,NA,NA,131.6,5.090909090909091,NA,NA,5994.56982421875
2025-02-04,20.4268,9.65,10.2776,NA,51889.75,50.13999938964844,6037.88,17.21,73.04,4.33,3.17352,130.67,NA,NA,76.328,6.363636363636363,9.64,9.956,6037.8798828125
2025-02-05,20.6363,NA,10.3078,NA,51570.19140625,49.56999969482422,6061.48,15.77,71.39,4.33,3.14877,127.66,NA,NA,48.692,7.636363636363637,9.59,9.856,6061.47998046875
2025-02-06,20.5125,NA,10.2977,NA,52674.7890625,50.709999084472656,6083.57,15.5,70.97,4.33,3.14337,125.67,NA,NA,46.06,7.636363636363637,9.5,9.74,6083.56982421875
2025-02-07,20.5512,NA,10.328,NA,52817.75,50.68000030517578,6025.99,16.54,71.32,4.33,3.14592,125.72,NA,NA,47.376000000000005,7.636363636363637,NA,9.703,6025.990234375
2025-02-08,NA,NA,NA,NA,NA,NA,NA,NA,NA,4.33,3.14592,NA,NA,NA,46.06,3.8181818181818183,NA,NA,NA
2025-02-09,NA,NA,NA,NA,NA,NA,NA,NA,NA,4.33,3.14592,NA,NA,NA,40.796,3.8181818181818183,NA,NA,NA
2025-02-10,20.6693,NA,9.7739,NA,52928.12109375,50.7599983215332,6066.44,15.81,72.73,4.33,3.10674,124.26,NA,NA,36.848,6.363636363636363,NA,9.663,6066.43994140625
2025-02-11,20.568,9.35,9.7638,NA,53451.640625,51.279998779296875,6068.5,16.02,73.67,4.33,3.16084,123.73,NA,NA,35.532000000000004,6.363636363636363,9.34,9.836,6068.5
2025-02-12,20.4917,NA,9.7739,NA,54065.71875,51.90999984741211,6051.97,15.89,71.72,4.33,3.0901,121.78,NA,NA,36.848,6.363636363636363,9.37,9.865,6051.97021484375
2025-02-13,20.4978,NA,9.7739,NA,54160.109375,52.380001068115234,6115.07,15.1,71.66,4.33,3.04633,118.84,NA,NA,40.796,8.909090909090908,9.42,9.866,6115.06982421875
2025-02-14,20.3082,NA,9.7739,NA,54077.94140625,52.66999816894531,6114.63,14.77,71.05,4.33,3.01462,118.76,NA,NA,43.428000000000004,6.363636363636363,9.49,9.846,6114.6298828125
2025-02-15,NA,NA,NA,NA,NA,NA,NA,NA,NA,4.33,3.01462,NA,NA,NA,42.112,3.8181818181818183,NA,NA,NA
2025-02-16,NA,NA,NA,NA,NA,NA,NA,NA,NA,4.33,3.01462,NA,NA,NA,32.9,3.8181818181818183,NA,NA,NA
2025-02-17,20.283,NA,9.7638,NA,54291.640625,NA,NA,15.37,NA,4.33,3.01462,117.29,NA,NA,40.796,7.636363636363637,9.49,9.886,NA
2025-02-18,20.2617,9.37,9.7638,NA,54476.73828125,53.220001220703125,6129.58,15.35,72.21,4.33,3.02863,117.31,NA,NA,44.744,6.363636363636363,9.36,9.846,6129.580078125
2025-02-19,20.4208,NA,9.7739,NA,54096.51171875,52.25,6144.15,15.27,72.58,4.33,3.05465,117.83,NA,NA,43.428000000000004,7.636363636363637,NA,9.89,6144.14990234375
2025-02-20,20.3733,NA,9.7638,NA,54303.9296875,52.86000061035156,6117.52,15.66,72.88,4.33,3.06813,118.79,NA,NA,38.164,7.636363636363637,NA,9.87,6117.52001953125
2025-02-21,20.3448,NA,9.7638,NA,53738.75,51.9900016784668,6013.13,18.21,70.72,4.33,3.10998,118.79,NA,NA,36.848,6.363636363636363,9.45,9.766,6013.1298828125
2025-02-22,NA,NA,NA,NA,NA,NA,NA,NA,NA,4.33,3.10998,NA,NA,NA,36.848,3.8181818181818183,NA,NA,NA
2025-02-23,NA,NA,NA,NA,NA,NA,NA,NA,NA,4.33,3.10998,NA,NA,NA,38.164,2.5454545454545454,NA,NA,NA
2025-02-24,20.464,NA,9.7538,NA,53704.44921875,51.66999816894531,5983.25,18.98,71.06,4.33,3.14834,121.23,NA,NA,39.480000000000004,6.363636363636363,9.47,9.73,5983.25
2025-02-25,20.4683,9.44,9.784,NA,53050.328125,51.04999923706055,5955.25,19.43,69.15,4.33,3.17773,121.76,NA,NA,36.848,7.636363636363637,NA,NA,5955.25
2025-02-26,20.4277,NA,9.7538,NA,53296.7109375,51.4900016784668,5956.06,19.1,68.87,4.33,3.14812,122.71,NA,NA,39.480000000000004,6.363636363636363,9.45,9.53,5956.06005859375
2025-02-27,20.4722,NA,9.7538,NA,52607.609375,50.59000015258789,5861.57,21.13,70.62,4.33,3.17955,119.78,NA,NA,38.164,6.363636363636363,NA,9.458,5861.56982421875
2025-02-28,20.508,NA,9.7538,NA,52325.73046875,50.52000045776367,5954.5,19.63,69.97,4.33,3.20838,124.74,NA,NA,35.532000000000004,5.090909090909091,9.44,9.48,5954.5
2025-03-01,NA,NA,NA,NA,NA,NA,NA,NA,NA,4.33,3.20838,NA,47,5,36.12396694214876,3.549618320610687,NA,NA,NA
2025-03-02,NA,NA,NA,NA,NA,NA,NA,NA,NA,4.33,3.20838,NA,NA,NA,34.78604224058769,3.549618320610687,NA,NA,NA
2025-03-03,20.4333,NA,9.7538,NA,52081.58984375,49.849998474121094,5849.72,22.78,68.63,4.33,3.22841,120.29,NA,NA,38.79981634527089,7.099236641221374,9.45,9.44,5849.72021484375
2025-03-04,20.8518,9.15,9.7941,NA,52384.71875,50.02000045776367,5778.15,23.51,68.47,4.33,3.2191,127.71,NA,NA,81.61340679522498,7.099236641221374,9.21,9.57,5778.14990234375
2025-03-05,20.3893,NA,9.7638,NA,52709.3984375,51.029998779296875,5842.63,21.93,66.58,4.33,3.17645,121.81,NA,NA,69.57208448117538,7.099236641221374,9.25,9.47,5842.6298828125
2025-03-06,20.2777,NA,9.7739,NA,52816.4296875,51.45000076293945,5738.52,24.87,66.62,4.33,3.23504,121.26,NA,NA,53.51698806244261,5.916030534351146,9.24,9.47,5738.52001953125
2025-03-07,20.283,NA,9.7739,NA,52839.62890625,51.529998779296875,5770.2,23.37,67.29,4.33,3.22069,122.78,NA,NA,54.85491276400367,5.916030534351146,NA,9.422,5770.2001953125
2025-03-08,NA,NA,NA,NA,NA,NA,NA,NA,NA,4.33,3.22069,NA,NA,NA,42.813590449954084,2.366412213740458,NA,NA,NA
2025-03-09,NA,NA,NA,NA,NA,NA,NA,NA,NA,4.33,3.22069,NA,NA,NA,37.461891643709826,2.366412213740458,NA,NA,NA
2025-03-10,20.2922,NA,9.7236,NA,51726.87890625,50.15999984741211,5614.56,27.86,66.31,4.33,3.28317,126.16,NA,NA,37.461891643709826,4.732824427480916,9.25,9.52,5614.56005859375
2025-03-11,20.3388,9.14,9.7236,NA,51510.6796875,50.25,5572.07,26.92,66.52,4.33,3.27345,126.73,NA,NA,45.48943985307621,7.099236641221374,9.14,9.524,5572.06982421875
2025-03-12,20.1828,NA,9.7437,NA,52041.01171875,50.97999954223633,5599.3,24.23,67.65,4.33,3.23738,125.26,NA,NA,38.79981634527089,5.916030534351146,9.15,9.59,5599.2998046875
2025-03-13,20.0848,NA,9.7538,NA,51877.12109375,51.189998626708984,5521.52,24.66,66.82,4.33,3.32085,130.15,NA,NA,41.47566574839302,5.916030534351146,9.22,9.49,5521.52001953125
2025-03-14,19.8693,NA,9.7739,NA,52484.28125,52.36000061035156,5638.94,21.77,67.43,4.33,3.26519,129.23,NA,NA,61.544536271808994,4.732824427480916,9.23,9.47,5638.93994140625
2025-03-15,NA,NA,NA,NA,NA,NA,NA,NA,NA,4.33,3.26519,NA,NA,NA,53.51698806244261,3.549618320610687,NA,NA,NA
2025-03-16,NA,NA,NA,NA,NA,NA,NA,NA,NA,4.33,3.26519,NA,NA,NA,46.82736455463728,2.366412213740458,NA,NA,NA
2025-03-17,NA,NA,NA,NA,NA,53.279998779296875,5675.12,20.51,67.84,4.33,3.23665,126.73,NA,NA,60.20661157024793,3.549618320610687,NA,NA,5675.1201171875
2025-03-18,19.9845,9.1,9.7739,NA,52773.3203125,52.40999984741211,5614.66,21.7,67.49,4.33,3.19486,125.71,NA,NA,66.89623507805325,4.732824427480916,NA,9.424,5614.66015625
2025-03-19,20.0553,NA,9.7739,NA,53060.76171875,52.41999816894531,5675.29,19.9,67.4,4.33,3.10455,119.77,NA,NA,54.85491276400367,7.099236641221374,9.45,9.44,5675.2900390625
2025-03-20,20.1345,NA,9.7638,NA,53100.828125,52.2599983215332,5662.89,19.8,68.55,4.33,3.17909,134.54,NA,NA,45.48943985307621,5.916030534351146,9.13,9.37,5662.89013671875
2025-03-21,20.2163,NA,9.7739,NA,52672.421875,51.70000076293945,5667.56,19.28,68.52,4.33,3.21433,137,NA,NA,49.50321395775941,4.732824427480916,9.15,9.46,5667.56005859375
2025-03-22,NA,NA,NA,NA,NA,NA,NA,NA,NA,4.33,3.21433,NA,NA,NA,38.79981634527089,4.732824427480916,NA,NA,NA
2025-03-23,NA,NA,NA,NA,NA,NA,NA,NA,NA,4.33,3.21433,NA,NA,NA,34.78604224058769,2.366412213740458,NA,NA,NA
2025-03-24,20.1123,NA,9.7739,NA,52674.83984375,52.040000915527344,5767.57,17.48,69.46,4.33,3.13115,131.17,NA,NA,37.461891643709826,5.916030534351146,9.14,9.48,5767.56982421875
2025-03-25,20.0762,9.02,9.7739,NA,53203.26171875,52.59000015258789,5776.65,17.15,69.48,4.33,3.11488,130.58,NA,NA,38.79981634527089,8.282442748091604,9.02,9.46,5776.64990234375
2025-03-26,20.0963,NA,9.7739,NA,52806.890625,52.0099983215332,5712.2,18.33,70.05,4.33,3.12145,134.56,NA,NA,41.47566574839302,5.916030534351146,9.06,9.46,5712.2001953125
2025-03-27,20.3182,NA,9.7739,NA,53477.73828125,52.150001525878906,5693.31,18.69,70.3,4.33,3.16807,133.56,NA,NA,45.48943985307621,5.916030534351146,9,9.45,5693.31005859375
2025-03-28,20.4003,NA,9.7638,NA,53172.96875,51.619998931884766,5580.94,21.65,69.74,4.33,3.23924,136.92,NA,NA,42.813590449954084,4.732824427480916,9,9.335,5580.93994140625
2025-03-29,NA,NA,NA,NA,NA,NA,NA,NA,NA,4.33,3.23924,NA,NA,NA,37.461891643709826,3.549618320610687,NA,NA,NA
2025-03-30,NA,NA,NA,NA,NA,NA,NA,NA,NA,4.33,3.23924,NA,NA,NA,32.11019283746556,3.549618320610687,NA,NA,NA
2025-03-31,20.438,NA,9.2604,NA,52484.4296875,50.959999084472656,5611.85,22.28,71.87,4.33,3.25999,138.01,NA,NA,56.192837465564736,4.732824427480916,NA,9.342,5611.85009765625
2025-04-01,20.3587,8.8,9.2704,9.26,53337.8984375,52.04999923706055,5633.07,21.77,71.61,4.33,3.22512,134.02,55,4,30.324324324324323,4.225352112676056,NA,9.293,5633.06982421875
2025-04-02,20.4568,NA,9.3208,NA,53800.9296875,52.15999984741211,5670.97,21.51,72.12,4.33,3.24436,134.1,NA,NA,33.891891891891895,3.380281690140845,NA,9.255,5670.97021484375
2025-04-03,19.9708,NA,9.3208,NA,54089.28125,54.2599983215332,5396.52,30.02,67.43,4.33,3.42105,141.25,NA,NA,42.81081081081081,3.380281690140845,9.08,9.01,5396.52001953125
2025-04-04,20.501,NA,9.2704,NA,51452.73046875,49.91999816894531,5074.08,45.31,62.42,4.33,3.55194,NA,NA,NA,54.4054054054054,3.380281690140845,9.945,9.15,5074.080078125
2025-04-05,NA,NA,NA,NA,NA,NA,NA,NA,NA,4.33,3.55194,NA,NA,NA,42.81081081081081,2.535211267605634,NA,NA,NA
2025-04-06,NA,NA,NA,NA,NA,NA,NA,NA,NA,4.33,3.55194,NA,NA,NA,26.756756756756758,1.6901408450704225,NA,NA,NA
2025-04-07,20.6947,NA,9.2604,NA,50458.3203125,48.52000045776367,5062.25,46.98,61.05,4.33,3.62412,NA,NA,NA,45.486486486486484,3.380281690140845,9.947,9.313,5062.25
2025-04-08,20.6867,8.8,9.2503,NA,50316.58984375,48.060001373291016,4982.77,52.33,60.04,4.33,3.65227,159.06,NA,NA,38.351351351351354,4.225352112676056,NA,9.41,4982.77001953125
2025-04-09,20.7653,NA,9.2604,NA,52527.671875,51.86000061035156,5456.9,33.62,62.63,4.33,3.52545,142.69,NA,NA,42.81081081081081,3.380281690140845,9.954,9.37,5456.89990234375
2025-04-10,20.492,NA,9.2604,NA,51514.8203125,50.29999923706055,5268.05,40.72,60.57,4.33,3.55793,153.19,NA,NA,38.351351351351354,4.225352112676056,9.961,9.3,5268.0498046875
2025-04-11,20.3363,NA,9.2604,NA,51498.8984375,50.68000030517578,5363.36,37.56,61.91,4.33,3.60642,150.44,NA,NA,36.567567567567565,4.225352112676056,9.01,9.57,5363.35986328125
2025-04-12,NA,NA,NA,NA,NA,NA,NA,NA,NA,4.33,3.60642,NA,NA,NA,62.432432432432435,6.76056338028169,NA,NA,NA
2025-04-13,NA,NA,NA,NA,NA,NA,NA,NA,NA,4.33,3.60642,NA,NA,NA,49.054054054054056,2.535211267605634,NA,NA,NA
2025-04-14,20.1025,9,9.2704,NA,52391.3515625,51.90999984741211,5405.97,30.89,61.99,4.33,3.58147,145.76,NA,NA,61.54054054054054,5.070422535211268,9,9.54,5405.97021484375
2025-04-15,20.0213,NA,9.2704,NA,52643.0390625,52.189998626708984,5396.63,30.12,61.74,4.33,3.57634,142.4,NA,NA,68.67567567567568,3.380281690140845,9.02,9.46,5396.6298828125
2025-04-16,19.9737,NA,9.2704,NA,53018.5703125,53.02000045776367,5275.7,32.64,62.88,4.33,3.67848,149.75,NA,NA,58.86486486486486,2.535211267605634,9,9.46,5275.7001953125
2025-04-17,NA,NA,NA,NA,NA,54.93000030517578,5282.7,29.65,65.07,4.33,3.55798,145.38,NA,NA,62.432432432432435,2.535211267605634,NA,NA,5282.7001953125
2025-04-18,NA,NA,NA,NA,NA,NA,NA,NA,NA,4.33,3.55798,145.38,NA,NA,74.91891891891892,0,NA,NA,NA
2025-04-19,NA,NA,NA,NA,NA,NA,NA,NA,NA,4.33,3.55798,NA,NA,NA,54.4054054054054,3.380281690140845,NA,NA,NA
2025-04-20,NA,NA,NA,NA,NA,NA,NA,NA,NA,4.33,3.55798,NA,NA,NA,55.2972972972973,2.535211267605634,NA,NA,NA
2025-04-21,19.6718,NA,9.2704,NA,53758.75,54.34000015258789,5158.2,33.82,63.48,4.33,3.61104,145.35,NA,NA,70.45945945945945,5.915492957746479,8.98,9.54,5158.2001953125
2025-04-22,19.5688,8.8,9.2704,NA,54777.83984375,55.5099983215332,5287.76,30.57,64.6,4.33,3.55653,150.38,NA,NA,78.48648648648648,5.070422535211268,NA,9.49,5287.759765625
2025-04-23,19.6278,NA,9.2704,NA,55766.578125,56.5099983215332,5375.86,28.45,62.64,4.33,3.46091,143.98,NA,NA,89.1891891891892,6.76056338028169,8.81,9.45,5375.85986328125
2025-04-24,19.5825,NA,9.2906,NA,56382,57.34000015258789,5484.77,26.47,63.55,4.33,3.44527,137.46,NA,NA,69.56756756756756,5.070422535211268,NA,9.366,5484.77001953125
2025-04-25,19.5478,NA,9.2906,NA,56720.12109375,57.939998626708984,5525.21,24.84,63.85,4.33,3.43929,137.99,NA,NA,66.89189189189189,5.070422535211268,8.89,9.27,5525.2099609375
2025-04-26,NA,NA,NA,NA,NA,NA,NA,NA,NA,4.33,3.43929,NA,NA,NA,54.4054054054054,3.380281690140845,NA,NA,NA
2025-04-27,NA,NA,NA,NA,NA,NA,NA,NA,NA,4.33,3.43929,NA,NA,NA,52.62162162162162,2.535211267605634,NA,NA,NA
2025-04-28,19.5723,8.65,9.2805,NA,56980.12890625,58.119998931884766,5528.75,25.15,63.3,4.33,3.48193,138.94,NA,NA,71.35135135135135,6.76056338028169,NA,9.243,5528.75
2025-04-29,19.5868,NA,9.3006,NA,55613.4296875,56.41999816894531,5560.83,24.17,61.84,4.33,3.4775,137.98,NA,NA,63.32432432432432,5.915492957746479,NA,9.283,5560.830078125
2025-04-30,19.6095,NA,9.3006,NA,56259.28125,56.970001220703125,5569.06,24.7,59.55,4.33,3.51382,139.46,NA,NA,53.513513513513516,6.76056338028169,8.72,9.32,5569.06005859375
2025-05-01,NA,NA,NA,9.41,NA,56.66999816894531,5604.14,24.6,60.59,4.33,3.49561,141.57,43,5,48.03603603603604,4.720812182741117,NA,NA,5604.14013671875
2025-05-02,19.657,NA,9.3409,NA,55811.98828125,56.939998626708984,5686.67,22.68,59.67,4.33,3.4542,140.13,NA,NA,47.285472972972975,3.934010152284264,NA,9.41,5686.669921875
2025-05-03,NA,NA,NA,NA,NA,NA,NA,NA,NA,4.33,3.4542,NA,NA,NA,48.03603603603604,5.50761421319797,NA,NA,NA
2025-05-04,NA,NA,NA,NA,NA,NA,NA,NA,NA,4.33,3.4542,NA,NA,NA,43.53265765765766,3.934010152284264,NA,NA,NA
2025-05-05,19.6365,NA,9.351,NA,55835.98828125,56.68000030517578,5650.38,23.64,58.5,4.33,3.47223,140.02,NA,NA,48.7865990990991,4.720812182741117,8.69,9.43,5650.3798828125
2025-05-06,19.6785,8.55,9.2805,NA,57349.828125,58.38999938964844,5606.91,24.76,60.42,4.33,3.46036,140.44,NA,NA,45.03378378378378,4.720812182741117,8.55,9.35,5606.91015625
2025-05-07,19.588,NA,9.2906,NA,57954.390625,59.09000015258789,5631.28,23.55,59.42,4.33,3.42967,137.53,NA,NA,38.27871621621622,5.50761421319797,NA,9.28,5631.27978515625
2025-05-08,19.5642,NA,9.3006,NA,56866.76171875,58.11000061035156,5663.94,22.48,61.25,4.33,3.33388,136.17,NA,NA,41.28096846846847,7.868020304568528,8.58,9.324,5663.93994140625
2025-05-09,19.4912,NA,9.2805,NA,56551.1796875,58.119998931884766,5659.91,21.9,62.37,4.33,3.28321,135.57,NA,NA,39.77984234234234,5.50761421319797,8.55,9.36,5659.91015625
2025-05-10,NA,NA,NA,NA,NA,NA,NA,NA,NA,4.33,3.28321,NA,NA,NA,43.53265765765766,3.1472081218274113,NA,NA,NA
2025-05-11,NA,NA,NA,NA,NA,NA,NA,NA,NA,4.33,3.28321,NA,NA,NA,39.02927927927928,1.5736040609137056,NA,NA,NA
2025-05-12,19.6162,NA,9.2805,NA,56765.578125,57.84000015258789,5844.19,18.39,63.32,4.33,3.13911,121.81,NA,NA,42.031531531531535,6.2944162436548226,8.56,9.397,5844.18994140625
2025-05-13,19.4373,8.4,9.2805,NA,57357.5390625,59.08000183105469,5886.55,18.22,65.04,4.33,3.10515,119.78,NA,NA,42.7820945945946,7.081218274111675,8.4,9.41,5886.5498046875
2025-05-14,19.363,NA,9.2805,NA,57644.94140625,59.36000061035156,5892.58,18.62,64.48,4.33,3.09924,117.32,NA,NA,44.28322072072072,6.2944162436548226,8.39,9.493,5892.580078125
2025-05-15,19.478,NA,9.2805,NA,57959.71875,59.2599983215332,5916.93,17.83,63.03,4.33,3.07101,120.72,NA,NA,45.78434684684685,4.720812182741117,8.3,9.55,5916.93017578125
2025-05-16,19.5147,NA,9.2704,NA,57987.140625,59.5099983215332,5958.38,17.24,63.84,4.33,3.02093,119.78,NA,NA,47.285472972972975,4.720812182741117,8.23,9.36,5958.3798828125
2025-05-17,NA,NA,NA,NA,NA,NA,NA,NA,NA,4.33,3.02093,NA,NA,NA,39.02927927927928,4.720812182741117,NA,NA,NA
2025-05-18,NA,NA,NA,NA,NA,NA,NA,NA,NA,4.33,3.02093,NA,NA,NA,33.02477477477478,2.3604060913705585,NA,NA,NA
2025-05-19,19.3723,NA,8.7671,NA,58493.390625,60.56999969482422,5963.6,18.14,63.98,4.33,3.0093,120.26,NA,NA,39.77984234234234,5.50761421319797,NA,NA,5963.60009765625
2025-05-20,19.2648,8.15,8.7772,NA,58311.1484375,60.529998779296875,5940.46,18.09,63.97,4.33,2.99123,118.79,NA,NA,51.788851351351354,7.081218274111675,8.15,9.37,5940.4599609375
2025-05-21,19.3198,NA,8.7772,NA,58568.01171875,60.31999969482422,5844.61,20.87,62.93,4.33,2.97923,119.31,NA,NA,45.78434684684685,5.50761421319797,8.19,9.44,5844.60986328125
2025-05-22,19.3227,NA,8.7772,NA,57894.8203125,59.83000183105469,5842.01,20.28,62.55,4.33,3.01244,121.25,NA,NA,41.28096846846847,6.2944162436548226,8.27,9.4,5842.009765625
2025-05-23,19.2748,NA,8.7772,NA,58410.37109375,60.66999816894531,5802.82,22.29,62.89,4.33,3.07294,122.73,NA,NA,39.77984234234234,4.720812182741117,8.27,9.387,5802.81982421875
2025-05-24,NA,NA,NA,NA,NA,NA,NA,NA,NA,4.33,3.07294,NA,NA,NA,41.28096846846847,5.50761421319797,NA,NA,NA
2025-05-25,NA,NA,NA,NA,NA,NA,NA,NA,NA,4.33,3.07294,NA,NA,NA,33.02477477477478,2.3604060913705585,NA,NA,NA
2025-05-26,19.2188,NA,8.7973,NA,58459.16015625,NA,NA,20.57,NA,4.33,3.07294,122.75,NA,NA,40.5304054054054,4.720812182741117,8.29,9.42,NA
2025-05-27,19.2338,8.12,8.7973,NA,58593.828125,61.130001068115234,5921.54,18.96,61.61,4.33,3.06788,119.77,NA,NA,41.28096846846847,4.720812182741117,8.29,9.387,5921.5400390625
2025-05-28,19.4,NA,8.7873,NA,58735.859375,60.900001525878906,5888.55,19.31,62.54,4.33,3.09254,120.79,NA,NA,44.28322072072072,6.2944162436548226,8.12,9.382,5888.5498046875
2025-05-29,19.328,NA,8.7873,NA,58614.41015625,61.22999954223633,5912.17,19.18,61.66,4.33,3.08482,120.26,NA,NA,51.03828828828829,6.2944162436548226,8.32,9.308,5912.169921875
2025-05-30,19.3858,NA,8.7671,NA,57841.69140625,60.16999816894531,5911.69,18.57,61.46,4.33,3.14666,119.77,NA,NA,46.53490990990991,5.50761421319797,8.46,9.32,5911.68994140625
2025-05-31,NA,NA,NA,NA,NA,NA,NA,NA,NA,4.33,3.14666,NA,NA,NA,39.77984234234234,3.1472081218274113,NA,NA,NA
2025-06-01,NA,NA,NA,9.39,NA,NA,NA,NA,NA,4.33,3.14666,NA,45,4,33.6767895878525,2.117647058823529,NA,NA,NA
2025-06-02,19.2338,NA,8.7772,NA,57705.48046875,60.63999938964844,5935.94,18.36,63.27,4.33,3.09263,116.84,NA,NA,39.533622559652926,4.941176470588235,NA,9.302,5935.93994140625
2025-06-03,19.2638,8.1,8.8175,NA,57639.0703125,60.38999938964844,5970.37,17.69,64.1,4.33,3.01645,115.84,NA,NA,38.06941431670282,4.235294117647058,NA,9.292,5970.3701171875
2025-06-04,19.1932,NA,8.7772,NA,57484.51953125,60.25,5970.81,17.61,63.57,4.33,3.03,114.81,NA,NA,38.80151843817787,4.235294117647058,8.15,9.19,5970.81005859375
2025-06-05,19.17,NA,8.7571,NA,57777.48828125,60.720001220703125,5939.3,18.48,64.06,4.33,3.01937,115.85,NA,NA,38.06941431670282,5.647058823529411,8.17,9.188,5939.2998046875
2025-06-06,19.1317,NA,8.747,NA,58061.41015625,61.2400016784668,6000.36,16.77,65.3,4.33,2.95884,115.38,NA,NA,42.46203904555315,4.941176470588235,8.18,9.193,6000.35986328125
2025-06-07,NA,NA,NA,NA,NA,NA,NA,NA,NA,4.33,2.95884,NA,NA,NA,38.80151843817787,3.5294117647058822,NA,NA,NA
2025-06-08,NA,NA,NA,NA,NA,NA,NA,NA,NA,4.33,2.95884,NA,NA,NA,30.74837310195228,2.8235294117647056,NA,NA,NA
2025-06-09,19.0595,NA,8.737,NA,57813.37890625,61.09000015258789,6005.88,17.16,65.99,4.33,2.96929,113.84,NA,NA,40.26572668112798,6.352941176470588,NA,9.179,6005.8798828125
2025-06-10,19.0518,8.1,8.7168,NA,58098.51171875,61.36000061035156,6038.81,16.95,65.66,4.33,2.93328,113.36,NA,NA,43.926247288503255,5.647058823529411,NA,9.16,6038.81005859375
2025-06-11,18.879,NA,8.737,NA,57767.328125,61.560001373291016,6022.24,17.26,68.91,4.33,2.87123,110.37,NA,NA,49.783080260303684,5.647058823529411,8.12,9.262,6022.240234375
2025-06-12,18.9068,NA,8.737,NA,57829.73828125,61.56999969482422,6045.26,18.02,68.73,4.33,2.89553,106.92,NA,NA,49.05097613882863,5.647058823529411,8.19,9.214,6045.259765625
2025-06-13,18.9302,NA,8.737,NA,57438.5703125,61.060001373291016,5976.97,20.82,73.84,4.33,2.88521,107.92,NA,NA,57.10412147505423,4.941176470588235,8.22,9.34,5976.97021484375
2025-06-14,NA,NA,NA,NA,NA,NA,NA,NA,NA,4.33,2.88521,NA,NA,NA,43.1941431670282,4.235294117647058,NA,NA,NA
2025-06-15,NA,NA,NA,NA,NA,NA,NA,NA,NA,4.33,2.88521,NA,NA,NA,40.26572668112798,2.8235294117647056,NA,NA,NA
2025-06-16,18.9083,NA,8.737,NA,57046.8515625,59.81999969482422,6033.11,19.11,72.53,4.33,2.84497,105.44,NA,NA,46.122559652928416,3.5294117647058822,NA,9.281,6033.10986328125
2025-06-17,18.9872,8.14,8.747,NA,56676.8203125,58.90999984741211,5982.72,21.6,75.62,4.33,2.91533,105.43,NA,NA,44.65835140997831,4.941176470588235,NA,9.271,5982.72021484375
2025-06-18,19.0047,NA,8.7571,NA,56729.5703125,58.970001220703125,5980.87,20.14,75.89,4.33,2.91439,107.42,NA,NA,53.44360086767896,4.235294117647058,8.15,9.271,5980.8701171875
2025-06-19,19.0898,NA,8.7671,NA,56068.16015625,NA,NA,22.17,NA,4.33,2.91439,108.9,NA,NA,50.51518438177874,3.5294117647058822,8.2,9.225,NA
2025-06-20,19.1458,NA,8.7571,NA,56264.69140625,58.11000061035156,5967.84,20.62,75.72,4.33,2.91325,107.41,NA,NA,44.65835140997831,4.235294117647058,8.21,9.3,5967.83984375
2025-06-21,NA,NA,NA,NA,NA,NA,NA,NA,NA,4.33,2.91325,NA,NA,NA,43.926247288503255,2.117647058823529,NA,NA,NA
2025-06-22,NA,NA,NA,NA,NA,NA,NA,NA,NA,4.33,2.91325,NA,NA,NA,59.30043383947939,2.117647058823529,NA,NA,NA
2025-06-23,19.1527,NA,8.7671,NA,56080.05859375,57.939998626708984,6025.17,19.83,69.36,4.33,2.93442,107.9,NA,NA,55.63991323210412,3.5294117647058822,NA,9.294,6025.169921875
2025-06-24,19.0267,8,8.7671,NA,56743.28125,59.209999084472656,6092.18,17.48,65.45,4.33,2.92318,104.94,NA,NA,57.10412147505423,4.941176470588235,8,9.44,6092.18017578125
2025-06-25,18.9203,NA,8.7873,NA,56933.19140625,59.68000030517578,6092.16,16.76,65.98,4.33,2.93075,104.94,NA,NA,51.24728850325379,4.235294117647058,7.99,9.192,6092.16015625
2025-06-26,18.8928,NA,8.7671,NA,57474.19140625,60.310001373291016,6141.02,16.59,66.44,4.33,2.92956,105.93,NA,NA,44.65835140997831,3.5294117647058822,8.03,9.17,6141.02001953125
2025-06-27,18.8483,NA,8.7772,NA,57391.51171875,60.31999969482422,6173.07,16.32,66.66,4.33,2.87365,108.41,NA,NA,46.122559652928416,3.5294117647058822,8.05,9.14,6173.06982421875
2025-06-28,NA,NA,NA,NA,NA,NA,NA,NA,NA,4.33,2.87365,NA,NA,NA,42.46203904555315,3.5294117647058822,NA,NA,NA
2025-06-29,NA,NA,NA,NA,NA,NA,NA,NA,NA,4.33,2.87365,NA,NA,NA,38.80151843817787,0,NA,NA,NA
2025-06-30,18.8332,NA,8.2842,NA,57450.87890625,60.560001373291016,6204.95,16.73,66.3,4.33,2.87324,106.92,NA,NA,47.58676789587852,4.235294117647058,NA,9.137,6204.9501953125
2025-07-01,18.765,7.7,8.3043,9.47,57813.8203125,61.119998931884766,6198.01,16.83,66.64,4.33,2.79764,106.43,47,4,47.195742711707545,4.428571428571429,7.7,9.097,6198.009765625
2025-07-02,18.754,NA,8.4049,NA,58346.71875,61.59000015258789,6227.42,16.64,68.66,4.33,2.79008,106.43,NA,NA,47.86996760758908,4.428571428571429,NA,9.146,6227.419921875
2025-07-03,18.6652,NA,8.2942,NA,57890.98828125,61.70000076293945,6279.35,16.38,68.13,4.33,2.70885,100.99,NA,NA,52.58954187875983,4.428571428571429,7.94,9.101,6279.35009765625
2025-07-04,18.6327,NA,8.264,NA,57977.76171875,NA,NA,17.48,NA,4.33,2.70885,100.98,NA,NA,51.24109208699676,2.9523809523809526,7.99,9.153,NA
2025-07-05,NA,NA,NA,NA,NA,NA,NA,NA,NA,4.33,2.70885,NA,NA,NA,40.45349375289218,2.2142857142857144,NA,NA,NA
2025-07-06,NA,NA,NA,NA,NA,NA,NA,NA,NA,4.33,2.70885,NA,NA,NA,41.127718648773715,3.6904761904761907,NA,NA,NA
2025-07-07,18.6698,NA,8.2238,NA,57423.3984375,61.11000061035156,6229.98,17.79,69.16,4.33,2.73349,103.96,NA,NA,44.4988431281814,2.9523809523809526,NA,9.227,6229.97998046875
2025-07-08,18.714,7.85,8.2439,NA,57183.3203125,60.88999938964844,6225.52,16.81,69.55,4.33,2.77447,103.96,NA,NA,47.195742711707545,4.428571428571429,8.04,9.257,6225.52001953125
2025-07-09,18.5733,NA,8.2439,NA,56687.5390625,60.279998779296875,6263.26,15.94,69.61,4.33,2.72273,100.98,NA,NA,46.52151781582601,5.904761904761905,7.87,9.214,6263.259765625
2025-07-10,18.6267,NA,8.2439,NA,56739.8984375,60.290000915527344,6280.46,15.78,67.78,4.33,2.73792,100.99,NA,NA,44.4988431281814,4.428571428571429,8.02,9.25,6280.4599609375
2025-07-11,18.6595,NA,8.2439,NA,56593.6484375,60.130001068115234,6259.75,16.4,69.63,4.33,2.72008,102.47,NA,NA,47.195742711707545,2.9523809523809526,8.02,9.234,6259.75
2025-07-12,NA,NA,NA,NA,NA,NA,NA,NA,NA,4.33,2.72008,NA,NA,NA,43.150393336418325,5.166666666666667,NA,NA,NA
2025-07-13,NA,NA,NA,NA,NA,NA,NA,NA,NA,4.33,2.72008,NA,NA,NA,37.082369273484495,4.428571428571429,NA,NA,NA
2025-07-14,18.751,NA,8.2439,NA,56362.671875,59.61000061035156,6268.56,17.2,68.19,4.33,2.72834,104.45,NA,NA,49.218417399352155,4.428571428571429,NA,NA,6268.56005859375
2025-07-15,18.8397,7.65,8.2339,NA,56482.91015625,59.380001068115234,6243.76,17.38,67.76,4.33,2.68891,103.96,NA,NA,65.39981490050903,6.642857142857143,7.66,9.444,6243.759765625
2025-07-16,18.7178,NA,8.2439,NA,56503.0390625,59.77000045776367,6263.7,17.16,67.13,4.33,2.80807,107.41,NA,NA,53.26376677464137,4.428571428571429,7.78,NA,6263.7001953125
2025-07-17,18.7685,NA,8.2439,NA,56714.921875,59.790000915527344,6297.36,16.52,68.76,4.33,2.84691,110.4,NA,NA,49.218417399352155,4.428571428571429,7.79,NA,6297.35986328125
2025-07-18,18.72,NA,8.2339,NA,56273.44921875,59.459999084472656,6296.79,16.41,68.53,4.33,2.8241,107.42,NA,NA,57.30911614993059,4.428571428571429,8.02,NA,6296.7900390625
2025-07-19,NA,NA,NA,NA,NA,NA,NA,NA,NA,4.33,2.8241,NA,NA,NA,44.4988431281814,3.6904761904761907,NA,NA,NA
2025-07-20,NA,NA,NA,NA,NA,NA,NA,NA,NA,4.33,2.8241,NA,NA,NA,37.082369273484495,0,NA,NA,NA
2025-07-21,18.6455,NA,8.2339,NA,55841.30078125,59.2400016784668,6305.6,16.65,68.39,4.33,2.76119,107.42,NA,NA,46.52151781582601,4.428571428571429,NA,NA,6305.60009765625
2025-07-22,18.6212,7.65,8.2339,NA,55517.80859375,59.029998779296875,6309.62,16.5,67.56,4.33,2.77478,113.35,NA,NA,40.45349375289218,3.6904761904761907,NA,NA,6309.6201171875
2025-07-23,18.5735,NA,8.254,NA,56478.8984375,60.470001220703125,6358.91,15.37,66.05,4.33,2.73118,115.36,NA,NA,45.84729291994447,4.428571428571429,8.2,9.444,6358.91015625
2025-07-24,18.5538,NA,8.2741,NA,57035.8984375,60.849998474121094,6363.35,15.39,67.16,4.33,2.71703,111.89,NA,NA,46.52151781582601,5.166666666666667,NA,NA,6363.35009765625
2025-07-25,18.557,NA,8.254,NA,57323.140625,61.04999923706055,6388.64,14.93,66.38,4.33,2.73298,113.37,NA,NA,46.52151781582601,3.6904761904761907,NA,NA,6388.64013671875
2025-07-26,NA,NA,NA,NA,NA,NA,NA,NA,NA,4.33,2.73298,NA,NA,NA,37.75659416936603,2.9523809523809526,NA,NA,NA
2025-07-27,NA,NA,NA,NA,NA,NA,NA,NA,NA,4.33,2.73298,NA,NA,NA,35.05969458583989,2.9523809523809526,NA,NA,NA
2025-07-28,18.7267,NA,8.264,NA,57083.55859375,60.060001373291016,6389.77,15.03,67.81,4.33,2.66855,113.37,NA,NA,49.218417399352155,4.428571428571429,NA,NA,6389.77001953125
2025-07-29,18.7642,7.48,8.2339,NA,57820.78125,60.93000030517578,6370.86,15.98,70.27,4.33,2.65074,110.88,NA,NA,67.42248958815364,5.166666666666667,8.2,9.444,6370.85986328125
2025-07-30,18.796,NA,8.2339,NA,57395.8515625,60.16999816894531,6362.9,15.48,71.09,4.33,2.62853,109.91,NA,NA,45.84729291994447,2.9523809523809526,NA,NA,6362.89990234375
2025-07-31,18.7963,NA,8.2339,NA,57397.9296875,60.13999938964844,6339.39,16.72,70.36,4.33,2.55631,107.42,NA,NA,49.218417399352155,3.6904761904761907,NA,NA,6339.39013671875
2025-08-01,18.916,NA,8.2439,9.14,56900.0703125,59.599998474121094,6238.01,20.38,68.39,4.33,2.68632,111.33,45,4,50.59585492227979,3.1794871794871797,7.91,9.144,6238.009765625
2025-08-02,NA,NA,NA,NA,NA,NA,NA,NA,NA,4.33,2.68632,NA,NA,NA,45.33914272256241,1.907692307692308,NA,NA,NA
2025-08-03,NA,NA,NA,NA,NA,NA,NA,NA,NA,4.33,2.68632,NA,NA,NA,38.11116344795101,1.907692307692308,NA,NA,NA
2025-08-04,18.8783,NA,8.3143,NA,56650.26171875,59.22999954223633,6329.94,17.52,67.33,4.33,2.61273,108.91,NA,NA,46.65332077249175,3.815384615384616,NA,NA,6329.93994140625
2025-08-05,18.762,7.5,8.2439,NA,57071.55859375,60.189998626708984,6299.19,17.85,66.2,4.33,2.62514,109.41,NA,NA,44.68205369759774,5.087179487179488,7.51,9.094,6299.18994140625
2025-08-06,18.6192,NA,8.2439,NA,57154.21875,60.7599983215332,6345.06,16.77,65.38,4.33,2.66537,107.43,NA,NA,44.68205369759774,4.4512820512820515,7.7,NA,6345.06005859375
2025-08-07,18.6765,NA,8.2439,NA,58260.87890625,61.650001525878906,6340,16.57,64.9,4.33,2.63064,103.96,NA,NA,45.996231747527084,5.087179487179488,7.72,NA,6340
2025-08-08,18.5518,NA,8.2439,NA,58070.171875,61.63999938964844,6389.45,15.15,64.94,4.33,2.60249,102.97,NA,NA,45.33914272256241,5.723076923076924,7.68,9.014,6389.4501953125
2025-08-09,NA,NA,NA,NA,NA,NA,NA,NA,NA,4.33,2.60249,NA,NA,NA,45.996231747527084,3.1794871794871797,NA,NA,NA
2025-08-10,NA,NA,NA,NA,NA,NA,NA,NA,NA,4.33,2.60249,NA,NA,NA,39.42534149788035,2.543589743589744,NA,NA,NA
2025-08-11,18.6683,NA,8.0025,NA,58342.87109375,61.540000915527344,6373.45,16.25,65.03,4.33,2.573,100.99,NA,NA,47.31040979745643,3.1794871794871797,NA,NA,6373.4501953125
2025-08-12,18.5657,7.38,8.0126,NA,58675.0390625,62.33000183105469,6445.76,14.73,64.22,4.33,2.5118,99.01,NA,NA,41.396608572774376,4.4512820512820515,7.65,9.024,6445.759765625
2025-08-13,18.6353,NA,8.0025,NA,58477.5703125,61.9900016784668,6466.58,14.49,63.68,4.33,2.47905,96.04,NA,NA,40.08243052284503,5.723076923076924,7.41,8.954,6466.580078125
2025-08-14,18.8137,NA,8.0025,NA,58167.26953125,60.9900016784668,6468.54,14.83,64.99,4.33,2.4351,96.52,NA,NA,41.396608572774376,4.4512820512820515,7.77,NA,6468.5400390625
2025-08-15,18.7295,NA,8.0126,NA,58320.48046875,61.34000015258789,6449.8,15.09,63.78,4.33,2.43846,96.53,NA,NA,44.68205369759774,3.815384615384616,NA,9.004,6449.7998046875
2025-08-16,NA,NA,NA,NA,NA,NA,NA,NA,NA,4.33,2.43846,NA,NA,NA,42.710786622703715,4.4512820512820515,NA,NA,NA
2025-08-17,NA,NA,NA,NA,NA,NA,NA,NA,NA,4.33,2.43846,NA,NA,NA,38.11116344795101,2.543589743589744,NA,NA,NA
2025-08-18,18.784,NA,8.0126,NA,58319.69921875,61.189998626708984,6449.15,14.99,64.51,4.33,2.4203,97.52,NA,NA,44.02496467263306,3.815384615384616,NA,NA,6449.14990234375
2025-08-19,18.7982,7.4,8.0327,NA,58462.7890625,61.25,6411.37,15.57,63.38,4.33,2.43157,97.52,NA,NA,45.996231747527084,5.087179487179488,7.63,8.984,6411.3701171875
2025-08-20,18.7572,NA,8.0126,NA,58221.46875,61.16999816894531,6395.78,15.69,64.19,4.33,2.49055,98.51,NA,NA,41.396608572774376,4.4512820512820515,7.68,NA,6395.77978515625
2025-08-21,18.7737,NA,8.0226,NA,58663.96875,61.54999923706055,6370.17,16.6,64.56,4.33,2.51818,98.51,NA,NA,42.710786622703715,5.087179487179488,7.69,NA,6370.169921875
2025-08-22,18.595,NA,8.0327,NA,59225.48046875,62.79999923706055,6466.91,14.22,64.08,4.33,2.49005,95.05,NA,NA,61.10927932171455,5.087179487179488,7.61,8.884,6466.91015625
2025-08-23,NA,NA,NA,NA,NA,NA,NA,NA,NA,4.33,2.49005,NA,NA,NA,54.53838907206782,2.543589743589744,NA,NA,NA
2025-08-24,NA,NA,NA,NA,NA,NA,NA,NA,NA,4.33,2.49005,NA,NA,NA,57.166745171926515,4.4512820512820515,NA,NA,NA
2025-08-25,18.6368,NA,8.0226,NA,58492.12890625,61.709999084472656,6439.32,14.79,65.18,4.33,2.4815,95.04,NA,NA,54.53838907206782,4.4512820512820515,NA,NA,6439.31982421875
2025-08-26,18.6843,7.27,8.0126,NA,58132.3984375,61.439998626708984,6465.94,14.62,63.6,4.33,2.5369,96.04,NA,NA,51.25294394724446,4.4512820512820515,NA,NA,6465.93994140625
2025-08-27,18.6912,NA,8.0226,NA,58647.51953125,61.939998626708984,6481.4,14.85,64.49,4.33,2.55007,96.04,NA,NA,53.224211022138476,5.723076923076924,NA,NA,6481.39990234375
2025-08-28,18.6522,NA,8.0327,NA,59151.6796875,62.52000045776367,6501.86,14.43,64.96,4.33,2.51466,96.03,NA,NA,38.11116344795101,5.723076923076924,7.67,8.864,6501.85986328125
2025-08-29,18.644,NA,8.0327,NA,58708.859375,61.939998626708984,6460.26,15.36,64.36,4.33,2.45165,96.43,NA,NA,37.45407442298634,3.1794871794871797,7.66,NA,6460.259765625
2025-08-30,NA,NA,NA,NA,NA,NA,NA,NA,NA,4.33,2.45165,NA,NA,NA,38.768252472915684,1.907692307692308,NA,NA,NA
2025-08-31,NA,NA,NA,NA,NA,NA,NA,NA,NA,4.33,2.45165,NA,NA,NA,32.197362223268954,2.543589743589744,NA,NA,NA
2025-09-01,18.646,NA,8.0427,8.79,58865.03125,NA,NA,16.12,NA,4.33,2.45165,96.26,35,5,39.424280350438046,5.121951219512195,NA,NA,NA
2025-09-02,18.7072,7.35,8.1132,NA,59747.87890625,62.90999984741211,6415.54,17.17,65.95,4.33,2.40034,98.17,NA,NA,36.79599499374218,7.317073170731707,7.62,8.774,6415.5400390625
2025-09-03,18.6873,NA,8.0226,NA,59651.5703125,62.79999923706055,6448.26,16.35,64.36,4.33,2.38064,98.01,NA,NA,33.51063829787234,6.585365853658536,7.51,8.814,6448.259765625
2025-09-04,18.7577,NA,8.0226,NA,59867.62109375,63.06999969482422,6502.08,15.3,63.81,4.33,2.37339,95.18,NA,NA,36.13892365456821,4.390243902439025,7.67,NA,6502.080078125
2025-09-05,18.6792,NA,8.0226,NA,60479.76171875,63.83000183105469,6481.5,15.18,62.22,4.33,2.35393,95.68,NA,NA,37.453066332916144,5.853658536585366,7.66,8.724,6481.5
2025-09-06,NA,NA,NA,NA,NA,NA,NA,NA,NA,4.33,2.35393,NA,NA,NA,40.73842302878598,4.390243902439025,NA,NA,NA
2025-09-07,NA,NA,NA,NA,NA,NA,NA,NA,NA,4.33,2.35393,NA,NA,NA,32.85356695869837,2.1951219512195124,NA,NA,NA
2025-09-08,18.655,NA,8.0226,NA,60649.76171875,64.1500015258789,6495.15,15.11,62.6,4.33,2.36939,94.35,NA,NA,35.48185231539424,5.121951219512195,7.66,NA,6495.14990234375
2025-09-09,18.6353,7.35,8.0126,NA,60679.53125,64.26000213623047,6512.61,15.04,62.97,4.33,2.29085,94.68,NA,NA,36.79599499374218,6.585365853658536,7.56,NA,6512.60986328125
2025-09-10,18.592,NA,8.0126,NA,60489.19140625,64.279998779296875,6532.04,15.35,64.01,4.33,2.22423,89.86,NA,NA,32.196495619524406,7.317073170731707,7.37,8.734,6532.0400390625
2025-09-11,18.5287,NA,8.0126,NA,61553.578125,65.70999908447266,6587.47,14.71,62.71,4.33,2.19128,86.71,NA,NA,32.196495619524406,8.048780487804878,NA,NA,6587.47021484375
2025-09-12,18.4757,NA,8.0126,NA,61798.94140625,66.12000274658203,6584.29,14.76,63.02,4.33,2.18895,88.2,NA,NA,36.79599499374218,5.121951219512195,7.55,8.564,6584.2900390625
2025-09-13,NA,NA,NA,NA,NA,NA,NA,NA,NA,4.33,2.18895,NA,NA,NA,32.85356695869837,2.926829268292683,NA,NA,NA
2025-09-14,NA,NA,NA,NA,NA,NA,NA,NA,NA,4.33,2.18895,NA,NA,NA,31.53942428035044,2.1951219512195124,NA,NA,NA
2025-09-15,18.3635,7.25,8.0126,NA,62102.12890625,66.7699966430664,6615.28,15.69,63.66,4.33,2.21395,87.7,NA,NA,35.48185231539424,3.6585365853658534,NA,NA,6615.27978515625
2025-09-16,NA,NA,NA,NA,NA,66.80000305175781,6606.76,16.36,64.89,4.33,2.21635,87.37,NA,NA,37.453066332916144,3.6585365853658534,NA,NA,6606.759765625
2025-09-17,18.3257,NA,8.0226,NA,61596.23046875,66.529998779296875,6600.35,15.72,64.41,4.33,2.19573,86.54,NA,NA,38.11013767209011,4.390243902439025,NA,NA,6600.35009765625
2025-09-18,18.361,NA,8.0226,NA,61323.94921875,65.94999694824219,6631.96,15.7,63.91,4.08,2.17252,85.71,NA,NA,33.51063829787234,6.585365853658536,NA,8.624,6631.9599609375
2025-09-19,18.3892,NA,8.0327,NA,61200.26953125,66.0999984741211,6664.36,15.45,63.02,4.08,2.20566,86.21,NA,NA,38.11013767209011,5.853658536585366,7.57,8.55,6664.35986328125
2025-09-20,NA,NA,NA,NA,NA,NA,NA,NA,NA,4.08,2.20566,NA,NA,NA,34.16770963704631,4.390243902439025,NA,NA,NA
2025-09-21,NA,NA,NA,NA,NA,NA,NA,NA,NA,4.08,2.20566,NA,NA,NA,32.196495619524406,2.926829268292683,NA,NA,NA
2025-09-22,18.4082,NA,8.0427,NA,62004.109375,66.9000015258789,6693.75,16.1,62.99,4.09,2.18671,93.68,NA,NA,38.76720901126408,4.390243902439025,7.52,8.59,6693.75
2025-09-23,18.3232,7.2,8.0629,NA,62368.19140625,67.43000030517578,6656.92,16.64,63.76,4.09,2.18333,92.69,NA,NA,34.824780976220275,6.585365853658536,7.21,8.57,6656.919921875
2025-09-24,18.4312,NA,8.0629,NA,61905.94921875,66.470001220703125,6637.97,16.18,65.4,4.09,2.14248,94.36,NA,NA,33.51063829787234,5.853658536585366,7.26,8.54,6637.97021484375
2025-09-25,18.4457,NA,8.0427,NA,61945.0390625,66.18000030517578,6604.72,16.74,65.51,4.09,2.14688,93.52,NA,NA,33.51063829787234,5.853658536585366,NA,8.52,6604.72021484375
2025-09-26,18.3825,NA,8.0629,NA,62307.0703125,67.13999938964844,6643.7,15.29,66.5,4.09,2.15312,93.44,NA,NA,36.79599499374218,6.585365853658536,NA,8.55,6643.7001953125
2025-09-27,NA,NA,NA,NA,NA,NA,NA,NA,NA,4.09,2.15312,NA,NA,NA,33.51063829787234,3.6585365853658534,NA,NA,NA
2025-09-28,NA,NA,NA,NA,NA,NA,NA,NA,NA,4.09,2.15312,NA,NA,NA,28.911138923654566,3.6585365853658534,NA,NA,NA
2025-09-29,18.3507,NA,7.8315,NA,62610.12109375,67.45999908447266,6661.21,16.12,64.27,4.09,2.1531,91.36,NA,NA,34.16770963704631,4.390243902439025,NA,8.62,6661.2099609375
2025-09-30,18.3342,7.19,7.8818,NA,62915.5703125,68.20999908447266,6688.46,16.28,63.17,4.09,2.13217,90.87,NA,NA,32.196495619524406,4.390243902439025,7.51,8.594,6688.4599609375
2025-10-01,18.3477,NA,7.8617,8.71,61929.71875,66.779998779296875,6711.2,16.29,62.59,4.09,2.1633,90.37,37,5,36.671403197158085,4.717391304347826,7.22,8.59,6711.2001953125
2025-10-02,18.4843,NA,8.1132,NA,62220.30859375,66.9000015258789,6715.35,16.63,61.28,4.09,2.16176,89.2,NA,NA,35.99230313795145,5.391304347826087,7.51,8.654,6715.35009765625
2025-10-03,18.3902,NA,7.8617,NA,61984.4296875,66.80999755859375,6715.79,16.65,61.65,4.09,2.10173,88.2,NA,NA,38.708703374777976,5.391304347826087,NA,8.674,6715.7900390625
2025-10-04,NA,NA,NA,NA,NA,NA,NA,NA,NA,4.09,2.10173,NA,NA,NA,36.671403197158085,4.043478260869565,NA,NA,NA
2025-10-05,NA,NA,NA,NA,NA,NA,NA,NA,NA,4.09,2.10173,NA,NA,NA,32.5968028419183,3.369565217391304,NA,NA,NA
2025-10-06,18.3528,NA,7.8516,NA,60404.19140625,65.44000244140625,6740.28,16.37,62.49,4.09,2.09223,87.04,NA,NA,44.14150384843103,4.043478260869565,7.5,8.674,6740.27978515625
2025-10-07,18.3762,7.47,7.8114,NA,60215.75,65.04000091552734,6714.59,17.24,62.52,4.09,2.12525,88.04,NA,NA,35.31320307874482,4.043478260869565,7.41,8.67,6714.58984375
2025-10-08,18.3477,NA,7.7812,NA,60888.55859375,65.7300033569336,6753.72,16.3,63.37,4.1,2.12677,87.04,NA,NA,36.671403197158085,6.739130434782608,7.48,8.67,6753.72021484375
2025-10-09,18.383,NA,7.7913,NA,60819.30859375,65.41999816894531,6735.11,16.43,62.36,4.1,2.1557,89.04,NA,NA,35.31320307874482,5.391304347826087,8.2,8.67,6735.10986328125
2025-10-10,18.5567,NA,7.7712,NA,60568.9296875,64.38999938964844,6552.51,21.66,59.75,4.1,2.30385,98.34,NA,NA,36.671403197158085,6.065217391304348,NA,8.6,6552.509765625
2025-10-11,NA,NA,NA,NA,NA,NA,NA,NA,NA,4.1,2.30385,NA,NA,NA,40.74600355239787,4.717391304347826,NA,NA,NA
2025-10-12,NA,NA,NA,NA,NA,NA,NA,NA,NA,4.1,2.30385,NA,NA,NA,35.99230313795145,2.6956521739130435,NA,NA,NA
2025-10-13,18.44,NA,7.7913,NA,61045.08984375,65.470001220703125,6654.72,19.03,NA,4.1,2.30385,98.84,NA,NA,38.02960331557135,4.717391304347826,7.46,8.564,6654.72021484375
2025-10-14,18.522,7.4,7.7812,NA,60785.62109375,64.839996337890625,6644.31,20.81,59.52,4.1,2.29463,96.68,NA,NA,38.02960331557135,6.065217391304348,7.41,8.564,6644.31005859375
2025-10-15,18.4808,NA,7.7913,NA,61637.5390625,65.87000274658203,6671.06,20.64,59.08,4.1,2.24244,94.19,NA,NA,41.425103611604506,4.717391304347826,7.42,8.56,6671.06005859375
2025-10-16,18.4108,NA,7.7913,NA,62544.55859375,67.05000305175781,6629.07,25.31,58.29,4.11,2.2847,97.68,NA,NA,38.02960331557135,5.391304347826087,7.47,8.5,6629.06982421875
2025-10-17,18.407,NA,7.7913,NA,61743.921875,66.12999725341797,6664.01,20.78,58.3,4.11,2.27299,96.84,NA,NA,37.35050325636472,5.391304347826087,NA,8.49,6664.009765625
2025-10-18,NA,NA,NA,NA,NA,NA,NA,NA,NA,4.11,2.27299,NA,NA,NA,37.35050325636472,2.6956521739130435,NA,NA,NA
2025-10-19,NA,NA,NA,NA,NA,NA,NA,NA,NA,4.11,2.27299,NA,NA,NA,30.559502664298403,4.043478260869565,NA,NA,NA
2025-10-20,18.4032,NA,7.7812,NA,61672.3515625,65.94000244140625,6735.13,18.23,58.34,4.11,2.25794,94.85,NA,NA,38.02960331557135,4.717391304347826,8.2,8.54,6735.1298828125
2025-10-21,18.4252,7.1,7.7712,NA,60773.78125,65.06999969482422,6735.35,17.87,58.66,4.11,2.21263,92.36,NA,NA,33.95500296033156,8.08695652173913,7.37,8.56,6735.35009765625
2025-10-22,18.4333,NA,7.7812,NA,61308.19921875,65.51000213623047,6699.4,18.6,59.3,4.11,2.24633,95.26,NA,NA,36.671403197158085,6.739130434782608,7.15,8.524,6699.39990234375
2025-10-23,18.4033,NA,7.7812,NA,61511.94921875,66.0199966430664,6738.44,17.3,62.44,4.11,2.21637,94.76,NA,NA,35.99230313795145,7.413043478260869,7.27,8.52,6738.43994140625
2025-10-24,18.3948,NA,7.7812,NA,61145.48828125,65.37000274658203,6791.69,16.37,62.27,4.11,2.19829,93.68,NA,NA,35.99230313795145,6.065217391304348,NA,8.604,6791.68994140625
2025-10-25,NA,NA,NA,NA,NA,NA,NA,NA,NA,4.11,2.19829,NA,NA,NA,37.35050325636472,4.043478260869565,NA,NA,NA
2025-10-26,NA,NA,NA,NA,NA,NA,NA,NA,NA,4.11,2.19829,NA,NA,NA,33.95500296033156,3.369565217391304,NA,NA,NA
2025-10-27,18.3892,NA,7.7913,NA,61860.30078125,66.33000183105469,6875.16,15.79,62.13,4.12,2.17602,89.2,NA,NA,37.35050325636472,4.717391304347826,NA,8.6,6875.16015625
2025-10-28,18.4145,7.1,7.7913,NA,62795.23828125,67.0999984741211,6890.89,16.42,60.97,4.12,2.19261,90.03,NA,NA,32.5968028419183,4.043478260869565,7.29,8.59,6890.89013671875
2025-10-29,18.4072,NA,7.8114,NA,63352.8515625,67.43000030517578,6890.59,16.92,61.26,4.12,2.12559,90.2,NA,NA,38.02960331557135,6.739130434782608,7.11,8.55,6890.58984375
2025-10-30,18.538,NA,7.8215,NA,62889.859375,66.7300033569336,6822.34,16.91,61.36,3.87,2.1562,92.69,NA,NA,36.671403197158085,4.717391304347826,7.24,8.64,6822.33984375
2025-10-31,18.5725,NA,7.7812,NA,62769.1796875,66.529998779296875,6840.2,17.44,61.75,3.86,2.11753,92.03,NA,NA,44.14150384843103,4.717391304347826,7.23,8.66,6840.2001953125
2025-11-01,NA,NA,NA,8.96,NA,NA,NA,NA,NA,3.86,2.11753,NA,37,5,34.56287425149701,3.164556962025316,NA,NA,NA
2025-11-02,NA,NA,NA,NA,NA,NA,NA,NA,NA,3.86,2.11753,NA,NA,NA,33.89820359281437,2.531645569620253,NA,NA,NA
2025-11-03,18.4835,NA,7.7812,NA,62653.890625,66.2300033569336,6851.97,17.17,61.79,3.87,2.14526,92.19,NA,NA,33.23353293413174,5.696202531645569,NA,8.65,6851.97021484375
2025-11-04,18.6133,7.3,7.8718,NA,62390.73046875,65.6500015258789,6771.55,19,61.38,3.87,2.21491,93.53,NA,NA,38.550898203592816,4.430379746835443,7.21,8.67,6771.5498046875
2025-11-05,18.5947,NA,7.7812,NA,63378.51171875,67.18000030517578,6796.29,18.01,60.4,3.87,2.17907,94.02,NA,NA,38.550898203592816,6.329113924050632,7.31,8.67,6796.2900390625
2025-11-06,18.6233,NA,7.7712,NA,63093.12109375,66.970001220703125,6720.32,19.5,60.24,3.87,2.23508,96.52,NA,NA,37.221556886227546,6.962025316455695,NA,8.69,6720.31982421875
2025-11-07,18.5,NA,7.7611,NA,63376.12890625,67.81999969482422,6728.8,19.08,60.54,3.87,2.25411,99.18,NA,NA,41.874251497005986,6.329113924050632,NA,8.68,6728.7998046875
2025-11-08,NA,NA,NA,NA,NA,NA,NA,NA,NA,3.87,2.25411,NA,NA,NA,35.227544910179645,3.164556962025316,NA,NA,NA
2025-11-09,NA,NA,NA,NA,NA,NA,NA,NA,NA,3.87,2.25411,NA,NA,NA,29.24550898203593,4.430379746835443,NA,NA,NA
2025-11-10,18.3922,NA,7.5097,NA,63094.01171875,67.910003662109375,6832.43,17.6,60.94,3.87,2.2062,97.99,NA,NA,37.221556886227546,4.430379746835443,NA,8.76,6832.43017578125
2025-11-11,18.3333,7.05,7.5097,NA,64321.26953125,69.339996337890625,6846.61,17.28,NA,3.87,2.2062,95.85,NA,NA,35.89221556886228,4.430379746835443,NA,8.78,6846.60986328125
2025-11-12,18.2982,NA,7.5097,NA,63190.66015625,68.160003662109375,6850.92,17.51,59.3,3.87,2.23381,95.18,NA,NA,37.221556886227546,4.430379746835443,NA,8.8,6850.919921875
2025-11-13,18.2805,NA,7.5198,NA,62529.44140625,67.37999725341797,6737.49,20,59.54,3.88,2.2093,96.68,NA,NA,38.550898203592816,5.696202531645569,NA,8.75,6737.490234375
2025-11-14,18.3262,NA,7.5198,NA,62328.62890625,67.220001220703125,6734.11,19.83,60.87,3.88,2.20468,98.51,NA,NA,36.55688622754491,6.329113924050632,NA,8.75,6734.10986328125
2025-11-15,NA,NA,NA,NA,NA,NA,NA,NA,NA,3.88,2.20468,NA,NA,NA,33.23353293413174,4.430379746835443,NA,NA,NA
2025-11-16,NA,NA,NA,NA,NA,NA,NA,NA,NA,3.88,2.20468,NA,NA,NA,34.56287425149701,3.7974683544303796,NA,NA,NA
2025-11-17,NA,NA,NA,NA,NA,65.87000274658203,6672.41,22.38,60.66,3.88,2.21526,98.34,NA,NA,39.880239520958085,2.531645569620253,NA,8.76,6672.41015625
2025-11-18,18.3728,7.25,7.5097,NA,61984.44921875,66.66999816894531,6617.32,24.69,61.51,3.88,2.25983,101.34,NA,NA,37.221556886227546,5.063291139240506,NA,8.76,6617.31982421875
2025-11-19,18.341,NA,7.5198,NA,62080.578125,66.7699966430664,6642.16,23.66,60.27,3.88,2.26371,100.16,NA,NA,37.886227544910184,6.962025316455695,NA,8.73,6642.16015625
2025-11-20,18.355,NA,7.5198,NA,61672.19140625,66.0199966430664,6538.76,26.42,60.07,3.88,2.28371,99.17,NA,NA,36.55688622754491,5.696202531645569,NA,8.75,6538.759765625
2025-11-21,18.4965,NA,7.5801,NA,61877.26953125,66.04000091552734,6602.99,23.43,58.86,3.88,2.31236,102.33,NA,NA,38.550898203592816,5.696202531645569,7.16,8.82,6602.990234375
2025-11-22,NA,NA,NA,NA,NA,NA,NA,NA,NA,3.88,2.31236,NA,NA,NA,38.550898203592816,4.430379746835443,NA,NA,NA
2025-11-23,NA,NA,NA,NA,NA,NA,NA,NA,NA,3.88,2.31236,NA,NA,NA,36.55688622754491,2.531645569620253,NA,NA,NA
2025-11-24,18.4997,NA,7.56,NA,62522.609375,66.55000305175781,6705.12,20.52,59.11,3.88,2.32579,101.65,NA,NA,38.550898203592816,5.696202531645569,NA,8.84,6705.1201171875
2025-11-25,18.4308,7.15,7.5701,NA,63214.55859375,67.75,6765.88,18.56,58.25,3.88,2.33604,101,NA,NA,38.550898203592816,7.594936708860759,7.14,8.83,6765.8798828125
2025-11-26,18.356,NA,7.56,NA,63242.7109375,67.87999725341797,6812.61,17.19,58.81,3.88,2.34548,98.66,NA,NA,37.221556886227546,5.696202531645569,NA,8.79,6812.60986328125
2025-11-27,18.3467,NA,7.6203,NA,62694.73046875,NA,NA,17.21,NA,3.88,2.34548,97.84,NA,NA,38.550898203592816,5.696202531645569,7.19,8.694,NA
2025-11-28,18.3075,NA,7.6103,NA,63596.78125,68.41999816894531,6849.09,16.35,58.58,3.89,2.29806,97.84,NA,NA,36.55688622754491,6.329113924050632,7.18,8.69,6849.08984375
2025-11-29,NA,NA,NA,NA,NA,NA,NA,NA,NA,3.89,2.29806,NA,NA,NA,43.20359281437126,5.063291139240506,NA,NA,NA
2025-11-30,NA,NA,NA,NA,NA,NA,NA,NA,NA,3.89,2.29806,NA,NA,NA,36.55688622754491,4.430379746835443,NA,NA,NA
2025-12-01,18.2757,NA,7.6103,9.2,63551.12890625,68.45999908447266,6812.63,17.24,59.47,3.89,2.26561,97.34,48,6,41.96095444685466,6,NA,8.72,6812.6298828125
2025-12-02,18.291,7.29,7.6907,NA,63820.609375,68.70999908447266,6829.37,16.59,58.81,3.89,2.23694,94.51,NA,NA,42.60650759219089,7.5,NA,8.76,6829.3701171875
2025-12-03,18.2642,NA,7.5801,NA,63597.44140625,68.43000030517578,6849.72,16.08,59.09,3.89,2.20065,92.52,NA,NA,38.73318872017353,10.5,7.31,8.72,6849.72021484375
2025-12-04,18.2293,NA,7.56,NA,63714.859375,68.81999969482422,6857.12,15.78,59.82,3.89,2.20925,93.36,NA,NA,35.5054229934924,10.5,7.29,8.66,6857.1201171875
2025-12-05,18.186,NA,7.5299,NA,63378.30078125,68.68000030517578,6870.4,15.41,60.23,3.89,2.21933,93.02,NA,NA,56.16312364425162,9,7.27,8.69,6870.39990234375
2025-12-06,NA,NA,NA,NA,NA,NA,NA,NA,NA,3.89,2.21933,NA,NA,NA,40.02429501084598,5.25,NA,NA,NA
2025-12-07,NA,NA,NA,NA,NA,NA,NA,NA,NA,3.89,2.21933,NA,NA,NA,34.21431670281996,5.25,NA,NA,NA
2025-12-08,18.2367,NA,7.4997,NA,63528,68.63999938964844,6846.51,16.66,59.04,3.89,2.24073,94.02,NA,NA,44.54316702819956,8.25,NA,8.83,6846.509765625
2025-12-09,18.194,7.25,7.4896,NA,63694.6796875,69.2699966430664,6840.51,16.93,58.4,3.89,2.2808,95.35,NA,NA,46.47982646420824,9,7.26,8.8,6840.509765625
2025-12-10,18.2085,NA,7.4997,NA,63409.3984375,69.04000091552734,6886.68,15.77,58.67,3.89,2.29542,96.51,NA,NA,41.315401301518435,6.75,7.24,8.974,6886.68017578125
2025-12-11,18.0543,NA,7.5097,NA,64712.0703125,71.05999755859375,6901,14.85,57.76,3.64,2.251,94.68,NA,NA,45.834273318872015,7.5,7.22,8.974,6901
2025-12-12,NA,NA,NA,NA,NA,70.69000244140625,6827.41,15.74,57.61,3.64,2.19972,92.69,NA,NA,48.41648590021691,5.25,NA,8.97,6827.41015625
2025-12-13,NA,NA,NA,NA,NA,NA,NA,NA,NA,3.64,2.19972,NA,NA,NA,50.99869848156182,4.5,NA,NA,NA
2025-12-14,NA,NA,NA,NA,NA,NA,NA,NA,NA,3.64,2.19972,NA,NA,NA,48.41648590021691,3.75,NA,NA,NA
2025-12-15,17.9925,NA,7.5097,NA,64326.16015625,70.4800033569336,6816.51,16.5,56.97,3.64,2.17401,92.03,NA,NA,51.64425162689804,6,7.21,9.014,6816.509765625
2025-12-16,17.9525,7.15,7.5097,NA,63230.87109375,68.279998779296875,6800.26,16.48,55.44,3.64,2.20666,91.69,NA,NA,53.58091106290672,7.5,7.21,9.01,6800.259765625
2025-12-17,18.02,NA,7.5198,NA,62528.05859375,67.44999694824219,6721.43,17.62,56.07,3.64,2.2321,92.69,NA,NA,56.16312364425162,6,7.17,8.98,6721.43017578125
2025-12-18,17.9792,NA,7.5399,NA,63807.3203125,68.75,6774.76,16.87,56.22,3.64,2.2467800000000002,92.19,NA,NA,47.77093275488069,6.75,7.21,8.91,6774.759765625
2025-12-19,18.0065,NA,7.5299,NA,63966.98046875,68.8499984741211,6834.5,14.91,56.8,3.64,2.21104,91.52,NA,NA,49.06203904555314,6,6.98,8.89,6834.5
2025-12-20,NA,NA,NA,NA,NA,NA,NA,NA,NA,3.64,2.21104,NA,NA,NA,48.41648590021691,3.75,NA,NA,NA
2025-12-21,NA,NA,NA,NA,NA,NA,NA,NA,NA,3.64,2.21104,NA,NA,NA,46.47982646420824,3,NA,NA,NA
2025-12-22,17.9785,7.04,7.2584,NA,64778.1796875,69.94999694824219,6878.49,14.08,58.18,3.64,2.21248,91.03,NA,NA,51.64425162689804,6,NA,9.03,6878.490234375
2025-12-23,17.9332,NA,7.3187,NA,65595.40625,71.04000091552734,6909.79,14,58.55,3.64,2.21871,90.86,NA,NA,55.5175704989154,6,7.05,8.99,6909.7900390625
2025-12-24,17.9248,NA,7.3388,NA,65616.4296875,70.94999694824219,6932.05,13.47,58.72,3.64,2.23448,90.53,NA,NA,48.41648590021691,4.5,7.08,8.96,6932.0498046875
2025-12-25,NA,NA,NA,NA,NA,NA,NA,NA,NA,3.64,2.23448,90.53,NA,NA,48.41648590021691,0,NA,NA,NA
2025-12-26,17.9042,NA,7.3388,NA,65636.359375,71.1500015258789,6929.94,13.6,56.6,3.64,2.23651,90.53,NA,NA,53.58091106290672,5.25,NA,8.98,6929.93994140625
2025-12-27,NA,NA,NA,NA,NA,NA,NA,NA,NA,3.64,2.23651,NA,NA,NA,58.0997830802603,4.5,NA,NA,NA
2025-12-28,NA,NA,NA,NA,NA,NA,NA,NA,NA,3.64,2.23651,NA,NA,NA,53.58091106290672,2.25,NA,NA,NA
2025-12-29,17.9667,7.07,7.3589,NA,65347.078125,70.51000213623047,6905.74,14.2,57.89,3.64,2.24632,90.53,NA,NA,48.41648590021691,7.5,NA,8.99,6905.740234375
2025-12-30,17.9528,NA,7.3489,NA,64366.69921875,69.48999786376953,6896.24,14.33,57.79,3.64,2.24217,90.53,NA,NA,50.99869848156182,6,NA,9,6896.240234375
2025-12-31,18.0012,NA,7.3489,NA,64308.2890625,69.33000183105469,6845.5,14.95,57.26,3.64,2.21862,90.69,NA,NA,50.99869848156182,6,NA,8.95,6845.5
2026-01-01,NA,NA,NA,9.21,NA,NA,NA,NA,NA,3.64,2.21862,90.37,55,7,54.717586649550704,5.244712990936556,NA,8.95,NA
2026-01-02,17.8803,NA,7.379,NA,64141.359375,69.660003662109375,6858.47,14.51,57.21,3.64,2.1911,90.7,NA,NA,56.176722293538724,10.489425981873111,NA,8.91,6858.47021484375
2026-01-03,NA,NA,NA,NA,NA,NA,NA,NA,NA,3.64,2.1911,NA,NA,NA,72.95678219940093,9.178247734138973,NA,NA,NA
2026-01-04,NA,NA,NA,NA,NA,NA,NA,NA,NA,3.64,2.1911,NA,NA,NA,61.28369704749679,5.244712990936556,NA,NA,NA
2026-01-05,17.8905,NA,7.56,NA,65014.37109375,70.58000183105469,6902.05,14.9,58.1,3.64,2.22375,91.78,NA,NA,64.93153615746684,12.456193353474319,NA,8.9,6902.0498046875
2026-01-06,17.9697,7.07,7.2886,NA,65022.23828125,70.04000091552734,6944.82,14.75,56.97,3.64,2.21624,89.69,NA,NA,57.635857937526744,11.80060422960725,7.1,8.734,6944.81982421875
2026-01-07,17.9587,NA,7.2886,NA,64871.69921875,69.91999816894531,6920.93,15.38,56.01,3.64,2.25489,89.37,NA,NA,51.799315361574664,9.833836858006041,7.1,8.73,6920.93017578125
2026-01-08,17.9807,NA,7.2685,NA,65521.01171875,70.4800033569336,6921.46,15.45,57.74,3.64,2.24309,90.7,NA,NA,47.42190842961061,9.833836858006041,7.1,8.734,6921.4599609375
2026-01-09,17.9842,NA,7.2484,NA,66062.6171875,71.05999755859375,6966.28,14.49,58.96,3.64,2.25884,90.19,NA,NA,59.09499358151476,9.833836858006041,7.1,9.1,6966.27978515625
2026-01-10,NA,NA,NA,NA,NA,NA,NA,NA,NA,3.64,2.25884,NA,NA,NA,48.88104407359863,5.244712990936556,NA,NA,NA
2026-01-11,NA,NA,NA,NA,NA,NA,NA,NA,NA,3.64,2.25884,NA,NA,NA,40.85579803166453,1.9667673716012084,NA,NA,NA
2026-01-12,17.9075,NA,7.2484,NA,66745.609375,72.05999755859375,6977.27,15.12,59.39,3.64,2.26519,89.53,NA,NA,43.77406931964056,8.522658610271904,7.08,9.1,6977.27001953125
2026-01-13,17.854,6.99,7.2584,NA,66337.421875,71.970001220703125,6963.74,15.98,60.85,3.64,2.30198,90.7,NA,NA,51.06974753958065,8.522658610271904,7.08,9.1,6963.740234375
2026-01-14,17.8167,NA,7.2584,NA,67403.078125,73.37999725341797,6926.6,16.75,61.84,3.64,2.30551,92.45,NA,NA,50.34017971758665,8.522658610271904,NA,9.1,6926.60009765625
2026-01-15,17.6897,NA,7.2584,NA,66649.28125,73.25,6944.47,15.84,59.13,3.64,2.25124,90.69,NA,NA,53.258451005562684,8.522658610271904,NA,9.1,6944.47021484375
2026-01-16,17.6867,NA,7.2584,NA,67141.109375,74,6940.01,15.86,59.4,3.64,2.22468,91.2,NA,NA,64.20196833547283,6.555891238670695,7.11,9.1,6940.009765625
2026-01-17,NA,NA,NA,NA,NA,NA,NA,NA,NA,3.64,2.22468,NA,NA,NA,63.47240051347882,3.933534743202417,NA,NA,NA
2026-01-18,NA,NA,NA,NA,NA,NA,NA,NA,NA,3.64,2.22468,NA,NA,NA,48.88104407359863,4.589123867069486,NA,NA,NA
2026-01-19,17.599,NA,7.2584,NA,67467.8203125,NA,NA,18.84,NA,3.64,2.22468,91.19,NA,NA,46.6923406076166,7.211480362537764,NA,9.1,NA
2026-01-20,17.6008,7,7.2584,NA,67683.3828125,74.61000061035156,6796.86,20.09,60.3,3.64,2.22612,91.53,NA,NA,59.09499358151476,7.211480362537764,NA,9.1,6796.85986328125
2026-01-21,17.452,NA,7.2685,NA,68036.1328125,75.36000061035156,6875.62,16.9,60.38,3.64,2.14227,90.36,NA,NA,57.635857937526744,5.900302114803625,7.12,9.21,6875.6201171875
2026-01-22,17.4828,NA,7.2785,NA,68347.9765625,75.75,6913.35,15.64,59.24,3.64,2.18627,88.7,NA,NA,53.258451005562684,9.178247734138973,NA,9.08,6913.35009765625
2026-01-23,17.4545,NA,7.2986,NA,68195.1484375,76.08000183105469,6915.61,16.09,60.7,3.64,2.19225,88.87,NA,NA,48.15147625160462,4.589123867069486,7.1,8.97,6915.60986328125
2026-01-24,NA,NA,NA,NA,NA,NA,NA,NA,NA,3.64,2.19225,NA,NA,NA,45.96277278562259,4.589123867069486,NA,NA,NA
2026-01-25,NA,NA,NA,NA,NA,NA,NA,NA,NA,3.64,2.19225,NA,NA,NA,42.31493367565255,2.622356495468278,NA,NA,NA
2026-01-26,17.283,NA,7.3087,NA,68706.03125,76.69999694824219,6950.23,16.15,60.46,3.64,2.15738,89.2,NA,NA,53.258451005562684,6.555891238670695,NA,8.95,6950.22998046875
2026-01-27,17.2357,6.95,7.3489,NA,68877.640625,77.86000061035156,6978.6,16.35,62.04,3.64,2.17598,88.87,NA,NA,60.55412922550278,6.555891238670695,7.09,8.97,6978.60009765625
2026-01-28,17.2322,NA,7.3489,NA,69959.7265625,78.7300033569336,6978.03,16.35,62.75,3.64,2.19705,89.03,NA,NA,64.20196833547283,5.900302114803625,6.98,8.95,6978.02978515625
2026-01-29,17.2532,NA,7.3589,NA,69492.4296875,78.44999694824219,6969.01,16.88,64.77,3.64,2.18538,89.03,NA,NA,64.93153615746684,5.900302114803625,NA,8.97,6969.009765625
2026-01-30,17.331,NA,7.2986,NA,67598.953125,75.12000274658203,6939.03,17.44,64.5,3.64,2.14302,88.2,NA,NA,65.66110397946085,5.244712990936556,NA,8.92,6939.02978515625
2026-01-31,NA,NA,NA,NA,NA,NA,NA,NA,NA,3.64,2.14302,NA,NA,NA,52.528883183568674,5.244712990936556,NA,NA,NA
2026-02-01,NA,NA,NA,8.74,NA,NA,NA,NA,NA,3.64,2.14302,NA,50,5,48.46153846153847,3.3816425120772946,NA,NA,NA
2026-02-02,NA,NA,NA,NA,NA,75.43000030517578,6976.44,16.34,61.6,3.64,2.14302,88.37,NA,NA,57.69230769230769,3.3816425120772946,NA,8.93,6976.43994140625
2026-02-03,17.235,6.9,7.2785,NA,69735.0625,78.76000213623047,6917.81,18,62.62,3.64,2.13707,88.7,NA,NA,51.53846153846154,6.763285024154589,NA,8.92,6917.81005859375
2026-02-04,17.2925,NA,7.4595,NA,68730.6875,77.220001220703125,6882.72,18.64,64.56,3.64,2.12688,90.36,NA,NA,52.307692307692314,5.4106280193236715,NA,8.925,6882.72021484375
2026-02-05,17.407,NA,7.2685,NA,68858.28125,76.83000183105469,6798.4,21.77,62.9,3.64,2.16472,91.53,NA,NA,54.61538461538462,6.086956521739131,7.07,8.91,6798.39990234375
2026-02-06,17.2988,NA,7.2685,NA,70809.5703125,79.87000274658203,6932.3,17.76,63.77,3.64,2.16154,89.86,NA,NA,53.84615384615385,5.4106280193236715,7.05,8.84,6932.2998046875
2026-02-07,NA,NA,NA,NA,NA,NA,NA,NA,NA,3.64,2.16154,NA,NA,NA,54.61538461538462,4.057971014492754,NA,NA,NA
2026-02-08,NA,NA,NA,NA,NA,NA,NA,NA,NA,3.64,2.16154,NA,NA,NA,43.84615384615385,4.057971014492754,NA,NA,NA
2026-02-09,17.1907,NA,7.2584,NA,71509.453125,80.66999816894531,6964.82,17.36,64.53,3.64,2.14415,86.53,NA,NA,46.15384615384615,7.4396135265700485,NA,8.84,6964.81982421875
2026-02-10,17.2315,6.88,7.2584,NA,71271.5625,80.4800033569336,6941.81,17.79,64.2,3.64,2.14132,86.7,NA,NA,44.61538461538462,6.086956521739131,6.89,8.78,6941.81005859375
2026-02-11,17.2155,NA,7.2584,NA,71601.3515625,80.69999694824219,6941.47,17.65,64.8,3.64,2.14811,87.71,NA,NA,43.84615384615385,6.086956521739131,6.91,8.78,6941.47021484375
2026-02-12,17.2,NA,7.2584,NA,70888.0390625,79.91999816894531,6832.76,20.82,63.08,3.64,2.1146,87.7,NA,NA,50.769230769230774,6.086956521739131,7,8.78,6832.759765625
2026-02-13,17.1798,NA,7.2584,NA,71478.8125,81.029998779296875,6836.17,20.6,63.05,3.64,2.18058,87.37,NA,NA,56.92307692307693,6.086956521739131,7.01,8.78,6836.169921875
2026-02-14,NA,NA,NA,NA,NA,NA,NA,NA,NA,3.64,2.18058,NA,NA,NA,51.53846153846154,3.3816425120772946,NA,NA,NA
2026-02-15,NA,NA,NA,NA,NA,NA,NA,NA,NA,3.64,2.18058,NA,NA,NA,47.69230769230769,2.028985507246377,NA,NA,NA
2026-02-16,17.1723,NA,7.2584,NA,71353.2890625,NA,NA,21.2,NA,3.64,2.18058,88.37,NA,NA,47.69230769230769,4.057971014492754,7,8.78,NA
2026-02-17,17.1753,6.84,7.2584,NA,71155.6875,80.76000213623047,6843.22,20.29,62.53,3.64,2.16671,88.2,NA,NA,43.07692307692308,3.3816425120772946,7,8.76,6843.22021484375
2026-02-18,17.1392,NA,7.2785,NA,70885.21875,80.1500015258789,6881.31,19.62,65.33,3.64,2.13714,86.53,NA,NA,44.61538461538462,5.4106280193236715,6.86,8.74,6881.31005859375
2026-02-19,17.27,NA,7.2584,NA,70845.65625,79.94000244140625,6861.89,20.23,66.66,3.64,2.15399,87.54,NA,NA,46.92307692307693,7.4396135265700485,NA,8.75,6861.89013671875
2026-02-20,17.1722,NA,7.2584,NA,71436.546875,81.2300033569336,6909.51,19.09,66.69,3.64,2.11976,86.87,NA,NA,54.61538461538462,4.734299516908212,6.99,8.76,6909.509765625
2026-02-21,NA,NA,NA,NA,NA,NA,NA,NA,NA,3.64,2.11976,NA,NA,NA,55.38461538461539,4.057971014492754,NA,NA,NA
2026-02-22,NA,NA,NA,NA,NA,NA,NA,NA,NA,3.64,2.11976,NA,NA,NA,46.15384615384615,2.7053140096618358,NA,NA,NA
2026-02-23,17.2162,NA,7.2785,NA,70633.7734375,79.54000091552734,6837.75,21.01,66.36,3.64,2.1469,86.71,NA,NA,61.53846153846154,4.734299516908212,7.07,8.77,6837.75
2026-02-24,17.191,6.83,7.3087,NA,70934.8203125,80.37000274658203,6890.07,19.55,65.62,3.64,2.15976,87.04,NA,NA,50,5.4106280193236715,6.84,8.75,6890.06982421875
2026-02-25,17.17,NA,7.3087,NA,71144.3515625,80.44999694824219,6946.13,17.93,65.3,3.64,2.14994,87.04,NA,NA,49.23076923076923,7.4396135265700485,6.89,8.73,6946.1298828125
2026-02-26,17.2563,NA,7.3589,NA,71390.1015625,80.660003662109375,6908.86,18.63,65.1,3.64,2.21048,87.04,NA,NA,45.38461538461539,6.763285024154589,NA,8.73,6908.85986328125
2026-02-27,17.2193,NA,7.3087,NA,71405.7734375,80.94000244140625,6878.88,19.86,66.96,3.64,2.26341,88.53,NA,NA,48.46153846153847,4.057971014492754,7.01,8.73,6878.8798828125
2026-02-28,NA,NA,NA,NA,NA,NA,NA,NA,NA,3.64,2.26341,NA,NA,NA,48.46153846153847,4.057971014492754,NA,NA,NA
2026-03-01,NA,NA,NA,NA,NA,NA,NA,NA,NA,3.64,2.26341,NA,55,5,47.029334500875656,2.805429864253394,NA,NA,NA
2026-03-02,17.3485,NA,7.3288,NA,70584.75,79.45999908447266,6881.62,21.44,71.13,3.64,2.25142,89.03,NA,NA,62.70577933450088,5.610859728506788,7.03,8.79,6881.6201171875
2026-03-03,17.7228,6.81,7.3992000000000004,NA,68436.2578125,75.37000274658203,6816.63,23.57,74.48,3.64,2.27782,92.69,NA,NA,61.959281961471106,5.610859728506788,NA,8.79,6816.6298828125
2026-03-04,17.5445,NA,7.3187,NA,70428.03125,77.910003662109375,6869.5,21.15,74.58,3.64,2.17528,88.19,NA,NA,68.67775831873905,4.909502262443439,6.85,8.79,6869.5
2026-03-05,17.677,NA,7.2584,NA,68379.421875,75.25,6830.71,23.75,80.88,3.64,2.19553,87.54,NA,NA,67.18476357267951,4.909502262443439,6.89,8.79,6830.7099609375
2026-03-06,17.7962,NA,7.2383,NA,67313.5,73.720001220703125,6740.02,29.49,90.77,3.64,2.23164,92.53,NA,NA,67.93126094570928,4.909502262443439,6.92,8.99,6740.02001953125
2026-03-07,NA,NA,NA,NA,NA,NA,NA,NA,NA,3.64,2.23164,NA,NA,NA,61.959281961471106,3.5067873303167425,NA,NA,NA
2026-03-08,NA,NA,NA,NA,NA,NA,NA,NA,NA,3.64,2.23164,NA,NA,NA,55.98730297723293,3.5067873303167425,NA,NA,NA
2026-03-09,17.7687,NA,7.1981,NA,66890.2734375,73.88999938964844,6795.99,25.5,94.65,3.64,2.27785,93.85,NA,NA,74.64973730297724,4.909502262443439,NA,9.03,6795.990234375
2026-03-10,17.5037,6.81,7.1679,NA,67397.9375,74.76000213623047,6781.48,24.93,83.71,3.64,2.15153,90.35,NA,NA,55.98730297723293,6.312217194570136,NA,9.03,6781.47998046875
2026-03-11,17.6543,NA,7.2282,NA,67559.78125,74.69000244140625,6775.8,24.23,86.8,3.64,2.13699,89.37,NA,NA,52.254816112084065,6.312217194570136,NA,9.03,6775.7998046875
2026-03-12,17.8368,NA,7.2282,NA,66085.8125,72.16999816894531,6672.62,27.29,95.61,3.64,2.19811,92.19,NA,NA,53.74781085814361,4.909502262443439,6.95,9.03,6672.6201171875
2026-03-13,17.9218,NA,7.2383,NA,65648.90625,71.529998779296875,6632.19,27.19,98.48,3.64,2.24321,96.68,NA,NA,70.1707530647986,6.312217194570136,6.99,9.21,6632.18994140625
2026-03-14,NA,NA,NA,NA,NA,NA,NA,NA,NA,3.64,2.24321,NA,NA,NA,52.254816112084065,4.208144796380091,NA,NA,NA
2026-03-15,NA,NA,NA,NA,NA,NA,NA,NA,NA,3.64,2.24321,NA,NA,NA,53.74781085814361,2.805429864253394,NA,NA,NA
2026-03-16,NA,NA,NA,NA,NA,73.160003662109375,6699.38,23.51,93.39,3.64,2.27693,99,NA,NA,55.24080560420315,2.1040723981900453,NA,9.45,6699.3798828125
2026-03-17,17.6922,6.81,7.2282,NA,66196.921875,73.37999725341797,6716.09,22.37,96.01,3.64,2.2658,98.17,NA,NA,52.254816112084065,5.610859728506788,6.82,9.45,6716.08984375
2026-03-18,17.669,NA,7.2785,NA,65779.2265625,72.37999725341797,6624.7,25.09,96.12,3.64,2.26251,96.84,NA,NA,45.53633975481611,4.909502262443439,NA,9.45,6624.7001953125
2026-03-19,17.8117,NA,7.2584,NA,65199.3984375,72.18000030517578,6606.49,24.06,96.11,3.64,2.29244,99.01,NA,NA,47.029334500875656,6.312217194570136,7.03,9.45,6606.490234375
2026-03-20,17.8998,NA,7.2584,NA,64134.8984375,69.87000274658203,6506.48,26.78,98.71,3.64,2.32406,108.01,NA,NA,47.77583187390543,6.312217194570136,7.01,9.32,6506.47998046875
2026-03-21,NA,NA,NA,NA,NA,NA,NA,NA,NA,3.64,2.32406,NA,NA,NA,50.76182136602452,3.5067873303167425,NA,NA,NA
2026-03-22,NA,NA,NA,NA,NA,NA,NA,NA,NA,3.64,2.32406,NA,NA,NA,41.05735551663748,2.805429864253394,NA,NA,NA
2026-03-23,17.778,NA,7.2886,NA,64370.94921875,71.0999984741211,6581,26.15,89.33,3.64,2.27868,106.64,NA,NA,50.76182136602452,7.013574660633485,NA,9.45,6581
2026-03-24,17.8047,6.81,7.2886,NA,65775.140625,72.45999908447266,6556.37,26.95,93.18,3.64,2.30212,106.65,NA,NA,48.52232924693521,6.312217194570136,7.09,9.45,6556.3701171875
2026-03-25,17.7548,NA,7.2886,NA,68187.6015625,75.160003662109375,6591.9,25.33,91.51,3.64,2.28765,104.14,NA,NA,47.77583187390543,7.013574660633485,6.83,9.45,6591.89990234375
2026-03-26,17.7957,NA,7.2785,NA,67061.34375,73.29000091552734,6477.16,27.44,96.18,3.64,2.29907,104.49,NA,NA,45.53633975481611,7.013574660633485,6.76,9.45,6477.16015625
2026-03-27,18.0667,NA,7.2685,NA,66685.7578125,72.11000061035156,6368.85,31.05,101.26,3.64,2.36413,108.64,NA,NA,48.52232924693521,7.013574660633485,6.67,9.16,6368.85009765625
2026-03-28,NA,NA,NA,NA,NA,NA,NA,NA,NA,3.64,2.36413,NA,NA,NA,58.22679509632224,4.208144796380091,NA,NA,NA
2026-03-29,NA,NA,NA,NA,NA,NA,NA,NA,NA,3.64,2.36413,NA,NA,NA,53.00131348511384,2.805429864253394,NA,NA,NA
2026-03-30,18.1033,6.64,7.0071,NA,67087.640625,72.76000213623047,6343.72,30.61,104.69,3.64,2.42683,111.97,NA,NA,53.00131348511384,5.610859728506788,6.66,9.16,6343.72021484375
2026-03-31,18.0033,NA,7.0272,NA,68610.71875,75.2300033569336,6528.52,25.25,102.86,3.64,2.33212,110.29,NA,NA,53.74781085814361,4.909502262443439,NA,9.16,6528.52001953125
2026-04-01,17.8117,NA,7.0574,8.88,69702.0234375,76.37000274658203,6575.32,24.54,101.9,3.64,2.26767,105.13,45,6,33.38651775029916,3.1764705882352944,6.77,9.16,6575.31982421875
2026-04-02,NA,NA,NA,NA,NA,76.11000061035156,6582.69,23.87,113.23,3.64,2.28287,104.99,NA,NA,40.38691663342641,1.5882352941176472,NA,9.16,6582.68994140625
2026-04-03,NA,NA,NA,NA,NA,NA,NA,NA,NA,3.64,2.25664,105.15,NA,NA,38.23294774631034,2.1176470588235294,NA,9.16,NA
2026-04-04,NA,NA,NA,NA,NA,NA,NA,NA,NA,3.64,2.25664,NA,NA,NA,32.30953330674113,2.1176470588235294,NA,NA,NA
2026-04-05,NA,NA,NA,NA,NA,NA,NA,NA,NA,3.64,2.25664,NA,NA,NA,32.30953330674113,2.1176470588235294,NA,NA,NA
2026-04-06,17.7932,NA,7.1981,NA,68986.6328125,76.19999694824219,6611.83,24.17,114.01,3.64,2.24568,104.65,NA,NA,39.84842441164739,5.294117647058823,NA,9.16,6611.830078125
2026-04-07,17.758,6.6,7.0574,NA,68529.21875,75.94000244140625,6616.85,25.78,114.58,3.64,2.24568,103.99,NA,NA,50.61826884722777,5.823529411764706,6.76,9.26,6616.85009765625
2026-04-08,17.4157,NA,7.0071,NA,70221.7578125,79.11000061035156,6782.81,21.04,96.17,3.64,2.16219,96.16,NA,NA,50.079776625448744,5.823529411764706,6.64,9.3,6782.81005859375
2026-04-09,17.3593,NA,7.0071,NA,70314.1875,79.43000030517578,6824.66,19.49,99.62,3.64,2.14411,89.19,NA,NA,46.84882329477463,10.058823529411764,6.69,9.3,6824.66015625
2026-04-10,17.3033,NA,6.9971,NA,70023.390625,79.51000213623047,6816.89,19.23,98.34,3.64,2.12813,90.69,NA,NA,51.6952532907858,7.9411764705882355,6.84,9.3,6816.89013671875
2026-04-11,NA,NA,NA,NA,NA,NA,NA,NA,NA,3.64,2.12813,NA,NA,NA,50.079776625448744,8.470588235294118,NA,NA,NA
2026-04-12,NA,NA,NA,NA,NA,NA,NA,NA,NA,3.64,2.12813,NA,NA,NA,50.079776625448744,5.294117647058823,NA,NA,NA
2026-04-13,17.347,NA,6.9971,NA,69595.1328125,79.30000305175781,6886.24,19.12,100.72,3.64,2.12729,89.53,NA,NA,53.84922217790188,7.9411764705882355,8.2,9.01,6886.240234375
2026-04-14,17.2688,6.6,6.9971,NA,68941.4609375,78.75,6967.38,18.36,93.07,3.64,2.0701,86.19,NA,NA,47.92580773833267,7.411764705882353,NA,9.01,6967.3798828125
2026-04-15,17.2623,NA,7.0071,NA,69634.7109375,79.43000030517578,7022.95,18.17,93.04,3.64,2.08154,86.04,NA,NA,44.15636218587954,9,NA,9.01,7022.9501953125
2026-04-16,17.2723,NA,7.0071,NA,69095.0234375,79.01000213623047,7041.28,17.94,96.46,3.64,2.06811,88.04,NA,NA,46.310331072995616,7.411764705882353,6.76,9.01,7041.27978515625
2026-04-17,17.2447,NA,7.0071,NA,69825.9375,79.45999908447266,7126.06,17.48,85.91,3.64,2.07576,85.62,NA,NA,52.23374551256482,8.470588235294118,6.82,8.872,7126.06005859375
2026-04-18,NA,NA,NA,NA,NA,NA,NA,NA,NA,3.64,2.07576,NA,NA,NA,49.54128440366973,4.764705882352941,NA,NA,NA
2026-04-19,NA,NA,NA,NA,NA,NA,NA,NA,NA,3.64,2.07576,NA,NA,NA,44.15636218587954,4.235294117647059,NA,NA,NA
2026-04-20,17.32,NA,7.0071,NA,70083.7265625,79.87999725341797,7109.14,18.87,91.06,3.64,2.06011,87.04,NA,NA,49.00279218189071,7.411764705882353,6.82,8.87,7109.14013671875
2026-04-21,17.3323,6.55,7.0071,NA,68809.171875,78,7064.01,19.5,93.64,3.64,2.06669,87.21,NA,NA,50.61826884722777,6.882352941176471,6.56,8.879,7064.009765625
2026-04-22,17.3287,NA,6.9971,NA,68836.921875,78.33000183105469,7137.9,18.92,94.76,3.64,2.04857,88.04,NA,NA,43.61786996410052,5.294117647058823,6.58,8.911,7137.89990234375
2026-04-23,17.3587,NA,7.0071,NA,68631.15625,77.61000061035156,7108.4,19.31,99.27,3.64,2.07789,88.2,NA,NA,39.84842441164739,10.588235294117647,6.63,8.923,7108.39990234375
2026-04-24,17.4052,NA,7.0172,NA,69230.5625,78.470001220703125,7165.08,18.71,98.42,3.64,2.1135,88.54,NA,NA,41.46390107698445,7.9411764705882355,6.65,9.067,7165.080078125
2026-04-25,NA,NA,NA,NA,NA,NA,NA,NA,NA,3.64,2.1135,NA,NA,NA,49.00279218189071,6.352941176470589,NA,NA,NA
2026-04-26,NA,NA,NA,NA,NA,NA,NA,NA,NA,3.64,2.1135,NA,NA,NA,40.925408855205426,2.6470588235294117,NA,NA,NA
2026-04-27,17.3838,NA,7.0272,NA,67992.359375,77.089996337890625,7173.91,18.02,99.89,3.64,2.07814,88.37,NA,NA,44.69485440765856,7.411764705882353,6.62,9.054,7173.91015625
2026-04-28,17.403,6.5,7.0071,NA,67269.2890625,76.279998779296875,7138.8,17.83,103.45,3.64,2.07836,89.53,NA,NA,42.54088552054248,5.294117647058823,6.62,9.079,7138.7998046875
2026-04-29,17.4948,NA,7.0172,NA,67097.0625,75.4000015258789,7135.95,18.81,110.47,3.64,2.04649,89.7,NA,NA,49.54128440366973,5.823529411764706,6.63,9.232,7135.9501953125
2026-04-30,17.5118,NA,7.0071,NA,67858.09375,76.44000244140625,7209.01,16.89,108.64,3.64,2.04362,NA,NA,NA,44.69485440765856,5.294117647058823,6.77,9.214,7209.009765625
2026-05-01,NA,NA,NA,NA,NA,76.660003662109375,7230.12,16.99,105.38,3.64,1.99606,87.03,39,6,44.59476439790576,4,NA,9.21,7230.1201171875
2026-05-02,NA,NA,NA,NA,NA,NA,NA,NA,NA,3.64,1.99606,NA,NA,NA,40.67434554973822,3.4285714285714284,NA,NA,NA
2026-05-03,NA,NA,NA,NA,NA,NA,NA,NA,NA,3.64,1.99606,NA,NA,NA,35.7738219895288,2.8571428571428568,NA,NA,NA
2026-05-04,17.5157,NA,7.0172,NA,67283.6015625,75.6500015258789,7200.75,18.29,109.76,3.64,2.0118,88.04,NA,NA,42.63455497382199,5.7142857142857135,6.7,9.231,7200.75
2026-05-05,17.3752,6.49,7.1277,NA,68590.5703125,77.55999755859375,7259.22,17.38,NA,3.64,1.9738,87.04,NA,NA,40.18429319371728,6.285714285714286,6.71,9.219,7259.22021484375
2026-05-06,17.253,NA,7.0172,NA,69855.2265625,79.5199966430664,7365.12,17.39,NA,3.64,1.97253,NA,NA,NA,37.73403141361257,6.285714285714286,NA,9.059,7365.1201171875
2026-05-07,17.24,NA,6.9971,NA,70019.453125,79.54000091552734,7337.11,17.08,NA,3.63,1.98137,85.04,NA,NA,37.24397905759162,8.571428571428571,6.53,9.019,7337.10986328125
2026-05-08,17.2105,NA,6.9971,NA,69855.578125,79.87000274658203,7398.93,17.19,NA,3.63,1.97405,85.88,NA,NA,39.204188481675395,8.571428571428571,6.57,9.072,7398.93017578125
2026-05-09,NA,NA,NA,NA,NA,NA,NA,NA,NA,NA,1.97405,NA,NA,NA,42.63455497382199,8,NA,NA,NA
2026-05-10,NA,NA,NA,NA,NA,NA,NA,NA,NA,NA,1.97405,NA,NA,NA,32.83350785340314,3.4285714285714284,NA,NA,NA
2026-05-11,17.1908,NA,6.7559,NA,70246.296875,80.220001220703125,7412.84,18.38,NA,NA,1.94823,85.21,NA,NA,35.28376963350786,6.285714285714286,NA,9.117,7412.83984375
